-0.095664 -0.391525 0.011403
-0.086935 -0.459828 0.064253
-0.279194 -0.152741 -0.038814
-0.258793 -0.152793 0.053345
-0.236586 -0.300309 0.009514
-0.243531 -0.205767 0.072736
-0.203567 -0.272240 0.073228
0.021899 -0.262867 0.043042
-0.141902 -0.458316 -0.029336
-0.185489 -0.432224 0.046987
-0.398292 -0.176583 -0.035037
-0.350271 -0.100821 0.037690
-0.258849 -0.174990 0.027559
-0.279037 -0.207157 -0.043563
-0.260610 -0.314248 -0.034018
-0.137366 -0.236430 0.075925
-0.255767 -0.227518 -0.031156
-0.193536 -0.167808 0.006420
-0.138473 -0.340103 0.018162
-0.166724 -0.287409 -0.045786
-0.041498 -0.383177 0.001380
-0.344553 -0.364519 0.026026
-0.129075 -0.383419 -0.060105
-0.122849 -0.281977 0.067841
-0.057822 -0.247132 -0.000609
-0.154727 -0.367261 -0.050252
-0.034947 -0.299749 -0.019487
-0.407447 -0.177609 0.002580
-0.085556 -0.388159 -0.046700
-0.070694 -0.436524 0.003108
-0.278220 -0.208616 0.034540
-0.058445 -0.228983 0.031753
-0.057879 -0.259286 -0.015687
-0.154585 -0.221595 -0.052380
-0.004482 -0.150143 0.036094
0.040658 -0.289127 0.005120
-0.166027 -0.399385 -0.061178
-0.194250 -0.225400 -0.045370
-0.215787 -0.203926 0.033034
-0.353718 -0.337935 0.043225
-0.123620 -0.262656 0.044577
-0.263900 -0.241770 -0.066158
-0.134416 -0.203631 0.015457
-0.202804 -0.317236 0.007683
-0.226852 -0.161647 -0.033031
-0.129020 -0.278228 0.014613
-0.393851 -0.086636 -0.032746
-0.115017 -0.244666 0.021283
-0.019242 -0.361883 0.002949
-0.166051 -0.193603 -0.005374
-0.004651 -0.315298 -0.021543
-0.159809 -0.146711 0.038621
-0.225462 -0.010391 0.031812
-0.208586 -0.159488 -0.010558
-0.143183 -0.238600 -0.010620
-0.056678 -0.445353 0.033358
-0.022164 -0.211485 0.027416
-0.119024 -0.298411 -0.014386
-0.270941 -0.245177 -0.030940
0.040186 -0.243866 0.030417
-0.027532 -0.297845 -0.023101
-0.076431 -0.126592 0.018391
-0.226705 -0.218119 -0.011452
-0.195788 -0.261832 -0.111947
-0.383640 -0.137046 -0.023699
-0.153906 -0.309165 -0.007861
-0.061877 -0.526948 -0.019748
-0.242401 -0.137025 0.067352
-0.226091 -0.266984 -0.044025
-0.324794 -0.213912 0.050794
-0.087799 -0.268026 0.093255
-0.059224 -0.317797 0.044040
-0.206661 -0.280156 -0.018597
-0.149176 -0.142351 0.074225
-0.128066 -0.215006 0.030308
-0.061674 -0.190622 -0.046845
-0.232500 -0.190420 -0.002681
-0.225903 -0.098446 -0.020273
-0.136235 -0.282680 -0.002703
-0.138815 -0.265412 -0.004226
-0.061334 -0.247243 0.014200
-0.027762 -0.235021 -0.007591
-0.257695 -0.407218 -0.040513
-0.298094 -0.229824 -0.049127
-0.190845 -0.110874 -0.097280
-0.150972 -0.093129 0.029199
-0.179324 -0.409392 0.032192
-0.092248 -0.232955 -0.045126
-0.113078 -0.261111 -0.013575
-0.213119 -0.277721 0.011338
-0.029259 -0.212154 0.060901
-0.070938 -0.253603 -0.018265
0.036544 -0.345735 -0.019991
-0.264717 -0.252315 -0.002107
-0.279418 -0.206944 -0.000248
-0.177445 -0.224899 -0.014009
-0.092118 -0.194994 0.017122
-0.109452 -0.373735 -0.016346
-0.198786 -0.280415 0.023258
-0.004568 -0.348114 0.033154
-0.015948 -0.387810 -0.095083
-0.068190 -0.319289 -0.067931
-0.005810 -0.226123 0.071902
-0.212780 -0.274948 -0.011342
-0.060512 -0.167359 -0.003116
-0.134799 -0.362297 0.039343
-0.355940 -0.201761 -0.025141
-0.094321 -0.378978 0.007898
-0.010525 -0.398732 0.027023
-0.167071 -0.231302 -0.030668
-0.062083 -0.402524 -0.019439
-0.227422 -0.381727 0.017462
-0.215684 -0.237162 0.060734
-0.386005 -0.192265 0.021920
0.033732 -0.403776 -0.009942
-0.220475 -0.297922 -0.113650
-0.125404 -0.305981 -0.020945
-0.068796 -0.406514 0.003545
-0.088526 -0.340389 0.029199
-0.207886 -0.302176 -0.000997
-0.077537 -0.200867 0.002460
-0.230078 -0.293416 -0.008706
-0.171180 -0.152292 -0.024534
-0.111792 -0.190253 0.038511
-0.230036 -0.236610 0.013206
-0.349130 -0.071947 -0.080415
-0.187600 -0.231102 -0.019580
-0.052457 -0.289674 0.007888
-0.230027 -0.440884 -0.052268
0.013864 -0.155310 0.021280
0.056524 -0.354336 -0.011904
-0.180319 -0.416207 0.028753
-0.263183 -0.102557 0.052814
-0.256648 -0.268499 0.038014
-0.060844 -0.287554 0.035042
0.025370 -0.536107 0.008377
-0.175006 -0.264683 -0.041966
-0.187311 -0.349903 0.045106
-0.436452 -0.054827 -0.019831
-0.072124 -0.218493 0.001751
-0.208348 -0.223623 0.044887
-0.130478 -0.241694 -0.021384
0.066255 -0.257553 -0.041347
-0.343351 -0.221306 0.052756
0.054066 -0.211590 -0.017863
-0.212068 -0.272979 0.039587
-0.278817 -0.343833 -0.017579
-0.000887 -0.200611 -0.027675
-0.154837 -0.176850 0.042965
-0.203907 0.002413 0.050703
0.034124 -0.435736 0.042100
-0.117585 -0.159514 -0.015775
-0.135704 -0.255468 -0.007308
-0.168076 -0.268232 -0.049165
-0.215633 -0.365407 -0.023885
-0.173008 -0.344838 -0.108346
-0.259927 -0.126103 0.012783
-0.223175 -0.304236 -0.015342
-0.159845 -0.376146 -0.102295
-0.109813 -0.157673 -0.022495
-0.370060 -0.106840 0.012516
0.041241 -0.326717 0.008413
-0.234373 -0.265513 -0.002020
-0.242277 -0.237915 -0.073859
-0.210076 -0.299163 0.019594
-0.095898 -0.219212 -0.040480
-0.207467 -0.328205 -0.083842
-0.052810 -0.222935 0.036427
-0.093126 -0.256910 -0.006887
-0.193993 -0.184781 -0.117725
-0.244854 -0.240053 -0.009715
-0.078469 -0.349540 0.011168
-0.112517 -0.265836 -0.036473
-0.081772 -0.161360 0.025084
-0.085435 -0.327606 -0.058898
-0.104643 -0.279276 -0.066360
-0.162841 -0.212152 -0.066646
-0.068678 -0.382863 0.029841
-0.176103 -0.286122 0.006691
-0.261078 -0.307258 -0.066034
-0.220453 -0.176767 -0.005090
-0.121742 -0.242924 -0.047018
-0.265580 -0.346606 -0.010775
-0.138645 -0.204316 -0.000577
-0.199702 -0.191621 -0.014723
-0.168941 -0.161867 0.016256
-0.315047 -0.281588 -0.009085
-0.353984 -0.219581 -0.042161
-0.035532 -0.317430 0.040350
-0.137207 -0.219366 0.065190
-0.092897 -0.077959 0.026329
-0.233389 -0.229412 0.018027
-0.102789 -0.166763 -0.007299
-0.031648 -0.251100 -0.046752
-0.219851 -0.223366 -0.017113
-0.105466 -0.296363 0.041984
0.013465 -0.413011 -0.027677
0.108587 -0.251005 -0.029195
-0.209588 -0.257746 -0.038747
-0.338133 -0.273278 0.010322
-0.163692 -0.366921 0.022891
-0.224335 -0.138508 -0.106970
-0.308419 0.004104 0.012208
-0.425065 -0.107688 0.041207
0.062206 -0.236364 -0.014210
-0.263013 -0.148683 -0.027100
-0.238578 -0.303202 -0.062716
-0.014111 -0.285289 0.045649
-0.292930 -0.375947 0.026255
-0.225322 -0.335884 0.001651
-0.130436 -0.341804 -0.032619
-0.202320 -0.357011 -0.011667
-0.069743 -0.277967 0.041814
-0.096858 -0.261520 -0.019010
-0.169579 -0.207302 -0.060880
-0.040022 -0.253625 0.053034
-0.278354 -0.230232 -0.021335
-0.064404 -0.270545 -0.040431
-0.317965 0.070796 0.040358
-0.036050 -0.329953 -0.041099
-0.001918 -0.261622 0.073917
-0.122540 -0.210128 0.026352
-0.202775 -0.291513 -0.076193
-0.234729 -0.274924 -0.069402
-0.293306 -0.329878 -0.008718
-0.282854 -0.234566 -0.029815
-0.102004 -0.142732 -0.008907
-0.230350 -0.278758 -0.002157
-0.191807 -0.126660 0.003856
-0.257200 -0.369390 -0.018389
-0.120566 -0.283540 -0.037409
-0.171211 -0.207529 -0.068509
-0.148383 -0.228624 -0.062979
-0.232732 -0.353682 0.012665
-0.170603 -0.120047 0.027955
-0.210092 -0.275238 0.014496
-0.031640 -0.339951 -0.032453
-0.125553 -0.197675 0.057341
-0.043226 -0.250798 0.006433
-0.042265 -0.294825 -0.032611
-0.347869 -0.202670 -0.003369
-0.174955 -0.339955 0.010398
-0.217463 -0.208757 -0.065642
-0.135403 -0.224261 0.028656
-0.242058 -0.137032 0.024679
-0.315343 -0.089028 0.074503
-0.086145 -0.310731 -0.002054
-0.132548 -0.192282 -0.018556
-0.146315 0.100493 -0.094652
-0.294499 0.163671 -0.234027
-0.209226 0.107191 -0.145757
-0.174630 0.144684 -0.083864
-0.115928 0.125467 -0.076439
-0.168993 0.138306 -0.158590
-0.291737 0.084509 -0.156870
-0.163183 0.090613 -0.156080
-0.060857 0.079242 -0.234188
-0.057660 0.093733 -0.157445
-0.052492 0.099913 -0.174756
-0.116327 0.149235 -0.110229
-0.212773 0.181304 -0.164379
-0.143605 0.122885 -0.184117
-0.128883 0.106114 -0.195853
-0.220357 0.118762 -0.195906
-0.126231 0.179858 -0.078802
-0.078619 0.097069 -0.136831
-0.117917 0.242623 -0.048586
-0.109624 0.094760 -0.110167
-0.108691 0.160939 -0.051018
-0.123072 0.096789 -0.154690
-0.167441 0.100998 -0.066745
-0.138905 0.222691 -0.011586
-0.118624 0.206168 0.039919
-0.062650 0.185674 -0.137369
-0.157889 0.137756 -0.183802
-0.185592 0.229368 -0.238617
-0.229852 0.108951 -0.210224
-0.084640 0.010128 -0.196404
-0.137836 0.042236 -0.102297
-0.153436 0.111021 -0.131203
-0.180163 0.039576 -0.034262
-0.221943 0.172657 -0.019119
-0.141109 0.145283 -0.099775
-0.276193 0.124036 -0.200407
-0.106204 0.215789 -0.141453
-0.118506 0.171441 -0.010585
-0.107715 0.136489 -0.081542
-0.297305 0.202562 -0.035523
-0.168349 0.128156 -0.114901
-0.235052 0.175720 -0.182721
-0.156584 0.104314 -0.032180
-0.163593 0.100817 -0.108459
-0.217372 0.240936 -0.031462
-0.106699 0.114300 -0.039689
-0.188677 0.108210 -0.169582
-0.189767 0.154000 -0.048508
-0.200749 0.124631 -0.189370
-0.239713 0.185895 -0.091250
-0.221263 0.235710 -0.207707
-0.101899 0.106834 -0.119877
-0.156092 0.158703 -0.156288
-0.174808 0.234865 -0.131453
-0.198983 0.104137 -0.053751
-0.163200 0.108790 -0.114316
-0.136133 0.098593 -0.091899
-0.167291 0.168490 -0.134819
-0.103560 0.115323 -0.062752
-0.179745 0.199487 -0.147009
-0.185770 0.146541 -0.110495
-0.078698 0.068894 -0.060679
-0.180976 0.020523 -0.104640
-0.170241 0.234258 -0.214556
-0.103311 0.232301 -0.110085
-0.216122 0.104026 -0.105667
-0.134228 0.193922 -0.021201
-0.052407 0.145120 -0.149072
-0.165104 0.204196 -0.195661
-0.136251 0.148863 -0.164669
-0.253787 0.132463 -0.112082
-0.161560 0.134408 -0.243764
-0.254674 0.203271 -0.152123
-0.270547 0.123983 -0.154497
-0.150945 0.187855 -0.135036
-0.067183 0.129097 -0.140529
-0.265859 0.118714 0.024418
-0.140171 0.226578 -0.059782
-0.120435 0.161653 -0.103194
-0.106929 0.076739 -0.096983
-0.175791 0.127343 -0.131602
-0.176729 0.132302 -0.110968
-0.051336 0.164490 -0.087579
-0.117908 0.086269 -0.038927
-0.119172 0.206705 -0.180706
-0.145641 0.170096 -0.150853
-0.132199 0.208387 -0.158137
-0.057642 0.147156 -0.137540
-0.165357 0.157117 -0.193433
-0.062032 0.200850 -0.143585
-0.263218 0.243541 -0.157250
-0.181638 0.128517 -0.096718
-0.143059 0.112731 -0.016147
-0.089959 0.130660 -0.114579
-0.217891 0.140807 -0.078505
-0.204576 0.178370 -0.080824
-0.187348 0.269056 -0.011610
-0.234929 0.227380 -0.162515
-0.223697 0.212626 -0.131350
-0.148559 0.228912 -0.183412
-0.235724 0.167619 -0.114963
-0.089301 0.126958 -0.221246
-0.126147 0.099040 -0.053015
-0.166444 0.166147 -0.157223
-0.201233 0.161376 -0.066197
-0.071854 0.203387 -0.183289
-0.193508 0.268737 -0.126852
-0.133000 0.135906 -0.125564
-0.199949 0.200931 -0.165935
-0.108491 0.072013 -0.057213
-0.221921 0.084771 -0.145425
-0.195778 0.057848 -0.229147
-0.213751 0.063734 -0.080671
-0.225387 0.133162 -0.140412
-0.247142 0.194057 -0.169920
-0.141470 0.125506 -0.192600
-0.227343 0.199203 -0.060581
-0.174028 0.120079 -0.117731
-0.212468 0.087806 -0.023569
-0.133639 0.150411 -0.143145
-0.070637 0.072007 -0.056687
-0.229039 0.134856 -0.189961
-0.182900 0.073556 -0.138591
-0.212484 0.064156 -0.073681
-0.083563 0.147700 -0.223865
-0.097843 0.186713 -0.236240
-0.222549 0.164175 -0.239316
-0.114724 0.038365 -0.142669
-0.249012 0.171790 -0.147016
-0.201321 0.158175 -0.098944
-0.156326 0.125577 -0.078129
-0.120096 0.215759 -0.160204
-0.192469 0.190057 -0.044652
-0.149598 0.140147 -0.076951
-0.145273 0.153205 -0.175002
-0.220673 0.109104 -0.123142
-0.154456 0.009351 -0.191830
-0.128702 0.030617 -0.077382
-0.143055 0.195047 0.013059
-0.188697 0.123594 -0.121081
-0.212877 0.141237 -0.110272
-0.084749 0.119662 -0.201009
-0.156393 0.106206 -0.055220
-0.137116 0.168298 -0.206661
-0.064152 -0.037758 -0.082975
-0.106374 0.100094 -0.185820
-0.231674 0.035078 -0.110534
-0.161948 0.255558 -0.014338
-0.117377 -0.033960 -0.206923
-0.260657 0.113875 -0.226704
-0.175362 0.123494 -0.186731
-0.051965 0.148112 -0.045864
-0.151965 0.174427 -0.073056
-0.118193 0.184877 -0.197168
-0.158832 0.189342 -0.134977
-0.223079 0.173767 -0.224039
-0.162854 0.210277 -0.045311
-0.145701 0.110421 -0.097958
-0.049329 0.224744 -0.188132
-0.144200 0.104827 -0.124402
-0.049637 0.160033 -0.107444
-0.146604 0.092886 -0.134963
-0.151501 0.191532 -0.154541
-0.123548 0.169987 -0.080064
-0.096592 0.130325 -0.102772
-0.067749 0.093597 -0.121379
-0.116040 0.118361 -0.155917
-0.196267 0.068768 -0.134614
-0.237423 0.180867 -0.128239
-0.128108 0.104418 -0.099178
-0.059335 0.137666 -0.176642
-0.214405 0.264674 -0.099019
-0.115067 0.168735 -0.075837
-0.141503 0.083306 -0.130795
-0.157550 0.216019 -0.093543
-0.203470 0.233800 -0.004255
-0.307722 0.071851 -0.085739
-0.120400 0.147862 -0.139245
-0.052763 0.099242 -0.054267
-0.212430 0.251365 -0.124725
-0.065482 0.110693 -0.107866
-0.212375 0.145030 -0.096204
-0.207635 0.165805 -0.134934
-0.222959 0.240371 -0.134262
-0.079963 0.039507 -0.100880
-0.200002 0.093017 -0.129617
-0.261349 0.112050 -0.149276
-0.193049 0.205445 -0.161977
-0.183063 0.073454 -0.101190
-0.163694 0.123226 -0.062725
-0.118627 0.185552 -0.112539
-0.088034 0.015901 -0.095661
-0.135893 0.064243 -0.189694
-0.208635 0.239865 -0.209945
-0.286740 0.176704 -0.044352
-0.105040 0.121286 -0.194533
-0.100776 0.156038 -0.134403
-0.109735 -0.027435 -0.160120
0.029942 0.072402 -0.062441
-0.144413 0.038358 -0.109897
-0.186918 0.115753 -0.120526
-0.140598 0.228701 -0.176006
-0.050497 0.274303 -0.195052
-0.180297 0.194809 -0.093246
-0.152650 0.236189 -0.122673
-0.189798 0.173602 -0.215190
-0.231603 0.153377 -0.134133
-0.088860 0.322929 -0.080536
-0.256091 0.198185 -0.178177
-0.214432 0.160997 -0.120512
-0.100243 0.166197 -0.171795
-0.030801 0.152202 -0.139048
-0.246889 0.172176 -0.220125
-0.126250 0.111634 -0.150192
-0.187633 0.106061 -0.139254
-0.198039 0.109622 -0.160159
-0.154314 0.167031 -0.136022
-0.123728 0.153980 -0.105410
-0.197440 0.162982 -0.122456
-0.084726 0.171327 -0.074775
-0.219422 0.181959 -0.083155
-0.295898 0.049129 -0.189824
-0.067937 0.127537 -0.119636
-0.121991 0.277777 -0.058797
-0.108444 0.130482 -0.172708
-0.147310 0.133831 -0.131278
-0.124696 0.173191 -0.178287
-0.187485 0.161190 -0.136452
-0.140156 0.224599 -0.194507
-0.119688 0.249906 -0.219088
-0.202631 0.164913 -0.150486
-0.149734 0.134250 -0.130645
-0.194622 0.214957 -0.174596
-0.288448 0.239337 -0.072925
-0.164368 0.053040 -0.219556
-0.119113 0.231710 -0.077497
-0.105904 0.072876 -0.107992
-0.027440 0.163253 -0.104355
-0.241683 0.237992 -0.133745
-0.142911 0.076541 -0.225242
-0.170687 0.076642 -0.132689
-0.161607 0.169994 -0.065121
-0.185053 0.158080 -0.106163
-0.226285 0.172184 -0.071652
-0.147606 0.117815 -0.161116
-0.208692 0.064358 -0.179041
-0.140831 0.043745 -0.110038
-0.159080 0.147668 -0.127216
-0.134488 0.205368 -0.197507
-0.061775 0.205656 -0.185301
-0.266477 0.183173 -0.192847
-0.160311 0.238895 -0.173032
-0.229752 0.130113 -0.130013
-0.016298 0.084719 -0.018688
-0.262015 0.014823 -0.093961
-0.134181 0.216914 -0.137645
-0.231226 0.106728 -0.102113
-0.197572 0.243554 -0.082000
-0.083277 0.112600 -0.060287
-0.088525 0.173198 -0.155993
-0.138188 0.063759 -0.023308
-0.098992 0.139358 -0.195124
-0.239074 0.054267 -0.265154
-0.067526 0.121945 -0.118132
-0.252950 0.084384 -0.099622
-0.122265 0.185090 -0.193991
-0.179549 0.032662 -0.120852
-0.147718 0.139511 -0.072380
-0.156869 0.019619 -0.093062
-0.168037 0.112795 -0.115019
-0.108676 0.128637 -0.158997
-0.139459 0.183170 -0.191502
-0.213485 0.083823 -0.147720
-0.190708 0.116882 -0.017379
-0.111048 0.063430 -0.077348
-0.240490 0.140398 -0.182089
-0.092557 0.022071 -0.125598
-0.136669 0.036093 -0.154920
-0.237346 0.187270 -0.158619
-0.060551 0.212150 -0.211847
-0.188689 0.123570 -0.136071
-0.117431 0.104168 -0.107707
-0.111140 0.033105 -0.194108
-0.220155 0.158168 -0.099850
-0.166937 0.117085 0.009063
-0.200800 0.169628 -0.122970
-0.268979 0.050716 -0.101594
-0.151552 0.120725 -0.147596
-0.113529 0.241031 -0.232974
-0.315345 0.104771 -0.168841
-0.170119 0.107022 -0.169935
-0.178907 0.152818 -0.103074
-0.086606 0.108258 -0.034541
-0.134963 0.181680 0.002156
-0.092702 0.151296 -0.208722
-0.207255 0.134835 -0.171874
-0.085211 0.086172 -0.136165
-0.083934 0.094316 -0.151076
-0.169408 0.112912 -0.183161
-0.133796 -0.001655 -0.147102
-0.148638 0.109183 -0.080519
-0.152062 0.103494 -0.144706
-0.228540 0.058936 0.012165
-0.279040 0.225394 -0.090703
-0.162710 0.183414 -0.112148
-0.090019 0.173610 -0.161704
-0.131424 0.268903 -0.106970
0.045137 0.152763 -0.151463
-0.235443 0.233835 -0.182756
-0.220522 0.140817 -0.249294
-0.191966 0.164762 -0.173767
-0.185123 0.071058 -0.184544
-0.128647 0.138359 -0.230011
-0.158427 0.111742 -0.041338
-0.202715 0.145517 -0.204947
-0.218118 0.195342 -0.235560
-0.182376 0.090327 -0.130479
-0.247046 0.129857 -0.145517
-0.123522 0.098485 -0.101306
-0.168768 0.294945 -0.177935
-0.083599 0.073424 -0.234691
-0.159790 0.166839 -0.254421
-0.124630 0.079030 -0.201903
-0.099615 0.185001 -0.147042
-0.151833 0.127869 -0.154399
-0.192386 0.110142 -0.157962
-0.265177 0.126716 -0.206494
-0.057789 0.191526 -0.100794
-0.133234 0.071730 -0.199261
-0.163308 0.074838 -0.164863
-0.127139 0.205921 0.037506
-0.051052 0.162196 -0.134254
-0.129963 0.129785 -0.061574
-0.070119 0.156104 -0.183450
-0.194289 0.156216 -0.053634
-0.129557 0.137752 -0.182728
-0.115022 0.144533 -0.133779
-0.130490 0.072982 -0.111042
-0.089979 0.219119 -0.082949
-0.166776 0.211888 -0.086993
-0.087397 0.081136 -0.100122
-0.145440 0.094617 -0.005434
-0.150156 0.170376 -0.104421
-0.150227 0.139102 -0.153208
-0.222522 0.173088 -0.202353
-0.106004 0.164673 -0.149009
-0.100427 0.176054 -0.060472
-0.147745 0.094651 -0.157823
-0.141287 0.179757 -0.084796
-0.075322 0.146996 -0.196109
-0.138423 0.185774 -0.131614
-0.184039 0.080402 -0.094900
-0.161231 0.193879 -0.113736
-0.201266 0.254411 -0.165220
-0.128086 0.000159 -0.110153
-0.164217 0.275239 -0.048203
-0.164307 0.101238 -0.114976
-0.170540 0.031622 -0.217378
-0.203196 0.109543 -0.147201
-0.114311 0.129017 -0.184688
-0.178370 0.118566 -0.130854
-0.116662 0.149384 -0.129849
-0.128336 0.293390 -0.146814
-0.199322 0.058112 -0.128572
-0.146952 0.309322 -0.132610
-0.182532 0.068330 -0.230843
-0.138597 0.125516 -0.149054
-0.243814 0.230241 -0.061831
-0.252170 0.145920 -0.141414
-0.104761 0.122519 -0.063846
-0.224988 0.101873 -0.183991
-0.131461 0.054614 -0.150009
-0.251594 0.125322 -0.143182
-0.154968 0.130052 -0.088557
-0.218344 0.025610 -0.197357
-0.057815 0.138380 -0.118641
-0.018364 0.071555 -0.088859
-0.144837 0.110501 -0.196240
-0.260607 0.090525 -0.182267
-0.279706 0.219239 -0.079773
-0.142346 0.262356 -0.148161
-0.201370 0.183216 -0.162958
-0.182830 0.228130 -0.160362
-0.155256 0.169922 -0.136579
-0.186425 0.143868 -0.196258
-0.075035 0.131613 -0.087848
-0.100360 0.166928 -0.146119
-0.103559 0.056184 -0.087745
-0.132907 0.100774 -0.023650
-0.166515 0.043288 -0.133544
-0.201084 0.159597 -0.065926
-0.084891 0.187325 -0.188536
-0.020746 0.157939 -0.064417
-0.092483 0.096356 -0.133520
-0.118810 0.138667 -0.065876
-0.186388 0.151325 -0.209424
-0.216906 0.137966 -0.140692
-0.166487 0.086034 -0.095352
0.002770 -0.042391 -0.133905
-0.206558 0.188953 -0.088292
-0.111776 0.177055 -0.125149
-0.199573 0.182806 -0.166933
-0.195586 0.161891 -0.153488
-0.291095 0.130905 -0.153567
-0.229966 0.070226 -0.074225
-0.141561 0.230334 -0.132960
-0.121570 0.119435 -0.092539
-0.171012 0.181340 -0.064303
-0.064381 0.014058 -0.175329
-0.157603 0.208538 -0.088931
-0.143801 0.121353 -0.183974
-0.148263 0.109513 -0.081417
-0.315743 0.264181 -0.171709
-0.025137 0.134360 -0.086969
-0.151110 0.014897 -0.125355
-0.275345 0.128610 -0.181789
-0.187539 0.170318 -0.116730
-0.183248 0.172389 -0.117235
-0.266532 0.182924 -0.171408
-0.095366 0.182851 -0.174553
-0.096256 0.211050 -0.164547
-0.246659 0.085372 -0.267291
-0.217454 0.219106 -0.177261
-0.153789 0.066857 -0.214418
-0.151127 0.211042 -0.105942
-0.231506 0.209775 -0.157223
-0.177510 0.212432 -0.059076
-0.259244 0.179976 -0.183320
-0.150890 0.169618 -0.024041
-0.176261 0.186043 -0.249760
0.015687 0.071313 -0.038953
-0.202630 0.236200 -0.140683
-0.213635 0.187895 -0.176671
-0.059681 0.147183 -0.057369
-0.149630 0.125789 -0.125876
-0.144756 0.202297 -0.158709
-0.199573 0.255563 -0.193589
-0.171109 0.105746 -0.063705
-0.109055 0.137085 -0.123432
-0.139677 0.194037 -0.157001
0.006864 0.105099 -0.049506
-0.179375 0.152438 -0.213210
-0.060317 0.055205 -0.169353
-0.165345 0.164977 -0.241576
-0.065002 0.125904 -0.131093
-0.038175 0.111931 -0.109337
-0.170686 0.058078 -0.111517
-0.076667 0.105046 -0.138952
-0.182309 0.089046 -0.114568
-0.247991 0.209135 -0.247181
-0.259438 0.135306 -0.108511
-0.128118 0.113843 -0.037638
-0.026578 0.077754 -0.143531
-0.103842 0.163113 -0.029112
-0.085296 0.160502 -0.165281
-0.192922 0.161784 -0.066107
-0.104855 0.222969 -0.162586
-0.218962 0.234225 -0.069780
-0.108415 0.057642 -0.142776
-0.172792 0.065451 -0.128944
-0.227380 0.160618 -0.120206
-0.117185 0.118328 -0.078424
-0.163230 0.018772 -0.155488
-0.050051 0.152466 -0.217021
0.062540 -0.018459 -0.019491
0.202486 -0.104631 -0.030598
0.143113 -0.011088 -0.022452
0.148192 -0.080799 -0.018042
0.247026 0.022550 0.033736
0.234326 0.056795 0.042432
0.286761 -0.075745 0.007559
0.170733 -0.003629 0.008856
0.307411 -0.066183 0.051816
0.132068 0.067702 -0.036977
0.202955 -0.058076 -0.004196
0.223604 -0.063357 0.037118
0.207579 -0.071963 -0.082909
0.258601 -0.020838 -0.015932
0.164113 -0.081982 0.015048
0.237685 0.039967 0.015601
0.320846 -0.071194 -0.003618
0.274030 -0.051105 0.000705
0.192894 -0.029146 0.011725
0.122421 -0.054419 0.029562
0.189804 -0.112788 0.018464
0.231453 0.018845 0.004702
0.285797 0.010684 0.007290
0.235906 0.010578 -0.002688
0.185946 -0.023439 -0.014097
0.128705 -0.047970 -0.009991
0.012694 -0.034879 0.030253
0.234027 0.031277 -0.027463
0.209596 -0.008863 0.041011
0.198109 -0.056578 -0.002423
0.220051 -0.035361 0.053979
0.244637 -0.074256 -0.032227
0.223076 -0.034786 0.009614
0.085000 -0.027271 -0.031402
0.144449 -0.013481 0.004380
0.202360 0.062117 0.012658
0.145338 -0.075984 0.055868
0.274614 -0.062127 0.014173
0.219225 -0.053889 0.015515
0.277900 -0.049900 -0.028525
0.241134 0.051498 -0.017570
0.203870 -0.061136 -0.000658
0.299174 -0.080548 -0.001693
0.152355 -0.078483 0.044001
0.049908 -0.023900 0.004627
0.266380 -0.089783 -0.036417
0.318383 -0.080068 -0.014138
0.135187 -0.052481 -0.054757
0.387410 0.012392 0.002614
0.280399 -0.006105 -0.046809
0.178456 -0.037818 -0.017268
0.086866 -0.102586 0.015515
0.321254 0.015807 0.013419
0.235735 -0.010727 0.027692
0.151476 -0.096929 -0.014872
0.091929 -0.001046 0.043166
0.185904 0.007914 -0.054969
0.211871 -0.021143 0.026029
0.198395 -0.011748 0.032501
0.207265 -0.005391 0.016485
0.224611 -0.067790 -0.019133
0.206373 -0.041918 -0.013054
0.189389 -0.073328 0.012389
0.156633 -0.000181 0.024029
0.140986 -0.081450 -0.025006
0.201948 -0.065617 -0.020120
0.201119 -0.127406 0.063285
0.100511 -0.076743 -0.035484
0.155299 -0.015109 -0.036846
0.227065 -0.041100 -0.018112
0.228121 -0.073967 0.004822
0.174012 -0.038811 -0.023575
0.288320 -0.053206 -0.015036
0.336069 -0.020963 -0.033356
0.138940 -0.056704 0.013526
0.236288 -0.071199 0.010577
0.220010 -0.011744 0.027130
0.222903 -0.049054 0.032598
0.049581 -0.108988 0.025494
0.300104 -0.004479 -0.017204
0.073201 0.006082 0.006897
0.184836 0.013078 0.009330
0.163542 0.030359 0.035329
0.340282 -0.009892 0.032571
0.276161 -0.055225 -0.040556
0.202521 0.079384 -0.030990
0.302058 -0.018617 -0.012571
0.237714 -0.075393 -0.027916
0.141538 -0.111634 0.003422
0.254972 0.024873 -0.024175
0.138921 -0.038356 0.027178
0.134611 -0.037782 0.012227
0.054909 -0.097845 -0.013169
0.117468 -0.058521 0.033515
0.145619 0.015187 -0.055758
0.146113 -0.125945 -0.025415
0.205109 0.017768 0.035200
0.359856 0.071281 0.012036
0.197550 -0.010377 -0.011672
0.153693 -0.012376 -0.038178
0.255409 -0.080320 -0.015773
0.289010 -0.042242 0.017123
0.095342 -0.040769 -0.024944
0.155021 -0.067880 -0.002971
0.193141 -0.046471 -0.003530
0.175530 0.016639 -0.040036
0.248768 -0.067358 0.008845
0.117228 -0.022090 -0.040339
0.107511 -0.028219 0.037269
0.143274 -0.139518 -0.007369
0.124533 -0.075077 -0.020076
0.207007 0.036718 -0.052489
0.179231 -0.071638 0.019382
0.164765 -0.075370 -0.020190
0.208082 -0.070245 0.013496
0.203768 -0.100038 -0.041140
0.227512 -0.020481 0.025080
0.192457 0.028936 0.013376
0.110550 -0.066166 0.016966
0.326110 0.005571 0.016178
0.194274 -0.060304 -0.041483
0.199229 0.033204 -0.065559
0.167321 -0.073870 0.006579
0.195224 0.043979 0.028846
0.188803 -0.129283 0.030710
0.333536 -0.077611 -0.041832
0.245401 -0.023482 -0.003564
0.164974 0.017122 -0.040314
0.147316 -0.030933 0.002801
0.348562 -0.031947 -0.026342
0.255304 -0.082380 -0.034006
0.269011 -0.020115 0.014363
0.250044 -0.095716 0.047672
0.254657 -0.024636 -0.025227
0.309905 -0.052836 0.025202
0.047181 0.017599 0.036405
0.093435 -0.038797 0.015361
0.123456 -0.127630 0.014199
0.196282 0.009153 0.007253
0.117205 -0.043075 -0.028203
0.184110 -0.026680 0.006496
0.307817 -0.065055 0.021014
0.160000 -0.033346 -0.060230
0.190299 -0.086359 -0.027964
0.335794 0.036611 0.010307
0.161946 -0.076016 -0.003134
0.298900 0.002929 0.026354
0.178689 -0.064708 0.012699
0.204008 -0.024151 0.057903
0.160646 -0.025601 0.012000
0.178408 0.073747 0.016338
0.060518 0.011362 0.040650
0.207377 -0.047884 0.033355
0.240371 -0.097639 -0.037809
0.253796 -0.006401 0.020446
0.218140 0.040083 -0.009643
0.245341 -0.072037 -0.010403
0.185858 -0.013019 0.011635
0.204936 -0.051975 -0.083902
0.182768 -0.053710 -0.007758
0.139955 -0.066856 0.039635
0.188662 0.059218 -0.077051
0.305324 -0.036492 -0.003815
0.172517 -0.002480 -0.026409
0.149536 -0.064299 -0.010161
0.191955 -0.053113 0.014979
0.274788 -0.002418 -0.039722
0.224621 -0.074534 0.017624
0.267930 -0.061873 0.003648
0.228832 0.034078 -0.007905
0.146515 0.074598 -0.017958
0.027429 -0.059701 0.003274
0.244676 -0.002381 -0.003731
0.075386 -0.052297 -0.031964
0.105443 -0.014347 0.050143
0.232931 0.014297 0.003847
0.117829 -0.081484 0.002778
0.263802 -0.013083 -0.064960
0.255873 -0.027130 0.012244
0.215162 -0.031994 -0.013777
0.137853 0.013575 0.022757
0.049466 -0.051332 -0.021575
0.227215 -0.095424 -0.035378
0.262126 0.019987 -0.042093
0.262746 -0.074607 0.036361
0.239318 -0.045185 0.024112
0.186350 0.012663 -0.049921
0.116606 -0.054469 0.015489
0.268760 -0.047858 0.020729
0.168687 0.004834 0.029311
0.297047 -0.082880 0.036716
0.079338 -0.012744 -0.036870
0.134994 0.003276 -0.002477
0.214768 0.010168 0.008184
0.289635 -0.067465 -0.029393
0.314188 -0.035835 0.015242
0.149277 -0.073795 -0.077078
0.260988 -0.040576 0.048861
0.130803 -0.125069 -0.017784
0.173366 0.021109 -0.016309
0.244693 -0.004789 -0.013604
0.189763 -0.034170 0.015733
0.181525 -0.016552 -0.019010
0.212961 -0.011953 0.014100
0.126454 -0.094183 -0.027347
0.159405 0.036763 0.007874
0.112377 -0.022126 0.030496
0.273891 0.006734 -0.004911
0.118454 -0.010279 -0.018493
0.260035 -0.045473 0.040234
0.138985 -0.065833 -0.008793
0.229391 -0.068491 -0.000911
0.201162 -0.078329 -0.006682
0.248477 -0.080626 0.003448
0.266902 0.018236 0.002051
0.024142 -0.007506 -0.017115
0.082579 -0.027250 -0.050826
0.299991 -0.097976 0.023866
0.131966 -0.028752 -0.026474
0.206355 -0.041455 -0.027926
0.153087 0.029863 -0.014719
0.208190 -0.001770 -0.072582
0.158881 0.005993 0.039078
0.215960 -0.007815 0.001289
0.115368 -0.001906 0.028241
0.083985 -0.076710 0.048810
0.093493 -0.102960 0.048951
0.178189 -0.013466 -0.074859
0.286362 -0.015652 -0.011953
0.204684 0.014072 -0.053519
0.200777 -0.025170 -0.027460
0.245818 0.010245 -0.014028
0.248954 -0.097806 0.008993
0.261551 -0.023467 -0.037943
0.114121 -0.097628 0.038052
0.272893 -0.032697 -0.012519
0.152796 0.017230 -0.025415
0.219156 -0.041735 0.021455
0.211953 -0.066503 0.025955
0.209182 0.026254 -0.040101
0.150385 -0.009606 -0.058035
0.147376 -0.039104 -0.047599
0.104147 -0.071040 0.001543
0.284804 0.031465 -0.010706
0.313418 -0.059549 -0.043206
0.178658 -0.018302 0.020478
0.258116 -0.050779 -0.044256
0.133315 -0.025112 0.012614
0.283711 -0.061719 0.011086
0.163895 -0.047936 -0.008170
0.102451 -0.022705 -0.027738
0.196958 0.012728 -0.017443
0.203747 -0.015204 0.004616
0.049093 -0.055005 0.029705
0.228002 -0.006401 -0.013487
0.134601 0.073896 -0.038628
0.182022 -0.020695 0.060825
0.160976 -0.000786 -0.053660
0.217135 0.029937 0.012445
0.176604 -0.047196 0.064882
0.256752 -0.027629 -0.038995
0.192469 -0.111659 0.018426
0.199056 -0.047116 -0.039899
0.218367 -0.038778 0.002327
0.299128 -0.053929 0.010417
0.218580 -0.035928 -0.048411
0.296630 -0.045001 -0.020169
0.189662 -0.074942 -0.006280
0.392364 -0.034770 -0.012087
0.206615 -0.079619 -0.050722
0.170214 -0.110464 -0.020394
0.154452 -0.079458 0.005262
0.240363 -0.000073 0.022587
0.150574 0.006054 -0.041233
0.278763 -0.119054 0.000332
0.019944 -0.053494 0.008698
0.167196 -0.082447 -0.032014
0.036528 -0.022692 -0.028208
0.167302 -0.087072 -0.033231
0.151715 0.003038 -0.019678
0.224771 -0.073324 -0.035395
0.178010 -0.016670 -0.029487
0.281080 0.020842 -0.053023
0.126637 -0.018837 0.001507
0.109323 0.029291 -0.035268
0.176406 0.056530 -0.022647
0.256307 -0.052757 -0.013231
0.045378 -0.074309 -0.031578
0.216287 -0.015068 0.104395
0.299775 -0.049539 -0.065341
0.187307 -0.127744 -0.012607
0.111809 -0.027288 -0.017263
0.210149 -0.005846 -0.021873
0.282873 -0.111829 -0.010146
0.170327 0.011320 0.032551
0.211637 -0.031199 -0.059752
0.159022 -0.122058 -0.028180
0.225485 0.021226 0.002046
0.183959 -0.067565 0.016631
0.248400 -0.047209 -0.010433
0.265831 -0.027635 0.121754
0.023009 -0.032209 0.049871
0.195316 -0.032477 -0.063983
0.260705 0.002274 0.002661
0.191083 -0.005423 -0.021158
0.205655 0.033489 -0.022476
0.220564 0.026549 -0.012907
0.247846 -0.096902 -0.006576
0.202682 -0.054687 0.016964
0.316235 -0.020788 -0.027982
0.201806 -0.007431 0.003031
0.262265 -0.008920 -0.019406
0.111866 -0.048108 0.008563
0.211284 -0.015002 0.016373
0.133838 -0.031080 0.033441
0.102294 0.052468 0.007938
0.191804 -0.051878 0.034528
0.258815 0.044290 0.033601
0.263176 -0.002551 0.005943
0.242811 0.042801 -0.001076
0.245548 -0.065589 -0.015763
0.239331 -0.024416 0.033005
0.125483 0.025057 0.085002
0.215435 0.022880 0.026062
0.211220 -0.139844 0.028469
0.200744 -0.110915 0.027588
0.276992 -0.081209 -0.014959
0.196814 -0.040845 -0.029480
0.286227 -0.056570 -0.043219
0.376281 0.000245 0.012698
0.206996 -0.096469 0.006101
0.247330 -0.015223 -0.046689
0.116254 0.036950 -0.034601
0.203078 -0.035211 -0.049421
0.253835 -0.048362 0.036405
0.166718 -0.032363 -0.052292
0.232709 -0.060157 0.034603
0.125520 -0.036746 0.035386
-0.014064 0.003672 -0.031978
0.081131 -0.040492 -0.000583
0.164495 -0.000922 -0.036193
0.244630 -0.098145 -0.044813
0.156152 -0.004856 -0.014489
0.135224 -0.072541 0.008879
0.320280 -0.115314 0.045382
0.182449 -0.032376 0.055786
0.122896 -0.029467 -0.012773
0.201044 -0.091180 0.033243
0.304317 -0.060474 0.029423
0.299692 -0.039142 -0.055746
0.185988 0.068826 -0.025999
0.234506 0.000645 0.045085
0.153641 -0.012958 -0.032920
0.208885 0.017138 0.028753
0.045027 -0.079125 0.006461
0.201756 -0.012753 0.054001
0.229334 -0.112819 -0.035076
0.215050 0.050041 0.002077
0.277157 -0.118810 0.015660
0.152224 -0.046623 -0.037270
0.177747 -0.123463 0.000409
0.267627 0.054053 -0.024663
0.314282 -0.078969 0.027446
0.252314 -0.066714 -0.017824
0.193276 -0.052254 -0.015368
0.163870 0.050732 -0.000530
0.198570 0.065682 -0.061728
0.322621 -0.059282 0.006148
0.172656 0.033400 0.032794
0.120717 0.008016 0.033304
0.213338 0.051888 -0.055376
0.137418 -0.025543 0.025062
0.194541 -0.045326 0.066697
0.091012 -0.007790 0.007301
0.153401 -0.069419 0.000544
0.226150 -0.035137 -0.016127
0.067499 -0.089677 -0.009878
0.159169 -0.023194 0.035529
0.113473 -0.057697 0.024910
0.140294 -0.088876 0.015410
0.181975 -0.005836 -0.052839
0.193904 0.002912 -0.000512
0.108738 -0.038926 -0.016825
0.253419 0.035309 0.040934
0.321382 0.005480 -0.073426
0.214088 -0.017901 -0.014394
0.197359 0.006022 -0.031672
0.060248 -0.011001 0.023676
0.245831 -0.114146 0.050060
0.176087 0.021328 -0.000517
0.187314 -0.045871 -0.032768
0.299151 -0.045997 0.000963
0.189319 -0.085089 -0.047708
0.119905 0.005753 -0.016966
0.250864 -0.041776 -0.061003
0.231178 -0.008865 0.039220
0.178200 -0.067247 -0.000983
0.264323 -0.081848 -0.025786
0.226992 -0.043298 0.029732
0.202181 -0.108802 -0.017906
0.141553 -0.030540 0.046584
0.178096 0.060279 0.030676
0.196450 -0.005620 0.036982
0.213516 -0.064557 -0.024970
0.247180 -0.125600 -0.023310
0.234545 0.050008 0.049641
0.160678 -0.043277 0.029054
0.286798 -0.010892 -0.002761
0.298611 -0.102586 0.002017
0.213680 -0.046633 -0.024880
0.179657 -0.201464 0.021370
0.072297 -0.011655 -0.029133
0.172829 0.031675 -0.077480
0.136070 -0.062241 0.024373
0.184401 -0.130767 -0.002327
0.236330 0.112682 -0.005478
0.129971 -0.030524 0.032775
0.025506 -0.017249 0.033331
0.301801 -0.088860 0.004396
0.206740 -0.026231 -0.006439
0.212267 -0.044309 -0.006456
0.272801 -0.057882 -0.018535
0.115362 -0.028631 0.000448
0.339012 0.022942 0.030734
0.244287 -0.009692 -0.009801
0.090985 -0.046871 0.038160
0.210103 -0.045673 -0.039418
0.105822 -0.035315 -0.002283
0.163390 -0.103802 -0.007545
0.072779 0.013624 0.007863
0.047385 -0.003272 0.001973
0.129059 -0.025239 -0.051395
0.264140 -0.064521 0.029411
0.131834 -0.087495 0.000471
0.178403 0.042055 0.006428
0.147259 -0.002515 0.017168
0.318664 -0.075584 0.012078
0.035212 -0.095605 0.044234
0.131495 -0.063758 -0.040228
0.211796 -0.125412 -0.045603
0.224459 0.036055 0.043989
0.228079 -0.111436 -0.012160
0.223153 -0.097157 0.030687
0.383517 -0.063274 0.022980
0.176741 -0.000509 -0.001864
0.218654 -0.045217 -0.007178
0.233993 -0.042788 0.025311
0.170614 -0.005159 0.007950
0.109595 -0.107878 0.036758
0.155103 0.016700 -0.047425
0.208441 0.034618 -0.027945
0.203866 -0.010431 -0.012374
0.284257 -0.048062 0.032879
0.226093 -0.068811 0.085283
0.195506 -0.065643 0.005513
0.125375 0.053104 -0.039128
0.178226 -0.076589 0.003226
0.311936 0.001484 -0.024950
0.164682 0.004623 -0.024985
0.110330 -0.096258 -0.015386
0.163730 0.060440 0.001827
0.104060 -0.055799 -0.000023
0.219730 -0.002972 -0.007396
0.297751 -0.116863 0.020984
0.199097 -0.003370 -0.004411
0.131929 -0.081549 -0.030902
0.254958 -0.137726 0.038749
0.139260 -0.023884 0.026438
0.278463 -0.112620 0.001203
0.132573 -0.063030 -0.006602
0.199662 -0.093317 0.032828
0.321554 0.043776 -0.030556
0.256501 0.019070 0.007433
0.220005 -0.093091 0.046971
0.188992 -0.116349 0.001019
0.220687 -0.037259 0.029414
0.306223 -0.027794 0.010561
0.164809 -0.013933 0.012897
0.169024 -0.001884 0.066912
0.160088 -0.016334 -0.021114
0.114515 -0.033553 0.078053
0.224226 0.026303 -0.003126
0.182505 0.070973 -0.014207
0.218062 -0.016923 -0.021552
0.285497 -0.075188 -0.017048
0.265664 0.000492 -0.015739
0.182019 -0.066754 -0.031606
0.230180 0.028711 -0.110752
0.175730 -0.107391 0.016423
0.227457 -0.040621 -0.038201
0.200736 -0.013462 -0.029181
0.154717 -0.158898 0.053720
0.193090 -0.076539 0.027029
0.236595 -0.068158 -0.045853
0.247922 -0.047931 -0.013196
0.063626 -0.060447 -0.016371
0.224565 -0.044874 -0.034353
0.150131 0.036371 0.015654
0.202153 -0.055130 -0.033287
0.168272 -0.151744 -0.014072
0.164001 -0.106022 0.023774
0.162597 0.016678 -0.044425
0.187573 -0.010569 -0.002882
0.176712 0.000751 0.013014
0.059804 0.021295 -0.021183
0.192559 -0.090615 -0.038254
0.271502 0.069424 -0.016190
0.139253 -0.083597 0.009690
0.231841 -0.069863 0.006744
0.329302 0.022346 0.048830
0.169551 0.035684 0.022452
0.114811 -0.008463 0.016951
0.455296 -0.091567 0.043810
-0.026036 0.271093 0.167787
0.057219 0.184084 0.154856
-0.018662 0.002874 0.187738
-0.055362 0.234702 0.076274
-0.111971 0.125784 0.224581
-0.077654 0.172391 0.127609
-0.075581 0.231406 0.208055
0.035921 0.090855 0.248994
-0.174663 0.233562 0.176751
-0.064312 0.277971 0.139795
-0.048229 0.305480 0.169252
-0.019460 0.378062 0.240067
-0.087166 0.277620 0.163183
-0.020820 0.100593 0.159914
-0.092054 0.200557 0.056828
0.096931 0.194223 0.178164
-0.012461 0.172989 0.113018
-0.090096 0.171227 0.125080
0.040579 0.160107 0.266768
-0.012811 0.226802 0.157700
0.028042 0.164997 0.099302
-0.081376 0.287571 0.069282
-0.017761 0.214397 0.269054
-0.183701 0.115010 0.063589
-0.073277 0.191572 0.214524
-0.030864 0.196930 0.069111
-0.078642 0.206877 0.140102
-0.047724 0.165835 0.193639
-0.142120 0.301375 0.215407
-0.008297 0.278514 0.185691
-0.153196 0.214342 0.133344
0.042120 0.099071 0.243834
0.129575 -0.011858 0.306332
-0.049683 0.123461 0.141384
-0.135145 0.103121 0.097426
-0.131833 0.151909 0.218997
-0.100333 0.206563 0.081973
-0.131669 0.010624 0.086481
-0.081659 0.192887 0.202683
0.103678 0.258642 0.116754
-0.026547 0.243883 0.048706
-0.042451 0.048789 0.192446
-0.010827 0.116303 0.234043
-0.045301 0.285424 0.110019
-0.027721 0.250389 0.177755
0.042611 0.113206 0.140902
-0.053293 0.013238 0.202122
-0.082601 0.249188 0.114018
0.042568 0.033291 0.164469
-0.011015 0.148446 0.070506
-0.135389 0.170518 0.198699
-0.041862 0.130499 0.228671
0.047558 0.178557 0.042674
-0.024757 0.123675 0.064586
0.006995 0.192126 0.100126
0.085985 0.138783 0.264036
-0.030850 0.196960 0.228252
0.018830 0.142180 0.080280
0.087013 0.016385 0.173163
-0.120039 0.155498 0.209854
-0.076552 0.210134 0.166608
-0.130628 0.088608 0.127972
-0.048223 0.237152 0.200925
0.007597 0.214570 0.122049
-0.068789 0.184537 0.086006
-0.063218 0.214206 0.109135
0.045241 0.166102 0.085688
-0.075975 0.169293 0.119389
0.037767 0.229030 0.102181
0.071440 0.157578 0.228227
0.069462 0.145028 0.257398
-0.124444 0.237775 0.235790
-0.176501 0.152799 0.178153
-0.100326 0.094619 0.085269
-0.097588 0.250169 0.207838
0.048107 0.130078 0.304456
-0.123868 0.193053 0.282645
-0.024857 0.137484 0.105582
-0.059132 0.218541 0.048525
-0.047902 0.147745 0.116100
-0.060633 0.237330 0.274239
-0.047495 0.017051 0.142827
-0.093612 0.005114 0.212609
-0.061293 0.325590 0.178198
0.107160 0.138608 0.267286
-0.038353 0.194726 0.114878
-0.101250 0.306918 0.046512
-0.000749 0.140115 0.105489
0.015345 0.050761 0.075728
-0.070788 0.185635 0.170826
0.014363 0.020612 0.251985
-0.038384 0.045145 0.135175
-0.086164 0.043118 0.262784
-0.014934 0.361660 0.122584
-0.049719 0.065972 0.248564
-0.058306 0.085470 0.136706
-0.031898 0.132477 0.058428
-0.077430 0.120770 0.255378
0.023483 0.061673 0.082594
-0.024666 0.176580 0.145981
0.014943 0.237831 0.216130
-0.042737 0.157493 0.175022
-0.046911 0.271286 0.242531
-0.057641 0.301946 0.190970
-0.058703 0.171348 0.156544
0.068050 0.175689 0.134320
-0.082276 0.109580 0.064632
0.032561 0.246496 0.105479
-0.017324 0.275363 0.093895
0.024541 0.336899 -0.029692
-0.002731 0.075471 0.104564
0.025993 0.032396 0.118706
-0.082600 0.239766 0.206121
-0.167189 0.136453 0.325250
0.061721 0.188187 0.170685
0.035080 0.325644 0.144906
0.020612 0.109728 0.137852
-0.125773 0.323129 0.264590
-0.127595 0.217676 0.149063
-0.001663 0.284953 0.284989
0.151119 0.184468 0.087736
0.086417 0.101310 0.215862
-0.054710 0.325490 0.210681
-0.024802 0.057212 0.241336
-0.032022 0.156653 0.132937
-0.035083 0.187424 0.224090
-0.050259 0.110365 0.244125
0.079444 0.296059 0.153087
-0.086672 0.276337 0.185574
0.018208 0.171608 0.158099
-0.082302 0.221211 0.215558
-0.058019 0.286027 0.151763
0.056191 0.011011 0.099126
-0.163335 0.046290 0.090621
-0.080993 0.263136 0.140028
-0.005442 0.108852 0.239376
0.019668 0.085429 0.145751
-0.035320 0.154042 0.279202
0.023225 0.273923 0.243332
-0.044521 -0.007818 0.136912
-0.050434 0.099202 0.236988
0.039847 0.147869 0.072257
0.030974 0.127019 0.239308
-0.146818 0.125460 0.172915
0.029223 0.205400 0.137405
-0.002520 0.265445 0.180613
-0.114072 0.053190 0.133768
0.040942 0.148208 0.207932
-0.071971 0.135009 0.171946
-0.036193 0.187785 0.061343
-0.100536 0.150237 0.176542
-0.040346 0.208583 -0.010017
-0.034338 0.125449 0.145005
0.094759 0.243154 0.030294
-0.027000 0.188853 0.264129
-0.014381 0.091434 0.148567
0.006877 0.108307 0.200839
-0.116599 0.228669 0.131637
-0.078167 0.311114 0.188680
-0.029139 0.252221 0.150079
0.046077 0.253207 0.128816
-0.122194 0.335681 0.123642
-0.141864 -0.007207 0.107173
0.011705 0.067749 0.302467
-0.024612 0.185902 0.029850
0.014389 0.212357 0.181028
0.041731 0.127785 0.218710
-0.167508 0.156648 0.163834
0.000550 0.149755 0.114057
0.086744 0.187319 0.181019
-0.010374 0.188979 0.120435
-0.095408 -0.037410 0.143579
-0.032440 0.080132 0.237887
0.013850 0.111891 0.160167
-0.030725 0.237809 0.173710
-0.009779 0.216377 0.264232
0.083053 0.114312 0.169146
-0.080671 0.275765 0.100339
-0.064286 0.104507 0.160147
-0.084471 0.149740 0.144221
-0.016737 0.085729 0.263521
-0.011818 0.087436 0.041191
-0.018010 0.142295 0.189258
-0.011278 0.058020 0.192272
-0.031109 0.206794 0.234506
-0.150003 0.220623 0.125237
-0.026863 0.205614 0.206012
0.049987 0.195704 0.141071
-0.146144 0.172645 0.195501
-0.066449 0.111778 0.117204
-0.183365 0.129760 0.245491
-0.006743 0.061481 0.171217
-0.006903 0.064418 0.162373
-0.056777 0.128150 0.249375
-0.044827 0.421308 0.134055
-0.115240 0.240341 0.137567
-0.128939 0.277589 0.237292
0.002377 0.079979 0.139065
-0.033132 0.201468 0.161989
-0.020448 0.194802 0.153533
-0.039931 0.116928 0.062456
0.028424 0.049745 0.285172
-0.039634 0.115782 0.342206
-0.124880 0.130748 0.321509
-0.019504 0.018896 0.128306
-0.088645 0.135694 0.205045
-0.083004 0.125573 0.075468
-0.062952 0.111707 0.092313
-0.017340 0.132294 0.218951
0.024640 0.046222 0.249628
0.115532 0.311243 0.114274
0.040142 0.204301 0.185958
-0.066816 0.236189 0.257148
-0.005491 0.037534 0.191605
-0.134900 0.354362 0.157732
-0.084979 0.184875 0.132742
-0.050161 0.216237 0.099577
0.011814 0.237750 0.206618
-0.032896 0.049587 0.242751
0.030687 0.235836 0.092727
-0.087241 0.305829 0.222060
-0.131813 0.090263 0.289435
-0.072174 0.116998 0.143589
0.005150 0.151860 0.162747
-0.026103 0.101339 0.290740
-0.006212 0.221879 0.212557
-0.024836 0.146781 0.299171
-0.036524 0.199047 0.302852
0.025928 0.149720 0.119330
-0.123249 0.322139 0.323133
0.098161 0.174937 0.120750
-0.061776 0.140911 0.159254
-0.038340 0.125009 0.249844
0.032649 0.118260 0.165712
-0.086380 0.202287 0.205041
-0.141849 0.158340 0.171553
-0.032239 0.302849 0.050349
-0.082460 0.097109 0.159773
0.007140 0.394654 -0.038238
0.135644 -0.035205 0.250924
-0.107461 0.198417 0.190717
-0.069829 0.118476 0.156176
-0.007389 0.063932 0.159045
0.069578 0.167520 0.070405
-0.036965 0.368872 0.129442
-0.069769 0.191513 0.154023
0.046857 0.258196 0.249304
-0.087220 0.159776 0.152946
-0.037709 0.228225 0.230741
-0.077547 0.167997 0.149543
0.073447 0.101325 0.164168
-0.043852 0.254061 0.159568
-0.073724 0.138091 0.116243
-0.022911 0.158042 0.058100
-0.038919 0.122916 0.188620
-0.115920 0.118737 0.088388
-0.020937 0.222926 0.263704
-0.034437 0.089129 0.204010
-0.085804 0.261343 0.222837
-0.056673 0.192803 0.244537
-0.005771 -0.000526 0.285305
-0.151313 0.034547 0.178880
-0.037831 0.159450 0.164816
-0.070008 0.154313 0.274626
-0.078532 0.162529 0.126151
0.038059 0.207636 0.092760
-0.104147 0.195587 0.139456
0.050349 0.250918 0.253348
-0.000353 -0.079637 0.119715
-0.068512 0.168739 0.106180
-0.099516 0.064507 0.166562
-0.013351 0.148301 0.102700
-0.019019 0.223741 0.192560
-0.088436 0.148350 0.085288
-0.192039 0.156982 0.062570
0.086002 0.316800 0.197155
-0.017047 0.147561 0.190838
0.017587 0.279313 0.094293
-0.124071 0.239844 0.066889
0.015599 0.164485 0.274942
0.062984 0.191391 0.061402
-0.145214 0.169409 0.115672
-0.058625 0.150899 0.149167
0.021943 0.156536 0.106752
-0.055121 0.066488 0.280140
-0.018167 0.110449 0.302088
0.018417 0.164227 0.196921
-0.020434 0.112980 0.103491
0.045449 0.210841 0.206918
-0.055482 0.241326 0.281774
-0.026743 0.152470 0.126878
-0.007495 0.131831 0.149348
-0.112129 0.175682 0.172038
-0.102726 0.228901 0.198217
-0.052443 0.161657 0.243530
-0.012792 0.159458 0.163419
-0.048821 0.153219 0.037589
-0.079090 0.164737 0.056385
-0.006529 0.270864 0.212897
0.052182 0.130697 0.330557
-0.067096 0.201207 0.222677
0.007366 0.165730 0.243484
-0.121728 0.253480 0.080921
-0.094295 0.199317 0.040699
0.057739 0.219015 0.145390
-0.000963 0.137260 0.223487
-0.055394 0.236307 0.015274
-0.054408 -0.051451 0.243077
-0.022001 0.163432 0.197665
0.060118 0.144118 0.137801
0.041852 0.172053 0.191397
-0.080091 0.202952 0.126886
0.072881 0.168290 0.179962
-0.180170 0.131566 0.184140
-0.102366 0.134913 0.227830
-0.037695 0.321739 0.125086
-0.154527 0.203800 0.196503
-0.067429 0.240227 0.134929
0.002028 0.205709 0.018390
-0.075471 0.224748 0.010346
-0.052577 0.033609 0.233147
-0.057516 0.126135 0.168270
-0.106978 0.156001 0.103354
-0.010230 0.151869 0.366361
-0.058521 0.311360 0.226980
0.039931 0.096498 0.343827
-0.008805 0.218007 0.044188
-0.020157 0.200209 0.027392
-0.088848 0.033511 0.119229
0.041964 0.118959 0.191839
-0.041944 0.243019 0.301640
0.046276 0.127075 0.176053
-0.118522 0.123580 0.278375
-0.020539 0.034355 0.212392
0.006023 0.125386 0.171589
-0.065462 0.317704 0.201158
-0.137826 0.260044 -0.002271
0.065731 0.097469 0.233460
0.001582 0.179414 0.101099
0.064239 0.189992 0.133712
-0.065588 0.104134 0.194697
-0.145526 0.072032 0.245543
-0.004733 0.100835 0.223175
-0.034748 0.289098 0.183740
-0.026326 -0.010764 0.175417
0.038542 0.130433 0.088664
0.175126 -0.395123 0.095483
-0.092601 -0.331363 0.109777
0.020933 -0.359975 0.044085
-0.046101 -0.432058 0.056425
0.018581 -0.432214 0.101058
0.048757 -0.454910 0.125938
-0.033122 -0.426567 0.018056
-0.104189 -0.397245 0.033031
0.004390 -0.403225 0.113387
-0.017626 -0.389859 0.086413
-0.022173 -0.401058 -0.042999
-0.121320 -0.366883 0.094540
-0.016144 -0.324986 0.172723
-0.010223 -0.415503 0.147150
0.061171 -0.358296 0.098935
-0.148770 -0.367369 0.167593
-0.111803 -0.438807 -0.028914
-0.188406 -0.346173 0.119364
0.040468 -0.318173 0.043164
-0.090041 -0.416340 -0.019758
-0.126203 -0.373886 0.012272
0.043931 -0.381891 0.134556
-0.095446 -0.388272 0.014947
-0.034088 -0.425987 0.148972
0.020618 -0.374082 0.090410
0.096355 -0.410056 0.118619
-0.017796 -0.331373 0.200101
0.051710 -0.420657 0.104626
0.049080 -0.382099 0.105804
0.123762 -0.382318 0.075191
0.059596 -0.343416 0.191957
-0.085743 -0.362835 0.021294
0.021341 -0.441822 0.074132
-0.155548 -0.437040 0.063760
0.121296 -0.453757 0.091166
0.003521 -0.475328 0.007680
-0.054475 -0.428079 -0.046580
0.023717 -0.444783 -0.014188
0.099852 -0.489419 0.143023
0.223770 -0.399671 0.016913
-0.054235 -0.365517 -0.000652
0.121823 -0.353222 0.166017
0.150516 -0.421653 0.070218
-0.039485 -0.348287 0.045294
0.014525 -0.414923 0.097088
-0.008761 -0.458511 -0.025841
-0.016366 -0.457956 0.075172
0.087260 -0.360639 0.120430
0.036627 -0.378416 0.169832
0.035387 -0.387312 0.041047
0.116112 -0.481596 0.043657
-0.031685 -0.464923 0.069586
-0.050197 -0.448345 0.005556
-0.136119 -0.411634 0.048406
-0.087211 -0.319314 0.158353
-0.127336 -0.448730 -0.028443
0.088400 -0.421953 0.014096
0.101575 -0.432994 0.070011
-0.100746 -0.363040 0.086471
0.125372 -0.434653 -0.001352
-0.167093 -0.445919 0.105603
0.159064 -0.357062 0.086502
0.027243 -0.323858 0.177057
-0.202329 -0.415964 0.113177
0.196946 -0.451093 -0.060629
-0.086289 -0.406359 -0.023976
-0.057650 -0.356784 0.087688
0.128002 -0.405570 0.123817
-0.100333 -0.411990 0.061287
-0.051443 -0.312595 0.109777
0.018817 -0.368096 0.216903
-0.237957 -0.415551 -0.025719
-0.002865 -0.399781 -0.005842
-0.051616 -0.285168 0.219273
0.046544 -0.376775 0.036392
-0.072805 -0.460735 0.089821
0.065097 -0.238587 0.206364
0.012014 -0.426970 0.008053
-0.077883 -0.396662 0.082154
0.149182 -0.455504 -0.023675
0.085876 -0.344567 0.248847
-0.009233 -0.429563 0.126665
0.028124 -0.386357 0.162720
-0.087667 -0.379912 0.178311
-0.203187 -0.362931 0.071893
0.062501 -0.441136 0.047435
0.101660 -0.461851 0.038220
-0.068637 -0.352871 0.245790
0.145708 -0.439230 0.069644
-0.134829 -0.288820 0.244774
-0.084694 -0.333597 0.057740
0.027597 -0.325107 0.066088
-0.166575 -0.422232 0.005623
0.051179 -0.352613 0.107249
0.079114 -0.427383 0.103727
-0.002055 -0.381079 0.118696
-0.093597 -0.325945 0.090456
-0.120271 -0.370000 0.174920
-0.017506 -0.410110 0.169012
-0.102790 -0.423235 0.036253
-0.070712 -0.340530 0.138936
0.141711 -0.440979 0.107472
0.024266 -0.374129 0.065305
0.026647 -0.324063 0.093738
-0.123231 -0.425623 0.082960
-0.052565 -0.353770 0.132407
0.143411 -0.409726 0.052959
0.042070 -0.320422 0.193163
0.091708 -0.350229 0.075064
-0.196802 -0.410011 -0.019050
0.125337 -0.309612 0.084608
-0.107133 -0.465427 0.034850
0.045483 -0.457944 0.055469
0.016406 -0.412280 0.161730
-0.023811 -0.397180 0.051135
0.116983 -0.343371 -0.005420
-0.112159 -0.376102 0.087444
0.040826 -0.415377 0.060637
-0.168879 -0.381198 0.072261
0.019840 -0.373312 0.075513
-0.106545 -0.363236 -0.056128
0.094099 -0.376716 0.183760
0.074177 -0.448946 0.077837
-0.098715 -0.317182 0.129886
0.243024 -0.347978 0.068908
-0.015307 -0.347896 0.048573
-0.115378 -0.339489 0.135634
0.097455 -0.361203 0.087812
-0.236528 -0.383153 0.100793
0.021539 -0.412390 0.025899
0.124584 -0.403712 0.097161
0.094015 -0.329404 0.166227
-0.041509 -0.298161 0.073322
0.069093 -0.440225 0.024196
-0.079154 -0.465001 0.110729
-0.010857 -0.363714 0.094820
0.033249 -0.335002 0.004646
0.113374 -0.396606 -0.009004
0.089884 -0.352134 0.101076
-0.057688 -0.406692 0.186344
0.107441 -0.382399 0.109418
-0.038979 -0.386299 0.085158
0.006651 -0.420738 -0.008434
-0.114282 -0.369354 0.122529
0.009197 -0.395312 0.007227
0.048331 -0.379720 0.104747
0.172217 -0.394445 0.190312
0.005658 -0.399690 0.113248
-0.046527 -0.462272 -0.036537
0.026398 -0.414901 0.097890
-0.116630 -0.388193 0.144301
-0.183584 -0.388896 0.072142
0.059909 -0.353701 0.172306
-0.093695 -0.420605 0.110488
-0.105434 -0.405759 0.108125
-0.002717 -0.427698 0.095225
-0.260639 -0.343532 0.143984
-0.126844 -0.369124 0.079211
-0.173572 -0.419308 0.076842
-0.003420 -0.322870 0.191141
-0.076607 -0.367149 0.049709
-0.207346 -0.362756 0.032887
-0.126503 -0.398774 -0.006419
-0.068006 -0.429068 0.026280
-0.047371 -0.324944 0.202493
-0.016494 -0.357633 0.121088
-0.085479 -0.315264 0.085181
0.037875 -0.363919 0.128530
0.097688 -0.343064 0.110700
-0.091210 -0.403874 0.095107
-0.055893 -0.349480 0.170446
-0.191743 -0.379881 0.188355
-0.042224 -0.364087 0.197787
-0.110581 -0.399996 0.079160
-0.195289 -0.440846 0.128139
-0.185117 -0.358905 0.156680
-0.007483 -0.466696 0.009280
-0.177152 -0.394283 0.197402
-0.090837 -0.382360 0.225072
0.098632 -0.385319 0.036892
0.009605 -0.392186 0.052983
0.126250 -0.350464 0.066414
-0.080884 -0.357783 0.167072
-0.024594 -0.378680 -0.090644
-0.059760 -0.368771 0.175740
0.003163 -0.459565 0.052299
0.015813 -0.417871 0.103160
0.038721 -0.427020 0.075538
0.068646 -0.345511 0.209419
-0.115404 -0.364037 0.185339
0.016518 -0.417684 0.116547
-0.038134 -0.362576 0.142521
0.002717 -0.420182 0.124568
0.037285 -0.370924 0.153054
-0.075775 -0.342121 0.067078
0.002092 -0.478414 -0.079720
0.130530 -0.357256 0.176004
-0.075947 -0.445681 0.157232
-0.062981 -0.443474 0.071683
-0.060489 -0.317092 0.213759
0.041192 -0.379415 0.118745
-0.088578 -0.340193 0.118179
-0.001596 -0.423415 0.052913
-0.058566 -0.409011 -0.007379
-0.116900 -0.406629 0.047499
-0.187834 -0.357249 0.070634
-0.154571 -0.430331 0.083150
-0.073011 -0.347735 0.206401
-0.075283 -0.409543 0.089841
-0.111144 -0.462430 -0.024432
0.066557 -0.362816 0.077098
0.022887 -0.370078 0.123574
-0.012215 -0.457609 -0.061936
-0.183852 -0.420401 0.071621
0.019447 -0.361856 0.076429
-0.089056 -0.356604 0.125334
-0.031269 -0.419428 0.058291
0.015840 -0.266169 0.154045
0.062149 -0.340657 0.133101
0.069766 -0.388167 0.059708
-0.012564 -0.421835 0.165372
-0.015451 -0.290491 0.242662
0.085941 -0.263967 -0.225519
-0.080048 -0.201666 0.080027
0.085585 -0.322092 -0.164715
-0.068159 -0.243111 -0.274923
0.084051 -0.078504 -0.100763
-0.178018 -0.102771 -0.167930
-0.029036 -0.171640 -0.100037
-0.124164 -0.185072 -0.038355
-0.017473 -0.103330 -0.132115
-0.144480 -0.184232 -0.236232
-0.054536 -0.256240 -0.224238
-0.199536 -0.134841 -0.215140
0.043232 -0.136430 -0.083053
-0.051742 -0.162008 -0.052081
-0.051723 -0.248258 -0.100098
-0.025503 -0.225520 -0.120705
0.016369 -0.156494 -0.285635
-0.107144 -0.157809 -0.200773
-0.062771 -0.162795 -0.242047
-0.051871 -0.197091 -0.032110
0.072140 -0.244711 -0.196450
0.024615 -0.224778 -0.185871
0.024858 -0.170612 -0.234783
-0.052730 -0.141585 0.034858
-0.003691 -0.143332 -0.197154
0.072619 -0.188312 -0.151320
-0.114718 -0.186895 -0.163258
-0.097981 -0.227814 -0.084253
-0.003789 -0.062983 -0.095295
-0.065038 -0.122949 -0.191330
-0.207346 -0.244790 -0.054392
-0.034396 -0.303677 0.042484
-0.139654 -0.209191 -0.187097
0.061200 -0.171691 -0.160536
0.022244 -0.170328 -0.102390
-0.011881 -0.142350 -0.208407
-0.080891 -0.287414 -0.063083
0.015093 -0.207605 -0.235178
0.037747 -0.231329 -0.214912
0.020411 -0.189585 -0.172119
-0.043533 -0.307159 -0.135021
0.048842 -0.189120 -0.310037
0.036241 -0.269884 -0.148376
0.011746 -0.176404 -0.308970
0.069121 -0.195068 -0.151456
0.033321 -0.188101 -0.370100
0.012235 -0.196714 -0.069994
-0.107890 -0.243564 -0.129633
-0.083264 -0.189560 -0.135525
-0.067894 -0.169953 -0.020223
-0.034797 -0.181551 -0.152350
-0.092729 -0.152571 -0.092652
-0.127008 -0.236625 0.029302
0.035762 -0.193255 -0.205089
-0.140031 -0.195504 -0.012121
0.037852 -0.135245 -0.269652
-0.022783 -0.156579 -0.221255
-0.187313 -0.160319 -0.078505
-0.042931 -0.216021 -0.149555
-0.023634 -0.137843 -0.097405
-0.047982 -0.151469 -0.134439
-0.009123 -0.250484 -0.142568
-0.075841 -0.226106 -0.159211
-0.161360 -0.218068 0.012370
-0.108899 -0.241388 -0.076763
-0.167264 -0.341488 -0.089339
0.109402 -0.159159 -0.260765
-0.094029 -0.142135 -0.064366
-0.124429 -0.340565 -0.114052
-0.053330 -0.108006 -0.221847
-0.013246 -0.136315 -0.083875
0.048188 -0.259692 -0.326341
0.000114 -0.311512 -0.125062
-0.114288 -0.192519 -0.153537
-0.153386 -0.138804 0.052174
0.017817 -0.272216 -0.002541
-0.093918 -0.158012 -0.230305
0.016603 -0.121360 -0.207987
-0.132852 -0.232465 -0.008059
-0.033683 -0.177266 -0.221847
-0.044460 -0.211083 0.051485
0.051526 -0.225181 -0.157509
-0.042823 -0.212649 -0.064451
-0.081007 -0.147997 -0.132276
0.049071 -0.323540 -0.363318
0.054673 -0.238583 -0.202170
-0.004807 -0.213413 -0.134504
-0.064171 -0.206150 -0.188112
-0.022809 -0.163383 -0.265392
-0.067106 -0.161940 -0.242839
-0.022730 -0.230539 -0.184439
-0.044894 -0.075036 -0.143077
-0.103605 -0.222714 -0.069447
-0.150178 -0.075130 -0.072154
-0.127873 -0.237875 -0.095698
0.080453 -0.241180 -0.256693
-0.010731 -0.282668 -0.234622
-0.159215 -0.244330 0.018623
-0.112655 -0.192928 -0.180315
-0.032695 -0.111746 -0.289762
-0.036833 -0.142494 -0.297974
-0.088807 -0.123463 -0.095358
-0.076363 -0.181282 -0.352545
-0.130194 -0.261517 -0.047225
-0.103420 -0.182298 -0.007150
0.016963 -0.052432 -0.117480
-0.018550 -0.203033 -0.247271
0.008991 -0.093447 -0.103006
-0.038261 -0.138239 -0.143751
-0.059873 -0.155930 -0.130780
-0.087692 -0.184037 -0.198056
-0.108637 -0.210306 -0.297490
0.050134 -0.183495 -0.193175
-0.119576 -0.202836 -0.138764
0.006452 -0.200636 -0.051468
-0.019583 -0.227116 -0.351808
-0.079885 -0.220618 -0.059491
-0.097740 -0.044478 -0.152707
-0.050727 -0.183079 -0.082113
-0.075338 -0.133448 -0.110244
-0.126246 -0.267902 -0.147539
-0.061717 -0.089964 -0.145201
0.033240 -0.221344 -0.162370
-0.022822 -0.224891 0.040666
-0.044311 -0.282894 -0.161106
-0.142415 -0.143713 -0.095621
-0.068255 -0.185473 -0.184676
0.005416 -0.060343 -0.223350
-0.194055 -0.157430 -0.130555
-0.057988 -0.136724 -0.073180
-0.109355 -0.334831 -0.045403
-0.028590 -0.192767 -0.188342
-0.022619 -0.192393 -0.101621
-0.006581 -0.197323 -0.004681
0.004428 -0.202524 -0.226852
-0.069534 -0.236021 -0.194965
-0.075723 -0.208770 -0.089853
-0.075838 -0.165284 -0.273081
0.113413 -0.161794 -0.333783
-0.041088 -0.172784 -0.050027
0.110283 -0.169867 -0.124569
-0.050844 -0.278662 -0.102086
0.012044 -0.176271 -0.240483
0.019836 -0.157450 -0.247739
-0.045175 -0.132852 -0.160578
-0.145231 -0.246955 0.052527
-0.047008 -0.200186 -0.168742
-0.006104 -0.197862 -0.214450
-0.028426 -0.202855 -0.131149
0.048236 -0.173760 -0.245258
-0.064281 -0.182623 -0.166264
-0.080032 -0.293280 0.015527
-0.021670 -0.091260 -0.095379
-0.048584 -0.215911 -0.111307
0.059108 -0.209062 -0.252199
-0.040324 -0.101051 -0.009534
-0.128796 -0.131546 -0.179394
0.008611 -0.110443 -0.211999
-0.034457 -0.184016 -0.137589
0.016226 -0.186880 -0.146482
-0.022486 -0.190986 -0.227259
-0.057834 -0.204032 -0.219499
-0.173297 -0.160735 -0.043183
0.021575 -0.125056 -0.237141
-0.084169 -0.266236 -0.108078
0.007808 -0.208774 -0.246591
-0.151930 -0.303620 -0.286608
-0.022234 -0.157156 -0.034564
-0.007694 -0.174624 -0.172043
0.005001 -0.155086 -0.276798
-0.145068 -0.018392 -0.190197
-0.041740 -0.192122 -0.164927
-0.025085 -0.125750 -0.156987
0.011766 -0.151145 -0.128694
0.133643 -0.111584 -0.095403
-0.029899 -0.218657 -0.128156
-0.166720 -0.187473 -0.148303
-0.104443 -0.263794 -0.117497
0.050173 -0.136924 -0.196217
-0.038614 -0.229836 -0.116067
-0.144123 -0.081777 -0.189487
-0.071221 -0.270171 -0.159766
0.077847 -0.144805 -0.117709
-0.108600 -0.147220 -0.193874
-0.058554 -0.153996 -0.081834
0.030938 -0.228835 0.019653
-0.004761 -0.238893 -0.116122
-0.070199 -0.178884 -0.072062
0.015738 -0.208389 -0.167420
-0.070749 -0.340231 -0.215178
-0.018513 -0.195785 -0.232892
-0.083514 -0.215991 0.038520
-0.044894 -0.241509 -0.235181
-0.013516 -0.247177 -0.220724
-0.026553 -0.149508 -0.150285
-0.083897 -0.187585 -0.017505
-0.106686 -0.226980 -0.226867
-0.045039 -0.220742 -0.178642
-0.118582 -0.227804 -0.179894
0.001810 -0.199144 -0.201422
0.120676 -0.220144 -0.115354
-0.026407 -0.211574 -0.236164
-0.050038 -0.135617 -0.131183
0.018475 -0.094069 -0.284961
-0.153086 -0.185739 -0.009030
-0.051997 -0.244969 -0.119403
-0.000593 -0.242867 -0.146436
-0.105663 -0.208169 0.102544
-0.109695 -0.277474 -0.049341
-0.090077 -0.180959 -0.067831
-0.062037 -0.255203 -0.064888
-0.197525 -0.205974 -0.095209
-0.030291 -0.171689 -0.258063
0.048834 -0.123905 -0.222026
-0.039049 -0.226344 -0.174380
0.013595 -0.162362 -0.010011
0.025915 -0.136601 -0.342794
-0.012650 -0.195966 -0.201661
0.046524 -0.246627 -0.029710
-0.086578 -0.173669 -0.318589
-0.171970 -0.118940 -0.197441
-0.010303 -0.246182 -0.039782
-0.159151 -0.132454 0.020025
0.046739 0.159524 0.006737
-0.003371 0.322813 -0.014449
0.020631 0.267955 0.019683
0.026472 0.209632 -0.009871
0.035668 0.281039 0.010119
-0.000745 0.221801 -0.002585
0.003835 0.448269 0.012808
-0.012913 0.465028 0.029818
-0.021362 0.254443 -0.010185
0.029750 0.147096 -0.000870
0.032145 0.271833 -0.024222
-0.056555 0.077823 0.002727
0.003804 0.054548 -0.002424
-0.029971 0.122699 -0.007307
0.009267 0.249836 0.000138
-0.016935 0.336646 -0.008288
-0.044053 0.386067 -0.025178
0.020013 0.146876 0.025328
0.017585 0.229931 -0.001235
0.005700 0.226020 -0.018499
0.009955 0.175439 0.022918
-0.025780 0.360848 0.005441
-0.045807 0.012389 0.019876
0.019983 0.213315 0.002510
0.021066 0.250382 0.024351
-0.005295 0.187409 -0.020462
-0.028892 0.222905 0.000668
0.056697 0.194289 -0.006742
-0.018692 0.214243 0.022114
-0.020180 0.136940 -0.016097
0.012487 0.348833 0.008276
0.047641 0.384888 0.000773
-0.021861 0.386751 0.035621
-0.028575 0.201443 0.012131
0.029790 0.250922 0.002860
-0.035848 0.418285 0.007429
0.041407 0.202419 -0.004195
0.012518 0.165110 0.018234
-0.030501 0.355098 0.008568
-0.010863 0.198490 -0.029232
0.031352 0.345067 0.021129
-0.060953 0.188733 -0.003941
-0.020328 0.235373 -0.022793
0.029509 0.265950 0.010426
-0.005290 0.290676 0.020172
0.062774 0.259542 -0.014033
-0.016400 0.160159 -0.003345
0.024811 0.188900 -0.006328
-0.024187 0.283412 0.000267
0.000407 0.206419 -0.020730
-0.038209 0.204775 0.018191
0.020106 0.446120 0.042150
0.020288 0.201048 0.004425
-0.004712 0.289837 -0.001942
0.032594 0.430422 -0.020159
0.003820 0.265087 0.000218
-0.048100 0.452443 0.010044
-0.005438 0.177478 -0.029466
-0.019106 0.169963 -0.015758
-0.004983 0.190953 -0.049652
-0.007636 0.264968 0.009062
0.013995 0.396412 -0.004789
0.019461 0.176051 -0.012614
0.057026 0.182415 -0.020172
0.009922 0.317174 -0.009220
-0.007355 0.207026 -0.022588
0.059086 0.328106 0.015528
0.058830 0.284834 0.000043
0.034476 0.282150 -0.002201
-0.021372 0.110422 0.012184
0.073127 0.245637 -0.002422
0.020101 0.230260 -0.025230
0.016034 0.171091 -0.002168
-0.017036 0.304655 0.002867
-0.003095 0.154213 0.010980
-0.026928 0.307200 -0.039513
0.014067 0.117417 0.013052
0.018504 0.321670 0.033947
0.012582 0.079969 0.011682
0.028481 0.204992 0.019711
-0.004287 0.234412 0.019812
-0.003651 0.174594 -0.007150
-0.027384 0.138761 0.009362
-0.001033 0.271531 0.023062
0.011846 0.015710 -0.024154
-0.033596 0.267221 -0.014504
-0.010566 0.382254 0.012201
-0.010889 0.317941 -0.016437
0.002892 0.181338 -0.008209
0.064618 0.297160 0.004228
0.008144 0.237381 -0.002196
-0.015905 0.049941 0.001014
-0.021508 0.464795 0.002422
0.027238 0.149211 -0.016266
0.022201 0.417796 -0.027141
-0.024284 0.328057 -0.002245
-0.007715 0.329818 -0.022203
0.061337 0.434848 -0.007844
-0.055932 0.376262 -0.015930
0.029441 0.245947 0.024177
0.010938 0.271239 0.008574
0.038401 0.108825 0.004160
0.006935 0.361330 0.004677
-0.047115 0.153541 0.014740
-0.047325 0.364614 -0.004406
0.058803 0.214949 -0.008570
-0.029888 0.305645 0.004266
-0.026319 0.235436 0.006788
0.006134 0.190151 0.004244
0.080253 0.148932 0.011620
-0.023160 0.158068 0.011270
-0.049887 0.233980 0.011545
-0.044210 0.214015 -0.018134
0.014244 0.020656 0.016224
0.008629 0.285191 0.010986
0.035407 0.176959 -0.010059
0.030908 0.180687 -0.003379
0.008701 0.357766 -0.016594
0.008304 0.198158 0.008970
-0.049387 0.314943 -0.009688
0.005830 0.291332 -0.017658
0.063403 0.246943 -0.007908
0.009028 0.238121 -0.013015
0.015446 0.288851 -0.015302
0.011103 0.245206 0.014872
-0.030633 0.286219 -0.014670
0.006414 0.198444 0.005985
0.067086 0.391625 -0.018242
-0.005953 0.308847 -0.031904
0.035388 0.129281 -0.009504
-0.015057 0.201754 0.024525
0.000801 0.271311 -0.008372
0.006533 0.182903 -0.006569
-0.041917 0.354302 -0.018736
0.028763 0.061896 -0.033569
-0.022320 0.325742 0.012835
-0.018099 0.313998 0.021477
-0.010145 0.261786 -0.004192
0.068393 0.313147 0.010842
-0.050694 0.314437 -0.023468
0.006151 0.262789 -0.026197
-0.012328 0.357032 0.011771
0.034003 0.082496 -0.008996
0.061361 0.204093 -0.014425
0.012515 0.231138 0.004270
0.039623 0.215154 -0.002442
0.011993 0.279191 0.001744
-0.047771 0.508364 -0.006855
-0.001439 0.155057 -0.002473
-0.021412 0.222488 0.001101
-0.002979 0.299596 0.045080
-0.040366 0.101318 -0.039528
0.030896 0.328258 0.001841
-0.011716 0.411014 0.013948
0.000485 0.355935 -0.013576
-0.011116 0.259215 0.006031
0.020308 0.384647 0.015059
-0.056526 0.130679 0.004516
0.010264 0.145299 -0.012655
0.037382 0.015827 0.016344
-0.016321 0.135191 0.013304
-0.006395 0.329013 -0.016808
0.002411 0.151794 0.021585
0.029143 0.321587 -0.024452
-0.010027 0.240872 0.011804
0.004357 0.231537 -0.023401
0.002588 0.397555 0.017087
-0.012898 0.228661 0.003137
0.017272 0.316057 0.002239
0.010105 0.224260 0.018011
0.033976 0.285884 -0.003362
-0.001825 0.212382 -0.019480
-0.004767 0.332704 -0.020169
-0.066164 0.195595 0.034703
-0.028083 0.274120 0.023236
-0.016293 0.122088 -0.003293
0.011230 0.249790 -0.023938
0.049838 0.249507 -0.011452
-0.022155 0.349822 -0.009650
0.016716 0.368499 -0.016534
-0.020376 0.449828 0.010029
-0.015130 0.325165 -0.012884
-0.007325 0.184655 0.008065
0.003792 0.328480 0.030194
-0.051334 0.127218 0.024258
-0.007744 0.275113 -0.004662
0.014913 0.173304 0.006453
-0.026323 0.445667 -0.025266
-0.024111 0.156678 0.000639
0.029146 0.154370 -0.020532
0.000712 0.402771 -0.001444
0.018304 0.215581 -0.025984
-0.035684 0.273874 -0.005966
-0.031216 0.277868 0.013677
0.011226 0.175217 0.002174
-0.035560 0.396619 -0.002583
0.004965 0.077607 -0.014136
0.024981 0.328046 -0.012561
0.003690 0.252426 -0.015411
0.029025 0.381328 -0.053106
-0.002923 0.092141 -0.001101
0.055398 0.099166 -0.000474
-0.012770 0.374701 -0.014857
0.023699 0.285945 -0.039428
-0.005548 0.273417 0.015118
0.001443 0.312019 0.012064
0.041522 0.172152 -0.030984
-0.014866 0.183589 0.014251
-0.010006 0.169995 0.010456
-0.010556 0.323868 -0.016923
0.030726 0.236914 -0.021345
-0.019045 0.377139 -0.000394
0.017400 0.164004 -0.001003
-0.017241 0.326324 -0.000719
0.019275 0.321237 0.029705
0.065809 0.298461 -0.011420
-0.046806 0.215090 -0.000469
-0.026150 0.245756 0.019519
-0.013656 0.062315 -0.021535
0.010936 0.237004 0.014607
0.042868 0.510519 0.006194
0.004938 0.359046 -0.011788
0.009287 0.403623 -0.007868
0.015310 0.253577 0.010039
0.022728 0.143317 -0.007133
-0.018038 0.312224 0.023584
-0.008466 0.218654 0.021057
-0.022505 0.251536 -0.019027
-0.006421 0.321605 -0.008553
0.003159 0.143822 0.008952
0.003829 0.268910 0.017328
0.023734 0.343191 -0.004267
-0.002383 0.210969 -0.001319
0.029957 0.307699 0.003839
0.052319 0.510087 -0.004702
-0.002492 0.140157 0.016120
-0.039838 0.273943 0.009416
-0.004056 0.362834 -0.017218
-0.003555 0.278127 0.002885
0.020714 0.322144 0.000908
-0.022656 0.178362 -0.011183
0.034409 0.276650 -0.001421
-0.029467 0.277865 0.007115
0.006008 0.305681 -0.001599
-0.005666 0.205154 0.008847
-0.012073 0.296010 0.021272
-0.046608 0.224885 0.004347
-0.007231 0.179999 -0.001111
-0.025298 0.242964 -0.010252
-0.003626 0.158425 -0.011116
-0.021375 0.257474 -0.023329
-0.013298 0.329642 0.003398
0.032708 0.118644 -0.013122
-0.000197 0.203716 0.021479
0.012559 0.293469 -0.010980
-0.064641 -0.086408 0.205597
0.046931 -0.027822 0.080176
0.047833 -0.036101 0.151948
0.074278 0.017353 0.164892
-0.012657 -0.010890 0.147075
0.031435 -0.116128 0.110464
-0.017231 -0.042822 0.189515
0.054466 -0.081328 0.077854
0.045679 -0.046663 0.146647
-0.023370 -0.111276 0.170107
0.025624 -0.088975 0.132887
-0.002473 -0.083997 0.109158
0.015757 -0.105291 0.211641
0.100670 -0.100578 0.081434
0.027838 -0.032670 0.028209
0.042582 -0.055172 0.012214
0.006734 -0.016806 0.027172
0.036107 -0.026968 0.100018
-0.012948 -0.154910 0.080249
-0.023337 -0.027415 0.228418
0.013231 -0.053758 0.140351
0.003370 -0.093822 0.150753
-0.125374 0.004184 0.106861
0.041834 0.016357 0.212356
-0.057376 -0.010560 0.217432
0.005988 -0.089837 0.118335
0.058411 -0.024622 0.064604
0.072317 -0.109859 0.158815
0.085134 -0.045627 0.169224
-0.068113 -0.048646 0.125975
-0.003953 -0.011714 0.074753
-0.038291 -0.068536 0.176613
0.022214 -0.041286 0.203135
0.032240 -0.045993 0.037148
-0.060227 0.002696 0.180300
0.101701 -0.024029 0.113027
0.069352 0.023388 0.222085
-0.023009 -0.058496 0.065525
0.086935 -0.025564 0.189084
0.051253 -0.162270 0.080319
0.031056 -0.058222 0.215248
0.073662 -0.058179 0.108120
-0.047997 -0.065027 0.205224
-0.009778 -0.050959 0.119274
0.005876 0.012995 0.243834
0.096304 -0.006973 0.096378
0.016397 -0.034640 0.186871
0.073214 -0.048314 0.139979
0.118631 0.026064 0.092918
0.059863 -0.104363 0.119200
-0.000144 -0.069530 0.038946
-0.009132 -0.071777 0.161399
-0.132655 -0.007075 0.170438
0.018562 -0.010933 0.090635
-0.003480 -0.000492 0.150396
-0.040283 -0.016142 0.111351
-0.073663 -0.031778 0.210411
0.097466 -0.047323 0.259841
0.022119 -0.055336 0.172497
0.036815 -0.036108 0.198373
0.029668 -0.079996 -0.007345
0.084178 -0.018049 0.169476
0.006190 0.015422 0.106943
0.009105 -0.075142 0.097460
-0.017074 -0.037969 0.118342
0.081276 -0.079896 0.126157
-0.031806 0.002297 0.173052
-0.005842 -0.092530 0.105125
0.059854 -0.053476 0.077293
0.133785 0.024270 0.202160
-0.050246 -0.041545 0.213570
0.009260 -0.081695 0.126818
-0.054411 -0.077977 0.130916
-0.126096 -0.052837 0.171891
0.118858 -0.001433 0.107694
0.055181 -0.031081 0.192923
-0.068867 -0.036495 0.176589
0.063366 -0.051613 0.179720
0.060278 -0.037557 0.205445
0.010077 -0.008111 0.149324
0.046884 0.012215 0.130275
-0.102874 -0.046195 0.146310
0.046823 0.006905 0.211725
0.061107 -0.114242 0.188044
-0.024929 0.032478 0.145920
0.066194 -0.042200 0.103184
0.078828 -0.044672 0.101267
0.092537 -0.060212 0.025197
0.058326 -0.040391 0.155834
0.068641 -0.059705 0.180826
0.028149 -0.050782 0.026950
0.129773 0.006241 0.163306
-0.101464 -0.022783 0.202141
-0.008269 -0.043623 0.114625
-0.011816 0.013073 0.189613
0.010339 0.022382 0.133108
0.006400 -0.100282 0.180990
0.057369 -0.003456 0.092496
-0.008034 -0.043522 0.168805
0.072730 -0.056124 0.152093
0.021852 -0.056007 0.121968
-0.010964 -0.037042 0.158486
0.092682 -0.124964 0.092624
0.008729 -0.041299 0.188514
-0.033136 -0.051196 0.191659
0.014619 -0.100926 0.072100
0.072286 -0.008755 0.116220
-0.002789 0.037844 0.246877
0.135812 0.053699 0.123062
0.113727 -0.175114 0.094911
0.046332 -0.086746 0.084678
0.060071 -0.040729 0.121175
-0.012855 0.026934 0.116195
-0.124663 -0.054551 0.113717
-0.019629 -0.027494 0.141796
-0.046074 -0.112880 0.174746
-0.104944 -0.086613 0.042369
0.026747 -0.046841 0.126096
0.007634 -0.038160 0.140505
0.062428 -0.038643 0.074477
0.078922 -0.041362 0.170514
0.021240 -0.043300 0.188423
0.038098 -0.019920 0.120375
0.099902 -0.048220 0.153765
0.095175 -0.096553 0.075882
0.006100 -0.047944 0.047591
0.036268 -0.064536 0.131291
-0.034991 -0.036883 0.115706
-0.077588 0.060883 0.226191
0.011815 -0.192161 0.182171
0.009092 -0.082755 0.084973
0.088948 -0.010264 0.079071
0.071348 0.034532 0.263271
0.103372 -0.032563 0.152112
-0.010564 -0.017650 0.054182
0.010376 0.002253 0.167552
0.018180 -0.116706 0.171773
0.066368 -0.099351 0.068406
-0.090353 -0.041503 0.138822
0.024405 -0.040007 0.065731
0.033663 -0.062519 -0.016067
-0.031467 -0.072113 0.237271
-0.005382 -0.110260 0.084447
-0.137355 0.039318 0.233610
0.092192 -0.089038 0.016633
-0.030072 0.005467 0.042284
0.041231 -0.026202 0.128423
-0.009521 -0.074594 0.127702
-0.025859 0.004298 0.170454
-0.045511 -0.036875 0.134236
0.063569 -0.081876 0.051464
-0.008947 -0.137587 0.129162
-0.053433 -0.089086 -0.027516
-0.061400 -0.018903 0.238453
0.087817 -0.047516 0.201340
0.034703 -0.081188 0.089505
0.026788 -0.011193 0.204864
0.003636 -0.064086 0.085997
0.062438 -0.008423 0.077824
-0.010504 -0.012622 0.228850
0.008402 -0.029897 0.059370
-0.016140 -0.121951 0.116191
-0.008920 -0.072079 0.146599
0.036627 -0.071812 0.137451
0.074361 -0.196627 0.091306
0.052256 -0.042673 0.157592
-0.011170 -0.015521 0.092537
0.049986 -0.062561 0.105438
0.082238 -0.065945 0.228787
-0.099809 0.020882 0.204903
0.074305 -0.017203 0.175765
-0.048347 -0.017146 0.087703
-0.070561 -0.110752 0.033797
-0.086570 -0.043751 0.169453
0.079534 -0.020362 0.150805
0.039093 -0.097133 0.141110
0.212051 -0.058945 0.028612
0.015839 -0.004503 0.157463
-0.049775 -0.051589 0.178795
0.000224 0.073663 0.049451
-0.024436 -0.089093 0.132607
0.103764 -0.015747 0.146115
0.048417 -0.063716 0.181637
0.010318 0.008551 0.105525
0.092658 -0.102663 0.178225
0.002606 -0.026079 0.183600
-0.104715 -0.023394 0.205493
0.162849 -0.047915 0.177637
-0.034584 -0.104565 0.053434
0.034818 -0.045865 0.123789
0.077143 -0.104302 0.116506
0.094902 0.026412 0.150899
0.020512 -0.038145 0.135302
0.074692 -0.053112 0.065857
-0.046895 0.005909 0.155140
0.022240 -0.081570 0.019085
0.046624 -0.023737 0.146013
-0.027973 -0.133781 0.110253
-0.056489 -0.053050 0.032513
-0.018190 -0.076613 0.203846
0.002000 -0.066703 0.141918
-0.108450 -0.054143 0.223452
0.009845 -0.089304 0.185111
-0.001417 0.023151 0.158307
0.037090 -0.049324 0.064139
0.005391 0.034149 0.153483
0.088328 -0.057102 0.195335
-0.112439 -0.086388 0.263905
0.051221 -0.053896 0.208260
0.117327 -0.047974 0.160484
0.049057 -0.032247 0.187643
0.005248 -0.093819 -0.015986
0.051710 -0.086274 0.119410
0.024789 -0.045484 0.219679
-0.028220 -0.063324 0.073588
0.053086 -0.006167 0.126375
0.138763 -0.067267 0.116137
0.102087 0.025133 0.164180
-0.049582 -0.132108 0.105764
0.096322 -0.024892 0.079219
0.009830 -0.048102 0.102153
0.061216 -0.006918 0.186614
-0.040698 -0.113447 0.189368
0.056452 -0.078490 0.135864
0.133593 0.011496 0.106546
-0.010334 -0.038351 0.232795
0.020770 -0.031867 0.262041
-0.018384 -0.118555 0.130145
0.100366 0.001699 0.000852
-0.107506 0.037835 0.294807
0.100645 -0.007331 0.037776
-0.010960 -0.054441 0.180031
0.042104 -0.083114 0.070728
0.047045 -0.007713 0.241328
0.015931 -0.015895 0.064505
0.046932 -0.072832 0.170395
0.085809 -0.089578 0.224520
-0.105937 -0.076546 0.238094
0.057718 -0.128413 0.111305
-0.064686 -0.031351 0.227740
0.059626 -0.068077 0.127586
0.014963 -0.078740 0.109522
-0.055491 -0.110678 0.142557
0.016835 -0.053201 0.130493
0.110323 -0.097301 0.107274
0.019761 -0.067286 0.231661
-0.158922 -0.020685 0.211825
0.057805 0.049756 0.228900
0.171363 -0.050005 0.073816
0.008566 0.012301 0.055201
0.003934 -0.059432 0.140742
0.002675 -0.006465 0.102579
-0.004284 -0.055015 0.142859
0.035278 -0.054232 0.154662
-0.010241 -0.054168 0.158426
0.059623 -0.066889 0.093997
-0.024264 0.005555 0.061318
-0.001257 -0.044058 0.182875
-0.037626 -0.051928 0.161829
-0.010390 0.066562 0.239973
0.053973 -0.088753 0.104555
0.053541 -0.059877 0.108740
0.079424 -0.066338 0.080608
-0.048986 -0.034426 0.175341
-0.055350 -0.057972 0.138634
0.053251 -0.040459 0.118940
-0.045089 -0.042053 0.177221
0.007498 0.025001 0.272911
-0.058232 -0.014419 0.133817
0.026896 -0.095812 0.100514
-0.026759 -0.044148 0.069986
0.033561 -0.028760 0.164929
-0.000908 -0.085616 0.131467
0.041199 -0.158069 0.129149
-0.062388 -0.072798 0.242195
-0.146548 -0.109462 0.168851
0.000372 -0.039946 0.127344
0.066595 -0.132201 0.109741
0.037902 -0.082006 0.165076
0.046610 -0.017459 0.002101
-0.018147 -0.032885 0.123064
-0.010341 -0.140693 0.171310
0.091367 -0.019344 0.179583
-0.059482 -0.055801 0.166856
0.000087 -0.097271 0.111982
0.041796 -0.031605 0.057097
0.015333 -0.059031 0.170766
-0.011363 -0.174449 0.222770
0.080792 -0.115244 0.068344
0.050229 -0.046159 0.158524
0.091995 -0.129506 0.225202
-0.007683 0.072300 0.263980
0.079466 -0.077285 0.083578
-0.042311 -0.059020 0.084695
-0.021135 -0.060471 0.125815
0.080468 -0.103095 0.065839
0.060486 -0.130945 0.077366
0.078489 0.003469 0.103721
-0.016390 -0.040894 0.174422
-0.066135 -0.046707 0.146882
-0.023943 -0.062711 0.126613
0.075717 0.095533 0.147123
-0.019225 -0.070274 0.174452
0.078780 -0.094497 0.220358
-0.051505 -0.004140 0.282154
0.166166 -0.076229 0.056764
0.002816 -0.004776 0.180519
0.005516 0.012494 0.164403
0.071418 -0.093466 0.189858
0.097473 -0.003089 0.057674
0.046813 -0.083493 0.064394
-0.028073 -0.088457 0.228897
0.029274 0.016038 0.150167
-0.037522 -0.099701 0.177494
0.012740 -0.052831 0.127525
-0.000422 -0.071513 0.101989
0.054673 -0.063395 0.180585
0.055207 -0.060507 0.145359
-0.123277 -0.026484 0.166836
0.031378 -0.042666 0.077355
0.108952 -0.011747 0.213950
0.008397 -0.020571 0.181480
0.010587 -0.061439 0.162039
0.023054 -0.025914 0.126273
-0.057816 -0.054294 0.159263
-0.024781 -0.031513 0.177542
-0.041332 -0.083127 0.218578
-0.033530 -0.073389 0.174188
0.020542 -0.069782 0.113796
0.006659 0.019214 0.102972
0.016201 0.000957 0.148224
0.119185 -0.027231 0.160436
0.006602 0.021790 0.205245
0.011843 -0.025042 0.265608
-0.022108 -0.016843 0.164940
0.048456 -0.009249 0.271878
0.017011 -0.016931 0.121660
0.137431 -0.046937 0.129945
0.029153 -0.007065 0.153456
0.065381 0.010755 0.073514
0.098526 -0.075927 0.134412
-0.107991 -0.118388 0.149265
0.025182 0.018212 0.117716
0.100652 -0.145595 0.052661
-0.019859 -0.025568 0.275825
0.054099 -0.043256 0.086911
0.029568 -0.000535 0.157084
-0.004701 -0.016455 0.198742
0.072889 -0.015737 0.168836
0.072759 -0.049502 0.125538
0.095149 -0.049069 0.020525
-0.016391 -0.093798 0.168154
0.070533 -0.077983 0.178046
-0.027774 -0.007990 0.201345
-0.005740 -0.078833 0.196685
-0.045238 -0.083058 0.205562
-0.069749 0.017157 0.146277
0.031550 -0.025422 0.137027
0.117716 -0.087254 0.116742
0.011085 -0.036324 0.168800
0.002161 0.005319 0.200985
-0.028768 -0.119656 0.240943
0.006460 0.102578 0.265787
0.071707 -0.048470 0.065469
0.140348 -0.076835 0.144068
0.000490 -0.044051 0.155325
-0.031377 -0.064824 0.042643
-0.003615 0.002794 0.194560
0.037463 -0.050210 0.138743
-0.039951 -0.083358 0.190707
0.009923 0.021515 0.272008
0.139012 0.007350 0.106892
0.004529 -0.089952 0.143445
0.013569 -0.059297 0.148949
0.016566 0.038712 0.223523
0.049408 -0.070064 0.154983
0.129448 -0.094067 0.113389
-0.060764 -0.095784 0.219036
-0.048232 0.004963 0.142811
0.089173 -0.012078 0.111210
0.144831 -0.034347 0.122578
-0.011856 -0.023449 0.184003
0.033055 -0.040966 0.108441
0.034871 -0.110953 -0.049238
-0.011493 -0.067675 0.151058
0.001916 -0.162905 0.162303
0.039093 -0.013507 0.115844
0.013692 -0.103301 0.065068
0.007815 -0.049054 0.162453
0.048511 -0.074215 0.119775
0.035164 -0.001411 0.085863
0.057508 -0.051043 0.068736
0.000070 -0.092888 0.210202
-0.043434 0.058900 0.130332
0.006606 -0.029558 0.190805
0.085493 -0.069609 0.095740
0.052051 0.003154 0.258420
0.133189 -0.029208 0.126585
0.008917 -0.008239 0.214101
0.103146 -0.000179 0.197665
0.103731 -0.107367 0.096803
-0.060181 -0.020323 0.077181
-0.025846 -0.021100 0.151120
-0.070817 0.025365 0.180797
0.044817 -0.104085 0.113184
-0.033982 0.006623 0.179629
0.127003 -0.039297 0.067306
-0.022661 -0.101658 0.188928
-0.057965 -0.077044 0.193832
-0.014568 -0.163914 0.251249
-0.020071 -0.069022 0.167373
0.032753 -0.023738 0.134726
0.033495 0.003877 0.174401
0.020590 -0.012551 0.115931
0.112241 -0.029780 0.038351
-0.010964 -0.013803 0.154375
0.086813 -0.062021 0.163404
0.069195 -0.060661 0.058958
0.082958 -0.056677 0.131726
0.059834 -0.056117 -0.036147
0.030108 -0.047055 0.096549
-0.096823 0.030433 0.216676
0.005690 -0.006361 0.068085
-0.012710 -0.084557 0.047890
0.122719 -0.070609 0.081760
-0.041336 -0.023115 0.260944
0.062209 0.015779 0.147590
0.173521 0.002285 0.142483
0.023199 0.004232 0.116583
-0.061994 -0.034796 0.103119
-0.005253 -0.137219 0.138709
-0.069167 -0.006681 0.208437
-0.040437 -0.003240 0.142166
0.118107 -0.024891 0.181605
0.040783 -0.071480 0.109519
-0.047043 -0.076411 0.126234
-0.042099 -0.063513 0.089853
0.040744 -0.026029 0.124380
0.033076 -0.065297 0.049852
-0.108205 -0.115355 0.204545
0.003159 -0.013454 0.009506
0.098078 -0.036935 0.021499
-0.024714 -0.053895 0.111420
0.000058 -0.086932 0.165415
0.093480 -0.081551 0.084851
-0.047927 -0.038772 0.195328
-0.000569 -0.028972 0.126299
0.085594 -0.066328 0.112750
0.030142 -0.116114 0.092303
0.049293 -0.034728 0.108595
0.027363 -0.072148 0.145311
-0.024869 0.009386 0.154323
0.012031 -0.002450 0.155291
0.004677 -0.103899 0.175417
0.029243 -0.101513 0.185053
-0.017238 -0.025638 0.204784
-0.001994 -0.107929 0.153524
0.011882 -0.043487 -0.405916
0.073392 -0.063908 -0.396478
-0.008980 -0.024477 -0.354789
0.184448 -0.086328 -0.407663
-0.038931 -0.078451 -0.386430
0.039361 -0.007263 -0.362425
0.086356 -0.103386 -0.298105
0.075407 -0.096222 -0.340218
0.202987 -0.080139 -0.279514
0.123529 0.008627 -0.373734
0.062322 -0.200370 -0.443460
0.011620 -0.148975 -0.408029
0.232386 -0.073238 -0.356117
0.086031 -0.000977 -0.254134
0.137232 -0.134866 -0.352400
0.113101 -0.147951 -0.359800
0.077511 -0.176199 -0.394222
0.211316 -0.088199 -0.384364
0.110602 -0.162042 -0.390379
0.103537 -0.039081 -0.317063
0.123224 -0.180720 -0.391723
0.078213 -0.003202 -0.333468
0.325998 -0.050914 -0.368603
0.166279 -0.001424 -0.289934
0.067060 -0.176209 -0.343073
0.135355 -0.024986 -0.400112
0.101022 -0.104161 -0.401766
0.033751 0.037096 -0.311051
0.234849 -0.001765 -0.313725
0.188835 -0.004093 -0.383403
0.213990 -0.181036 -0.309132
0.021626 -0.061772 -0.378735
0.104759 -0.084811 -0.401715
0.075653 0.018476 -0.420076
0.150165 -0.048032 -0.335648
0.204538 0.024124 -0.386395
0.340958 0.019456 -0.295402
0.143107 -0.065620 -0.326088
0.106140 -0.144933 -0.379452
0.213156 -0.120442 -0.361431
-0.069923 -0.051213 -0.340105
0.278529 0.053149 -0.261695
0.100776 -0.128987 -0.430750
0.204048 -0.009534 -0.389310
-0.018869 -0.004828 -0.378218
0.026584 -0.023103 -0.467656
0.258246 -0.074544 -0.340105
-0.013169 -0.097212 -0.379000
0.171364 -0.045331 -0.343055
0.149317 -0.017424 -0.362273
0.248130 -0.069014 -0.411175
0.133803 -0.182603 -0.378709
0.186766 -0.099974 -0.363618
0.278319 -0.090252 -0.317575
0.177178 -0.130061 -0.282038
0.273989 -0.013685 -0.356258
0.070673 -0.150390 -0.383642
0.144963 -0.009692 -0.380817
0.277401 -0.092106 -0.306701
0.147971 -0.043001 -0.316200
0.061294 -0.011908 -0.303781
0.153561 -0.143526 -0.355735
0.236861 -0.021607 -0.355808
0.129131 -0.145657 -0.350973
0.372022 -0.115586 -0.318747
0.179942 -0.257073 -0.365243
0.154674 -0.055928 -0.383151
0.283702 -0.031990 -0.347193
0.205090 -0.238487 -0.327653
0.154476 -0.186325 -0.428854
0.189642 -0.135794 -0.237201
0.164836 -0.176387 -0.299917
0.229823 0.032271 -0.296439
0.168916 -0.111497 -0.285592
0.136223 -0.069808 -0.269846
0.022707 -0.047950 -0.320572
0.095147 -0.021025 -0.409496
0.089259 -0.073941 -0.299952
0.181696 -0.200148 -0.229676
0.139898 -0.053807 -0.349724
0.060315 -0.028548 -0.325583
0.011223 -0.135636 -0.320317
0.092880 -0.126313 -0.336838
0.045864 0.138052 -0.422680
0.321631 -0.160727 -0.262487
0.139897 -0.139763 -0.360311
0.122243 -0.216352 -0.371481
0.119601 -0.157657 -0.378294
0.127793 -0.114301 -0.346917
0.062461 -0.057164 -0.409419
0.214676 -0.065336 -0.325239
0.137460 0.007735 -0.323679
0.069333 0.150287 -0.407007
0.170257 -0.056330 -0.355472
0.134345 -0.046338 -0.352094
0.177156 0.038603 -0.340249
0.027650 -0.102051 -0.282419
0.022461 -0.127523 -0.367445
0.100418 -0.060717 -0.347648
0.144654 -0.150758 -0.355066
0.166642 -0.085260 -0.347646
0.155178 -0.048687 -0.277406
0.159562 0.019933 -0.331483
0.116324 -0.074459 -0.365037
0.277088 -0.032453 -0.368895
0.260847 -0.103977 -0.318119
0.174963 -0.152420 -0.336732
0.092883 -0.014016 -0.358558
0.138096 -0.077061 -0.322796
0.206105 0.081146 -0.344984
-0.005488 -0.198218 -0.443736
0.268447 0.021994 -0.357811
0.223529 -0.060448 -0.243120
-0.038764 -0.081916 -0.379882
0.263646 -0.211828 -0.296387
0.214288 0.010878 -0.387738
0.184246 -0.120754 -0.277139
0.131992 0.047900 -0.437738
0.085401 -0.106885 -0.362925
0.194644 -0.070483 -0.324416
0.156059 0.056171 -0.375456
0.216324 -0.139993 -0.268370
0.080332 0.002182 -0.356264
0.040165 0.031902 -0.452097
0.172773 -0.112344 -0.314711
0.228317 -0.031573 -0.445663
0.314545 -0.192552 -0.332835
0.086544 -0.127379 -0.311769
0.105819 -0.064657 -0.250695
0.110797 -0.035159 -0.294424
0.137570 -0.062730 -0.368488
0.173165 -0.050725 -0.345340
0.054848 -0.151105 -0.380371
0.239675 -0.072095 -0.334179
0.096052 0.054740 -0.397375
0.168229 -0.104010 -0.365755
0.048177 -0.094402 -0.402454
0.230670 -0.141963 -0.350261
0.019672 0.129062 -0.350651
0.187918 0.017704 -0.361428
0.140187 0.036550 -0.368491
0.220278 0.044761 -0.275129
0.187792 -0.035213 -0.339663
0.159266 -0.026821 -0.303152
0.125114 -0.135358 -0.415945
0.137764 -0.115756 -0.372529
0.038731 -0.191648 -0.333909
0.112579 -0.126717 -0.405151
0.166791 0.086344 -0.256991
0.153712 0.015226 -0.445518
0.165773 -0.163623 -0.355549
0.254930 -0.093662 -0.213223
0.148120 -0.056961 -0.413795
0.204170 -0.023477 -0.363715
-0.002485 -0.071930 -0.306597
0.127443 -0.197140 -0.328320
0.133207 0.007309 -0.357282
0.030953 0.010691 -0.320592
-0.031514 -0.089160 -0.002432
0.032861 -0.142242 0.002791
0.007176 -0.165031 -0.007084
0.037282 -0.174196 0.014081
-0.016695 -0.244945 -0.003613
0.017217 -0.161766 0.043533
-0.005998 -0.028017 -0.001143
-0.082705 -0.086475 0.034122
0.034211 -0.110664 -0.003903
-0.013660 -0.125104 -0.043031
0.034415 -0.094929 0.052581
0.019167 -0.045404 -0.000258
0.005121 -0.022358 0.011082
-0.014000 -0.117371 -0.026172
-0.115516 -0.001203 0.064701
-0.001328 -0.163460 0.019232
0.043300 -0.186195 -0.025743
0.060983 -0.262796 -0.004800
-0.031331 -0.044805 -0.016694
-0.001525 -0.219162 0.024013
-0.006288 -0.122550 -0.014291
0.046286 -0.141178 -0.009062
-0.030215 -0.027934 0.040543
0.043595 -0.110883 -0.050025
-0.006569 -0.075837 -0.026047
0.002848 -0.092209 0.032280
0.004266 -0.158760 -0.051402
-0.011085 -0.203744 -0.015380
0.033199 -0.049027 -0.030499
-0.036113 -0.171041 0.033671
0.004076 -0.078483 -0.018080
-0.065503 0.019968 0.038773
-0.028742 -0.145541 -0.010175
-0.031065 -0.137138 0.026913
-0.021906 -0.208381 -0.006124
0.034563 -0.154085 -0.090808
0.058493 -0.224968 0.014536
0.016803 -0.225922 0.016908
-0.070019 -0.139618 0.032289
0.016686 -0.179392 -0.037078
0.042868 -0.057170 0.008409
0.005524 -0.150265 -0.009423
-0.003006 -0.090863 0.015737
0.037613 -0.072414 -0.046121
-0.014936 0.018927 -0.059855
-0.030064 -0.081265 0.009511
-0.048139 -0.148910 0.039332
-0.065088 -0.151243 0.023977
0.043816 -0.207114 0.033783
-0.019515 -0.185682 -0.077535
-0.011412 -0.196201 0.005432
0.021912 -0.138962 0.021532
0.067321 -0.141551 -0.048080
0.044489 -0.140847 -0.063507
0.058104 -0.061064 -0.074192
0.053126 -0.134450 -0.047477
-0.057904 -0.074954 0.035460
-0.024795 -0.228872 -0.027749
-0.002412 -0.094439 0.013551
-0.025546 -0.134384 0.027743
-0.018404 -0.099955 0.015823
-0.044609 -0.138758 -0.021741
-0.014836 -0.062636 0.002496
-0.020913 -0.163683 0.022316
-0.015397 -0.078952 0.042030
0.012678 -0.170164 0.034062
-0.014424 -0.216216 0.046201
-0.018078 -0.230679 -0.013733
0.037197 -0.077577 -0.012257
-0.036083 -0.204326 0.011310
0.016726 -0.113372 -0.017140
-0.007001 -0.084192 -0.008398
0.003162 -0.156771 0.062654
0.034450 -0.097563 0.056771
0.026064 -0.080503 0.032789
0.000057 -0.228676 -0.042930
0.009424 -0.001637 -0.063213
0.010208 -0.051655 -0.112161
-0.040391 -0.141992 0.053761
0.027805 -0.141434 -0.026657
-0.020823 -0.143544 0.009130
-0.089598 -0.197248 0.037263
0.026376 -0.098658 -0.061426
0.050881 -0.136585 0.040418
-0.064313 -0.067106 0.022065
0.026007 -0.268458 -0.009729
-0.049184 -0.156330 -0.009051
0.058032 -0.179728 -0.025939
-0.044441 -0.138564 0.015613
-0.043943 -0.248678 0.123924
-0.008984 -0.131288 0.012063
-0.093014 -0.132752 0.048254
0.017586 -0.186278 -0.060752
-0.046356 -0.127614 0.033119
-0.012752 -0.204010 -0.008219
-0.017204 -0.035039 -0.027138
-0.057825 -0.131161 -0.011722
0.006164 -0.127518 0.048688
-0.047101 -0.042000 0.000999
-0.054010 -0.039805 -0.084856
0.032092 -0.097315 0.018451
-0.023851 -0.047148 -0.003579
0.031020 -0.220630 -0.063105
-0.083523 -0.091865 -0.055139
0.044606 -0.151952 0.013910
0.030771 -0.091505 -0.094260
0.007805 -0.057578 -0.059335
0.010138 -0.139481 -0.000961
-0.021692 -0.167137 0.013125
-0.065236 0.034784 -0.091226
0.040784 -0.153373 0.031241
0.055120 -0.235213 0.002751
-0.040550 -0.164216 -0.012995
0.055972 -0.096967 -0.039432
-0.006234 -0.114917 0.012306
-0.012080 -0.128053 -0.058468
-0.056036 -0.091465 0.062632
0.019110 -0.182027 -0.027681
-0.033000 -0.213799 0.005889
-0.039338 -0.218030 0.112950
0.035089 -0.228219 -0.015515
-0.039653 -0.194638 0.050925
0.021639 -0.224362 -0.035013
-0.033371 -0.153298 -0.004618
-0.004914 -0.068011 -0.047224
0.001796 -0.061116 -0.055124
-0.030600 -0.084562 -0.042982
0.042253 -0.203575 0.048454
-0.051361 -0.127497 -0.041253
0.030089 -0.165423 -0.049236
-0.009619 -0.207286 -0.027613
-0.006487 -0.171011 -0.028611
0.023189 -0.247599 0.001170
0.037182 -0.139129 0.001025
0.030719 -0.120927 -0.037557
0.062679 -0.176655 0.022195
-0.011489 -0.059910 0.031306
-0.029182 -0.160895 0.015356
-0.012095 -0.094561 0.086698
-0.025906 -0.067164 -0.002615
-0.058914 -0.175408 0.032261
-0.004960 -0.171857 -0.005334
0.023944 -0.150625 -0.039012
-0.031162 -0.073881 -0.004219
-0.056376 -0.114021 -0.041481
0.000443 -0.069946 -0.018047
-0.010643 -0.027784 -0.067515
-0.010916 -0.194341 -0.042997
0.031278 -0.059683 0.051470
-0.009937 -0.192273 0.050907
-0.003830 -0.006342 -0.010965
0.096278 -0.182532 0.038344
-0.023155 0.040421 0.052626
-0.027302 -0.205259 -0.090935
0.048485 -0.235494 0.061243
0.038586 -0.132816 0.010903
-0.058627 -0.120853 0.073392
0.022915 -0.136113 -0.026919
0.004701 -0.154106 -0.019915
-0.029491 -0.055050 0.052639
-0.000244 -0.134727 0.077435
-0.022953 -0.213891 0.062656
-0.068304 -0.068792 0.022021
-0.039215 -0.104022 0.023184
-0.033643 -0.143409 0.021935
-0.055764 -0.109130 0.043124
-0.009941 -0.077680 -0.031060
-0.056794 -0.110994 -0.017839
-0.060851 -0.109769 0.066572
0.007528 -0.033982 0.037869
-0.038315 -0.162510 -0.038953
-0.048112 -0.163365 -0.060742
0.058194 -0.199648 0.007119
0.057343 -0.130226 -0.026605
-0.017250 -0.095487 0.004445
0.042467 -0.108443 -0.056139
0.035096 -0.114395 0.042100
0.000967 -0.192326 -0.014458
-0.000115 -0.123657 0.036401
-0.026285 -0.110706 0.015592
-0.064489 -0.123384 0.023106
-0.021011 -0.174117 0.049328
0.062368 -0.150875 -0.025531
-0.024757 -0.098565 0.006588
0.009419 -0.092057 -0.012850
-0.050518 -0.077129 0.020716
0.028268 -0.083385 -0.075376
0.045194 -0.234287 0.026744
0.009501 -0.170750 -0.066627
-0.019696 -0.041610 -0.044686
0.013989 -0.180767 -0.016417
0.004969 -0.188894 0.043864
0.040378 -0.082460 -0.026540
-0.059427 0.021917 0.038968
0.002026 -0.240880 0.039826
-0.002000 -0.200560 -0.053341
-0.037636 -0.217301 0.070110
0.001515 -0.069688 0.023834
0.022055 -0.218274 0.006838
-0.058152 -0.145510 0.029851
0.002817 -0.195722 0.023137
-0.016964 -0.046132 -0.037529
-0.007420 -0.186879 0.035794
0.056085 -0.091868 -0.050044
0.013578 -0.315070 -0.062164
-0.035229 -0.175835 0.055500
-0.046302 -0.142192 0.065167
-0.048658 -0.059318 0.005572
0.025037 -0.129271 -0.028907
0.013729 -0.178725 0.039409
0.053376 -0.113826 -0.004455
-0.078134 -0.105531 0.022536
-0.043922 -0.172805 0.031500
-0.039584 -0.172782 -0.002765
0.021497 -0.126216 0.042774
0.021650 -0.197117 -0.020142
-0.055624 -0.178419 -0.018706
-0.027259 -0.108804 -0.001178
-0.020307 -0.138544 -0.042325
0.044893 -0.263283 0.004628
0.006436 -0.147761 0.033172
0.031244 -0.040938 -0.096515
0.006243 -0.245772 -0.029940
-0.012505 -0.023941 0.000362
-0.042423 -0.135697 0.060961
-0.007097 -0.087883 -0.025209
0.037672 -0.172237 -0.019289
0.009281 -0.169370 -0.031107
-0.004056 -0.182551 0.023146
-0.012828 -0.305706 0.088066
-0.047683 -0.124093 0.052950
0.068246 -0.072108 -0.039673
0.002707 -0.181365 -0.014689
-0.011396 -0.141150 0.038209
-0.016868 -0.279644 0.051005
0.012479 -0.087531 0.017578
0.013131 -0.215540 -0.006153
-0.032661 0.008428 -0.013102
0.026095 -0.191253 0.013124
0.017153 -0.131293 0.013239
0.002782 -0.021578 0.026786
0.036511 -0.178028 -0.002759
-0.011819 -0.120211 0.034734
0.045699 -0.187118 0.000780
0.008584 -0.071742 0.056141
0.044293 -0.135982 0.003200
0.010953 -0.076489 0.030925
-0.034953 -0.121487 0.010187
0.040536 -0.287330 -0.008496
0.085430 -0.106336 -0.064879
-0.029106 -0.083263 -0.022375
-0.008232 -0.186032 0.005265
0.028742 -0.178196 0.058548
-0.030375 -0.158548 -0.000872
-0.001895 -0.057970 -0.019553
0.017813 -0.150431 -0.030125
0.009650 -0.100640 0.018011
-0.039846 -0.045467 0.014192
0.007756 -0.213647 -0.036277
-0.029594 -0.138820 0.051631
0.004600 -0.062254 0.039866
0.026728 -0.168970 0.002997
0.108000 -0.267818 0.003119
0.026739 -0.173919 -0.077107
-0.023827 -0.068211 0.062051
-0.043254 -0.121023 -0.046652
-0.091504 -0.137576 -0.002130
0.017770 -0.052630 0.040100
-0.057323 -0.095690 -0.027610
-0.018611 -0.180423 0.038533
0.062596 -0.116587 -0.013459
0.002051 -0.250839 0.043358
0.045576 -0.136130 0.024452
0.032502 -0.117510 -0.068547
0.017353 -0.248197 -0.012112
0.062170 -0.178131 -0.092912
-0.115329 -0.138045 0.002145
-0.044414 -0.171628 -0.008463
-0.040294 -0.095760 -0.029005
0.016138 -0.134346 0.004064
-0.003660 -0.175088 0.014184
-0.035395 -0.098106 0.003150
-0.057817 -0.210187 -0.015179
0.043193 -0.200089 0.079019
-0.051555 -0.095383 -0.042896
0.028711 -0.134591 0.008650
0.028007 -0.186948 0.037705
0.023417 -0.152867 -0.013776
0.010254 -0.145174 0.019341
0.032584 -0.191298 -0.016051
0.003377 -0.150425 0.022479
-0.062791 -0.045857 0.027754
0.026246 -0.209052 -0.028139
0.014152 -0.111155 0.021930
-0.012214 -0.233462 -0.050581
0.014261 -0.149416 -0.005810
-0.037351 -0.152207 -0.019546
0.002927 -0.253872 0.079961
0.029423 -0.136746 0.013333
-0.007262 -0.214732 0.029720
-0.082633 -0.126030 0.011689
0.013189 -0.123036 -0.059387
-0.001764 -0.149628 0.028369
-0.002041 -0.128486 0.021506
-0.027046 -0.123905 -0.072982
-0.036386 -0.032832 -0.038511
-0.027992 -0.219331 -0.022705
0.049930 -0.072655 -0.024397
-0.026594 -0.217963 0.015886
-0.056896 -0.113127 0.054005
-0.082404 -0.148174 0.022482
0.008234 -0.151347 -0.024227
0.049671 -0.134140 -0.048315
-0.048486 -0.210990 -0.008850
0.025802 -0.150045 -0.012693
0.064134 -0.236290 -0.024262
0.005649 -0.146263 -0.008653
0.027723 -0.123298 0.010306
-0.084068 -0.123394 -0.002492
-0.007115 -0.158314 0.012101
-0.023696 -0.084660 0.011473
0.070125 -0.141991 0.053191
-0.033011 -0.080743 -0.002743
0.038746 -0.220832 0.031430
0.048594 -0.130923 0.017376
-0.014181 -0.089953 -0.045390
-0.015896 -0.147553 -0.009194
0.016644 -0.161313 -0.004294
0.044025 -0.195322 -0.076717
0.019008 -0.185748 -0.037465
-0.022301 -0.152812 0.023626
-0.185533 0.038351 0.015827
-0.323599 0.064048 -0.032238
-0.293549 0.040853 -0.054855
-0.159006 -0.121204 -0.012115
-0.082614 -0.019999 -0.035711
-0.248611 -0.025755 -0.054994
-0.195382 0.044511 -0.014253
-0.289134 -0.004255 -0.055256
-0.248552 0.059030 0.024726
-0.204878 0.027549 0.028500
-0.299522 0.022716 -0.000951
-0.188671 -0.098502 0.037037
-0.052741 0.018013 -0.037981
-0.111525 0.019264 0.019493
-0.247987 0.025032 -0.004336
-0.099821 -0.071105 0.013424
-0.159011 0.013786 -0.039739
-0.261289 -0.050704 0.015970
-0.185966 -0.031904 -0.017610
-0.101810 -0.088313 0.043851
-0.276837 0.044335 0.017052
-0.250506 0.001405 -0.015350
-0.262120 0.028619 0.023721
-0.189721 0.046242 -0.066159
-0.127239 -0.060094 -0.005896
-0.191620 -0.040008 -0.075877
-0.309253 -0.012251 -0.016019
-0.255245 -0.047822 -0.024912
-0.247060 -0.004143 -0.047218
-0.206492 0.018153 -0.057280
-0.156559 -0.016291 0.006494
-0.212849 -0.018650 0.037622
-0.277253 -0.037283 0.046298
-0.100947 -0.004811 -0.003039
-0.231091 -0.028382 -0.050836
-0.230767 0.038327 0.040774
-0.252383 -0.070127 0.008733
-0.212492 -0.087714 0.015402
-0.129473 0.035383 0.047248
-0.235629 0.110561 0.073936
-0.175299 -0.095425 0.068688
-0.177691 -0.011057 0.002774
-0.097925 0.037606 -0.040312
-0.216313 -0.072870 0.060446
-0.312825 0.007337 -0.043166
-0.103813 -0.070469 0.024895
-0.094510 -0.060519 -0.018120
-0.239843 0.027264 -0.061353
-0.197667 -0.069638 0.058078
-0.227770 0.008516 -0.009803
-0.240103 -0.005210 -0.026066
-0.195062 -0.070269 0.018400
-0.299258 -0.011652 0.019269
-0.172636 -0.081883 -0.058311
-0.179674 -0.039017 -0.057539
-0.182679 -0.018064 0.083624
-0.257414 0.033425 0.100368
-0.075498 -0.047891 0.079277
-0.195646 0.044064 0.016348
-0.251366 -0.002737 0.039777
-0.260981 -0.016234 0.035364
-0.264670 -0.038419 -0.019912
-0.115625 -0.001245 0.034539
-0.273277 -0.034009 0.022754
-0.291515 -0.000580 0.019573
-0.297352 0.007991 0.029230
-0.284675 -0.023032 -0.030856
-0.162043 -0.026909 0.007078
-0.252217 -0.017922 -0.013949
-0.376364 -0.051121 0.035915
-0.248550 0.003575 -0.062086
-0.186737 -0.019825 -0.001625
-0.266762 0.052571 0.014570
-0.162232 -0.076203 0.006158
-0.333584 -0.009892 0.049289
-0.169951 -0.059128 0.046182
-0.132711 0.006555 0.005590
-0.149223 -0.006889 -0.026358
-0.111324 -0.023907 -0.000712
-0.149648 -0.021393 -0.054506
-0.133745 0.013780 -0.017166
-0.162418 -0.033775 -0.038532
-0.247569 0.010432 0.064907
-0.194593 -0.038903 0.003553
-0.168067 0.015096 -0.031607
-0.249094 -0.015521 -0.001550
-0.185778 -0.010639 -0.035735
-0.239558 -0.107584 0.041050
-0.076624 -0.029584 0.010594
-0.203332 -0.076120 -0.004431
-0.149603 -0.099020 0.007353
-0.182680 0.030022 0.029690
-0.298411 -0.000854 -0.017581
-0.166149 0.041477 0.040349
-0.197622 -0.015558 0.052765
-0.146870 -0.005452 -0.008656
-0.272769 -0.077553 0.039067
-0.257992 -0.043994 -0.094080
-0.168448 0.013076 0.041278
-0.171018 -0.113322 -0.010086
-0.144251 -0.086732 0.005737
-0.224070 -0.065232 -0.003750
-0.157842 -0.058294 -0.013057
-0.166151 0.009161 -0.005886
-0.161820 -0.060489 -0.005851
-0.216458 0.044778 0.025154
-0.245098 -0.046136 0.056374
-0.227963 -0.044344 0.014741
-0.167518 -0.015526 -0.007549
-0.269758 0.021285 -0.061587
-0.271242 -0.049132 -0.011114
-0.098649 0.024426 0.021950
-0.211470 -0.073092 -0.020356
-0.174946 0.002369 0.008135
-0.277151 -0.041460 0.067996
-0.199888 -0.073607 0.004804
-0.082324 -0.115771 -0.010921
-0.195725 -0.046127 -0.066461
-0.266892 -0.050184 0.009220
-0.232510 -0.005500 0.027388
-0.260121 -0.019449 0.051140
-0.135064 0.014663 -0.093259
-0.254490 -0.012013 -0.027835
-0.242722 -0.003596 0.009244
-0.258772 -0.040109 0.061073
-0.250669 0.018834 -0.028019
-0.103618 -0.006513 0.028879
-0.094334 -0.004638 0.013739
-0.255720 -0.018345 0.022819
-0.348630 -0.047438 -0.017753
-0.105061 -0.039254 0.022574
-0.174887 -0.052185 -0.001790
-0.088846 -0.055686 -0.040685
-0.252173 -0.055055 0.022210
-0.313588 -0.031160 0.018269
-0.232284 -0.019066 0.068388
-0.259197 -0.134438 -0.035016
-0.201294 0.010100 0.022582
-0.192313 -0.034125 -0.012319
-0.221870 0.004576 0.009592
-0.231497 -0.020310 0.020929
-0.243940 0.004371 0.024162
-0.238244 -0.069177 0.008014
-0.248416 0.012391 -0.044724
-0.215955 -0.027228 -0.022916
-0.071903 -0.134301 0.019654
-0.234772 -0.087392 -0.046211
-0.222826 -0.013487 0.042422
-0.164541 0.055192 0.021920
-0.074749 0.019437 0.015217
-0.281255 -0.025095 -0.009270
-0.066011 -0.012051 -0.042063
-0.176710 0.019208 -0.022734
-0.309665 0.097571 -0.079981
-0.237010 -0.000923 -0.037034
-0.112325 -0.033219 0.004217
-0.258495 -0.072959 -0.009123
-0.206706 -0.013649 -0.002409
-0.179362 0.034854 0.002812
-0.215790 -0.019334 0.033100
-0.241542 0.062423 -0.036888
-0.266988 0.007061 0.011164
-0.184639 -0.074354 0.006797
-0.205081 0.044561 -0.061417
-0.178823 -0.063417 -0.026704
-0.294941 0.016597 0.017667
-0.165487 -0.038648 0.047297
-0.273278 -0.087836 -0.017907
-0.119535 0.028845 -0.016097
-0.111521 0.013744 -0.034459
-0.420534 -0.010179 0.009933
-0.154014 0.025104 -0.005816
-0.129320 0.041822 -0.065588
-0.317685 0.017021 -0.053739
-0.180326 -0.050189 -0.000517
-0.124517 -0.022036 -0.025663
-0.275092 -0.076498 0.015597
-0.073403 -0.019680 -0.005021
-0.161085 0.001206 0.009406
-0.246275 -0.067524 -0.021433
-0.183032 -0.013612 0.007365
-0.237890 -0.021484 -0.016946
-0.258067 -0.056781 0.061511
-0.257587 0.085146 -0.028774
-0.207216 -0.028886 -0.045472
-0.150880 -0.013655 0.013741
-0.159416 -0.022157 -0.028026
-0.229767 -0.008672 0.062742
-0.167745 0.025567 -0.023025
-0.174077 -0.101527 0.049165
-0.225526 -0.016044 -0.076821
-0.149722 -0.024417 -0.022873
-0.329517 -0.047935 0.016964
-0.251472 0.041067 0.056087
-0.353664 0.003327 0.026969
-0.183939 0.005433 0.017217
-0.281809 -0.082499 0.073620
-0.118506 -0.010221 -0.009308
-0.194849 0.079809 -0.006834
-0.315890 0.068989 -0.004309
-0.182437 -0.038216 -0.010439
-0.150643 -0.048718 -0.002960
-0.285960 -0.036160 0.033682
-0.276534 0.063007 0.025605
-0.209665 0.027148 -0.013293
-0.142394 0.000440 -0.013181
-0.181036 -0.098648 -0.013404
-0.182474 0.016759 0.022787
-0.238040 0.009080 -0.037572
-0.180872 0.013457 0.017547
-0.065344 -0.005407 0.054019
-0.236049 0.034005 -0.008850
-0.268338 -0.060345 -0.027021
-0.267678 0.004083 -0.043972
-0.266175 -0.007588 -0.002249
-0.181806 -0.028044 0.008511
-0.126717 0.000787 -0.037940
-0.306857 0.028111 0.026241
-0.288664 0.021582 0.003694
-0.136175 -0.020157 -0.022871
-0.255849 0.013231 -0.003809
-0.320697 0.038344 0.049767
-0.201962 -0.043295 -0.003676
-0.236702 -0.041116 -0.013191
-0.156629 0.024019 -0.023245
-0.169272 -0.019038 -0.036257
-0.199906 -0.015014 0.002378
-0.285059 -0.011697 -0.012492
-0.219821 -0.080018 0.018957
-0.270035 0.056619 -0.042207
-0.132340 -0.079560 -0.048446
-0.251750 -0.023095 0.013781
-0.284674 -0.049770 0.080799
-0.155712 -0.102376 -0.011001
-0.177636 -0.035174 -0.039362
-0.215478 -0.003028 0.015116
-0.272021 -0.078373 -0.015798
-0.176388 -0.062995 0.042413
-0.272899 0.004708 -0.001149
-0.040230 -0.018439 -0.047881
-0.233844 0.058417 -0.026955
-0.204075 -0.019117 0.014898
-0.138290 -0.078772 0.039503
-0.236612 -0.026880 -0.019424
-0.071253 -0.022190 0.077571
-0.263434 -0.006435 0.003976
-0.302521 -0.061958 -0.023128
-0.172267 -0.058301 -0.004962
-0.258722 -0.060947 -0.049611
-0.177395 -0.030603 0.019716
-0.213082 -0.047446 0.038444
-0.179344 -0.051097 -0.016939
-0.185558 -0.037171 0.009407
-0.254955 -0.032563 -0.001244
-0.268333 0.026279 0.051755
-0.277080 -0.005185 -0.054937
-0.281181 -0.059996 -0.006962
-0.182376 0.041723 -0.007291
-0.193319 -0.004005 -0.032942
-0.152729 -0.090180 -0.057510
-0.021472 0.017138 -0.001231
-0.260271 0.025498 0.068812
-0.225940 -0.021935 -0.008778
-0.235187 -0.043393 -0.015920
-0.198226 0.059327 -0.006841
-0.338759 -0.073397 0.060985
-0.157615 0.029963 -0.029573
-0.151009 -0.035059 -0.033057
-0.094856 -0.105576 0.010966
-0.300584 0.055521 0.030852
-0.119297 -0.011493 -0.032799
-0.164547 -0.096041 -0.020446
-0.238997 -0.054731 -0.030769
-0.105663 -0.055565 -0.023852
-0.167612 -0.027177 -0.020058
-0.121771 -0.057778 -0.000259
-0.206494 -0.067190 0.029718
-0.237370 -0.065055 0.076911
-0.027923 -0.012039 0.023986
-0.148527 -0.025240 0.016258
-0.174101 -0.027655 -0.020122
-0.174262 -0.022948 0.007059
-0.127960 -0.002935 -0.004532
-0.174269 -0.023387 -0.036992
-0.146824 -0.033905 -0.022074
-0.093069 -0.007313 0.007165
-0.177928 0.052190 0.005714
-0.041320 -0.043331 -0.016878
-0.226356 -0.058363 0.002970
-0.227713 -0.000912 -0.025284
-0.263597 0.028391 -0.014971
-0.286301 -0.010899 0.050371
-0.192720 0.075728 -0.016284
-0.269408 0.010971 0.038944
-0.160012 0.007712 0.059480
-0.126306 -0.135206 -0.044008
-0.110751 0.022152 0.004177
-0.358753 -0.075479 0.044488
-0.230997 -0.046362 0.012387
-0.203789 -0.006257 -0.001898
-0.129721 -0.038856 -0.031719
-0.162680 -0.023819 0.004614
-0.315639 -0.051511 0.004064
-0.229567 -0.030023 0.000159
-0.099266 0.035176 -0.046506
-0.121826 0.020481 0.027718
-0.348694 0.000490 -0.006704
-0.140740 -0.006066 0.056001
-0.231936 0.000291 -0.019339
-0.111848 -0.024340 -0.017325
-0.241097 -0.016758 0.058436
-0.311682 -0.043225 0.011967
-0.109569 -0.005786 -0.017310
-0.172245 -0.059196 0.026798
-0.266246 -0.084569 0.057453
-0.030985 -0.050506 -0.006834
-0.183347 -0.096422 0.015651
-0.174978 0.051679 0.018563
-0.239156 -0.119035 0.024627
-0.172304 0.053711 -0.046998
-0.196842 -0.012783 0.043074
-0.215963 0.026637 -0.053049
-0.214125 -0.002241 -0.024757
-0.323271 -0.028594 0.033518
-0.350846 -0.011125 -0.015612
-0.266326 0.013846 0.031064
-0.068735 -0.060288 -0.005226
-0.324389 -0.057828 -0.028457
-0.192553 -0.098017 -0.005019
-0.366905 -0.011785 0.069974
-0.224879 0.016245 0.038140
-0.353046 0.000268 0.023895
-0.296026 -0.135740 0.064599
-0.119478 0.028623 -0.028740
-0.247678 -0.108722 0.005333
-0.231936 -0.052055 -0.018534
-0.117069 -0.018247 -0.060844
-0.194689 0.004257 0.006134
-0.141019 -0.035834 0.005562
-0.295232 -0.020630 -0.028451
-0.195731 -0.150983 0.059464
-0.130284 -0.015883 0.009258
-0.214336 -0.033536 -0.008451
-0.146189 -0.025220 -0.006372
-0.270936 0.034852 -0.020518
-0.435479 0.020966 -0.012859
-0.275350 -0.019519 -0.012340
-0.217192 -0.055424 -0.025216
-0.144386 -0.063604 -0.013565
-0.225881 0.021437 0.025783
-0.235708 -0.123059 -0.041512
-0.178694 -0.051469 -0.029973
-0.256926 -0.011505 -0.024494
-0.227694 -0.004955 -0.002259
-0.180813 -0.026725 -0.002334
-0.307016 0.029348 0.004011
-0.175018 0.045022 -0.023268
-0.268920 -0.011280 0.015738
-0.260452 -0.068515 -0.017130
-0.226195 -0.027954 -0.008381
-0.245826 -0.113912 0.051966
-0.271494 -0.044727 0.043709
-0.193627 -0.027398 0.006180
-0.174827 -0.068960 0.049835
-0.341034 0.071827 -0.039505
-0.109656 -0.042354 0.033856
-0.269347 -0.079787 -0.022219
-0.270437 0.015045 -0.050206
-0.146932 0.005524 0.013616
-0.182573 -0.015266 -0.029701
-0.158325 -0.018969 0.000976
-0.217429 0.046003 0.017312
-0.206920 0.043953 0.019376
-0.045485 -0.000595 -0.021482
-0.139673 0.013783 0.090231
-0.167301 0.003641 0.013820
-0.203737 -0.051445 0.030263
-0.196419 -0.056973 -0.018196
-0.159866 -0.028329 -0.023183
-0.230575 -0.046442 -0.056513
-0.216386 0.025640 0.021991
-0.170079 -0.081725 0.010938
-0.232380 -0.023272 -0.030017
-0.216005 0.032419 -0.062793
-0.236974 0.028315 0.008272
-0.238685 -0.040497 -0.026696
-0.220001 0.037809 0.049946
-0.048741 -0.085195 -0.014716
-0.117490 -0.012364 -0.003845
-0.155553 -0.049725 0.005860
-0.170735 -0.026452 -0.026136
-0.381156 -0.100486 0.072230
-0.246343 0.055085 -0.058134
-0.268633 -0.004899 0.027513
-0.251804 0.009674 -0.005961
-0.346546 0.012939 0.053897
-0.189011 -0.025863 -0.004865
-0.266384 0.018204 0.011069
-0.059516 -0.005586 -0.020605
-0.180902 0.014386 -0.085088
-0.233216 -0.017485 0.004008
-0.255770 0.055268 -0.075889
-0.284980 0.031985 0.006699
-0.150639 0.025751 -0.046241
-0.146882 -0.086352 0.075911
-0.257781 -0.082498 0.012442
-0.113537 -0.103490 0.023844
-0.185246 0.000830 0.007296
-0.115504 -0.040894 0.007671
-0.233753 0.020655 -0.045894
-0.248187 -0.040996 -0.047093
-0.180587 0.002327 -0.021855
-0.213407 -0.056059 0.082016
-0.284985 -0.036398 0.006646
-0.128076 -0.029944 -0.011953
-0.324988 -0.051884 0.005971
-0.245695 0.026806 -0.053849
-0.218109 -0.058526 -0.056839
-0.281364 -0.004638 0.035124
-0.191238 -0.099128 0.003655
-0.147238 -0.042366 0.001805
-0.159180 0.017833 0.035180
-0.196214 -0.063539 0.007842
-0.204010 -0.013749 0.020623
-0.243355 -0.011902 0.024179
-0.298563 0.049849 0.012438
-0.153994 0.013166 -0.069035
-0.226239 -0.003633 -0.002425
-0.235912 -0.038524 0.006939
-0.355579 0.010177 -0.007263
-0.216111 0.031160 -0.030903
-0.198915 -0.055681 -0.008049
-0.161214 0.005872 0.015664
-0.213529 -0.019639 -0.053037
-0.074290 -0.073160 -0.013608
-0.292043 -0.017864 -0.002724
-0.244740 0.016878 -0.008850
-0.233757 -0.014479 -0.041998
-0.126214 -0.068149 -0.008122
-0.023769 -0.081715 -0.064700
-0.237554 -0.077761 -0.040511
-0.216764 0.015305 0.056025
-0.215583 -0.020490 -0.063919
-0.135695 0.015799 -0.038826
-0.242633 -0.017094 0.044803
-0.187269 -0.011564 -0.043965
-0.163619 -0.027890 0.021790
-0.219437 -0.038573 -0.019552
-0.147622 -0.001524 -0.069016
-0.164949 0.001043 0.044547
-0.143687 0.038717 0.052328
-0.136584 -0.055319 0.018419
-0.069849 -0.096111 -0.005661
-0.233706 -0.000256 -0.013251
-0.283086 -0.024228 0.036170
-0.349387 -0.057802 0.087410
-0.214431 0.047337 -0.080826
-0.201926 0.048436 -0.039427
-0.109930 -0.035416 -0.037233
-0.276301 -0.005325 -0.027527
-0.166090 -0.039216 0.003474
-0.148275 -0.030718 0.038159
-0.205949 0.044713 -0.016408
-0.131904 0.077570 -0.009109
-0.157532 0.046031 0.055652
-0.103959 0.056482 -0.018448
-0.249615 -0.044825 0.055295
-0.197987 0.003114 -0.044388
-0.275655 -0.020037 0.007368
-0.241004 0.049549 -0.085397
-0.221653 -0.039394 -0.070798
-0.202702 0.020057 -0.010579
-0.220800 -0.012367 -0.018291
-0.152472 0.018827 0.018528
-0.182989 -0.106037 0.091833
-0.190571 -0.032812 0.048489
-0.178952 0.002897 0.002036
-0.206345 -0.059521 0.052336
-0.164925 -0.021439 -0.036120
-0.081039 -0.049806 0.044658
-0.282689 -0.011554 0.032128
-0.204668 0.047275 0.024168
-0.164277 0.046816 -0.014956
-0.259025 -0.001680 -0.031448
-0.177372 -0.026403 0.011101
-0.308537 0.024133 0.060785
-0.222534 0.032359 -0.006651
-0.249428 -0.133959 0.015448
-0.339206 0.003746 -0.045991
-0.164035 0.004551 0.026262
-0.169320 -0.005773 -0.003616
-0.210820 -0.058241 0.054942
-0.267061 0.059585 -0.043876
-0.169555 -0.094387 0.173422
-0.276545 -0.147281 0.312373
-0.171425 -0.076509 0.277192
0.034352 -0.022775 0.270667
-0.022067 -0.037964 0.424891
-0.060259 -0.126509 0.282386
-0.047655 -0.121614 0.298119
-0.129538 -0.198245 0.268843
-0.077189 -0.091555 0.396928
-0.152941 -0.104840 0.363151
-0.009472 -0.167049 0.307649
-0.245955 -0.019294 0.249178
-0.190624 -0.138491 0.303886
-0.123841 -0.075388 0.371152
-0.046468 -0.157947 0.341728
-0.032101 -0.269002 0.284142
-0.210173 -0.011119 0.409747
-0.178984 -0.015313 0.332386
-0.077666 -0.043524 0.288278
-0.093688 -0.116005 0.269189
-0.154796 -0.120799 0.240882
-0.099582 -0.238639 0.283183
-0.067834 -0.118331 0.270705
-0.090402 0.049674 0.095137
-0.056068 -0.169958 0.299951
-0.239529 0.071722 0.286184
-0.150423 -0.148275 0.190343
-0.040388 -0.031335 0.258555
-0.019517 -0.055157 0.266766
-0.185206 -0.105650 0.323412
-0.018639 -0.152062 0.279107
-0.031818 -0.132283 0.320748
-0.230092 -0.055758 0.240617
-0.091429 -0.090519 0.143612
-0.046413 -0.102295 0.347136
-0.117269 0.084086 0.398846
-0.234378 0.019391 0.342516
-0.005515 -0.088544 0.316024
-0.091894 -0.127220 0.319784
-0.082478 -0.072148 0.205510
-0.246762 -0.237244 0.329057
0.000363 -0.046044 0.302453
-0.239414 -0.083743 0.277177
-0.139211 -0.021268 0.181664
-0.070700 -0.233027 0.291794
-0.169105 0.050531 0.383803
-0.112997 -0.066171 0.229212
0.003074 0.088633 0.377333
-0.040267 -0.198150 0.256895
-0.191526 -0.126411 0.368935
-0.076667 -0.242034 0.253162
0.023679 -0.083579 0.241994
-0.066268 -0.144243 0.305007
-0.102862 -0.023654 0.287625
-0.116885 -0.089690 0.261556
-0.173063 -0.218885 0.233926
-0.071087 -0.009535 0.268124
-0.144870 0.018825 0.324408
-0.287242 -0.069257 0.386305
-0.190635 -0.075454 0.309919
-0.072523 -0.248291 0.305096
-0.061320 -0.121294 0.449757
-0.081301 -0.165009 0.336173
-0.046065 -0.180544 0.324644
-0.002974 -0.128133 0.370791
0.009889 0.033414 0.286369
-0.065637 0.088921 0.402486
-0.118398 -0.051851 0.202469
-0.105595 -0.063314 0.353077
-0.100573 -0.068671 0.387064
-0.146223 -0.133454 0.383522
0.008799 -0.058289 0.375002
-0.151497 -0.140766 0.272422
-0.064329 -0.124386 0.253604
-0.099541 -0.174726 0.262360
-0.111118 0.085205 0.434773
-0.083022 -0.202343 0.327772
-0.098742 0.014682 0.272716
-0.068776 -0.106542 0.217659
-0.039759 -0.023652 0.300549
-0.104158 -0.143199 0.267156
-0.161586 0.010379 0.260589
-0.191460 -0.124288 0.394734
-0.143726 -0.023864 0.316040
-0.142734 -0.113742 0.377498
-0.121496 -0.195874 0.174562
-0.069696 -0.080845 0.222229
-0.125119 -0.096202 0.381583
-0.164746 -0.096891 0.263645
-0.104805 -0.114532 0.283788
-0.100219 -0.183791 0.222421
-0.148312 -0.239344 0.179412
-0.390695 -0.197474 0.352800
-0.049729 -0.120143 0.316753
-0.149565 -0.095285 0.350658
-0.117479 -0.075317 0.268357
-0.050504 -0.073173 0.319444
-0.193656 -0.133613 0.255048
-0.087841 -0.229425 0.309781
-0.230530 0.011319 0.246568
-0.141932 -0.063883 0.370015
-0.249076 -0.010167 0.275011
-0.047740 0.002501 0.212452
-0.116220 -0.038774 0.455063
-0.278165 -0.264786 0.334893
-0.271022 0.028842 0.366022
-0.067724 -0.239080 0.246211
-0.017403 -0.243633 0.240100
-0.059074 -0.069731 0.332672
-0.038972 -0.206501 0.312377
-0.064647 -0.131887 0.107848
-0.095382 -0.201652 0.291035
-0.118739 -0.076130 0.238790
-0.090358 -0.018365 0.339802
-0.150097 0.093762 0.385245
-0.047334 -0.090669 0.339610
-0.146802 -0.134904 0.417130
-0.100520 -0.088939 0.337048
-0.149756 -0.067125 0.233699
-0.019709 -0.149956 0.369056
-0.247029 -0.047761 0.215849
-0.165378 -0.052913 0.453192
-0.158723 0.006393 0.311947
-0.032315 0.003495 0.225562
-0.159239 -0.132938 0.328946
-0.118190 -0.062468 0.369845
-0.055038 -0.058823 0.230176
-0.014788 -0.078557 0.251925
-0.146721 -0.232418 0.234095
-0.144547 -0.137566 0.208252
-0.223078 -0.234326 0.236333
-0.287206 -0.113654 0.347763
-0.307366 -0.119480 0.255873
-0.003581 -0.209405 0.240570
-0.071092 -0.072043 0.365889
-0.043581 0.006736 0.369263
0.072139 -0.015808 0.355336
-0.167422 -0.274581 0.282484
-0.172478 -0.133669 0.309248
-0.204675 -0.013585 0.295961
-0.008704 0.138125 0.292560
-0.056629 -0.160738 0.306212
-0.218953 -0.129778 0.311594
-0.100018 0.013504 0.272416
-0.126294 -0.073791 0.381339
-0.152293 -0.151074 0.307206
-0.167530 0.027991 0.327861
-0.059820 0.050512 0.359040
-0.056168 -0.096836 0.363875
-0.143720 -0.146254 0.408412
-0.360062 -0.063039 0.254195
-0.075769 -0.253996 0.360270
0.060618 0.022586 0.331924
-0.187215 -0.105476 0.216818
-0.049871 0.059052 0.246208
-0.158653 -0.346148 0.123541
-0.140683 -0.003422 0.297349
-0.209025 0.003785 0.358191
-0.308916 0.049966 0.504759
0.059506 -0.120495 0.303175
-0.147843 -0.077636 0.351246
-0.115719 -0.061940 0.344946
-0.160742 -0.131164 0.380717
-0.008581 -0.274848 0.321160
-0.207969 -0.235881 0.353658
-0.052806 -0.000098 0.269161
-0.180967 -0.145458 0.351625
-0.174976 0.065797 0.262717
-0.017288 -0.048210 0.384220
-0.133469 -0.196688 0.357518
-0.012113 -0.103817 0.180752
-0.140544 -0.090008 0.313235
-0.107769 -0.045618 0.194881
0.008967 -0.091305 0.284382
-0.023328 -0.092638 0.237392
0.011497 -0.113703 0.328941
-0.124073 0.027628 0.348226
-0.295437 -0.055185 0.251440
-0.095950 -0.020378 0.346976
-0.178162 -0.105902 0.222234
-0.149749 -0.142269 0.297736
0.008544 -0.066281 0.310333
-0.207246 -0.063183 0.332500
0.029628 -0.026495 0.406537
0.001412 -0.237931 0.328126
-0.044392 0.009101 0.333525
-0.186841 -0.033290 0.397396
-0.217566 -0.113492 0.271124
-0.148383 -0.151822 0.323078
-0.285149 -0.025395 0.171949
-0.017927 0.032923 0.231935
-0.042124 -0.164473 0.276536
-0.172853 -0.221574 0.300838
-0.003882 -0.172350 0.276196
-0.118666 0.078523 0.259034
-0.182310 0.134822 0.306797
-0.063817 -0.078189 0.325019
-0.111877 -0.083030 0.316902
0.052780 0.042572 0.223676
-0.201162 -0.066176 0.216741
-0.099758 0.060000 0.263770
-0.021032 -0.110045 0.307400
-0.167491 0.089529 0.231682
-0.143600 -0.022387 0.362030
-0.121866 -0.166021 0.251458
-0.046081 -0.105136 0.315075
0.066204 -0.182937 0.260614
-0.122122 -0.114918 0.173237
-0.242278 0.018244 0.298761
-0.275397 -0.009524 0.187870
-0.236096 -0.101955 0.301063
-0.066201 -0.076191 0.336933
-0.105462 -0.080840 0.396264
-0.033649 -0.110686 0.421060
-0.086891 -0.088183 0.337506
-0.025093 -0.030531 0.386706
-0.122751 -0.071824 0.327977
-0.065947 -0.151571 0.324856
-0.094919 -0.013789 0.323157
-0.183851 -0.127356 0.325784
-0.183063 -0.083780 0.332749
-0.229932 -0.263520 0.267485
-0.115723 -0.080881 0.217716
-0.131665 -0.149404 0.289998
-0.144733 -0.105854 0.250818
-0.229746 -0.187101 0.252866
-0.029377 -0.084080 0.388520
-0.185740 -0.084016 0.291969
-0.114637 -0.081684 0.258523
-0.151885 -0.286059 0.339311
-0.066715 0.071550 0.328194
-0.177529 -0.089167 0.393917
-0.249202 -0.128709 0.183083
-0.394679 -0.031194 0.022898
-0.441645 0.033871 0.080238
-0.325981 0.129853 -0.065189
-0.283731 -0.008909 -0.046767
-0.335226 -0.023434 0.048454
-0.271029 -0.136135 -0.194015
-0.345140 0.095390 0.041657
-0.312860 0.067359 -0.024567
-0.313413 0.065367 0.087947
-0.398248 0.047199 0.019773
-0.384955 -0.051247 0.106420
-0.359673 -0.070370 0.071478
-0.249059 0.018264 -0.080141
-0.424069 -0.047438 -0.029391
-0.255420 -0.018501 0.031319
-0.317014 0.050200 -0.032661
-0.228199 -0.002103 0.013497
-0.372178 -0.076179 -0.097580
-0.274184 -0.050381 0.024644
-0.197196 -0.028211 0.073633
-0.279675 0.089909 -0.154816
-0.285152 0.052721 -0.151276
-0.465677 0.012807 0.042781
-0.297539 -0.026495 -0.014517
-0.445983 -0.017040 -0.066762
-0.340105 0.061609 -0.093494
-0.344270 -0.063789 -0.031198
-0.396311 0.095568 0.025507
-0.363423 -0.017389 0.073589
-0.392555 -0.071673 0.124815
-0.334762 0.075331 -0.032338
-0.373278 -0.023481 -0.117657
-0.301443 0.088164 0.082246
-0.262183 -0.076196 -0.036400
-0.393201 0.032218 -0.091070
-0.350614 0.026566 -0.041546
-0.358132 0.119864 -0.044943
-0.307053 -0.184309 0.012035
-0.365430 0.034327 -0.007422
-0.351844 0.067844 -0.104630
-0.305324 -0.038884 0.077260
-0.338482 -0.058656 -0.011025
-0.228036 0.054389 -0.141555
-0.377889 -0.075232 -0.036159
-0.224520 0.169745 0.029708
-0.320790 0.149098 0.130598
-0.350371 0.004620 -0.064543
-0.401512 0.045181 0.109195
-0.323456 0.053615 -0.030731
-0.399349 0.042999 0.050359
-0.398855 -0.036044 -0.085528
-0.292981 0.020009 -0.110805
-0.168466 0.121567 -0.155599
-0.295077 -0.037844 -0.007860
-0.308785 0.008304 0.054664
-0.282525 0.034294 0.067077
-0.389555 -0.129039 0.002025
-0.326496 0.094764 -0.053071
-0.377585 -0.063820 -0.064191
-0.315949 -0.026164 -0.161325
-0.372538 -0.015283 0.188901
-0.380692 0.073139 0.077937
-0.299198 -0.008107 0.021310
-0.290169 0.064251 -0.046942
-0.250737 -0.083670 -0.022948
-0.260318 -0.013898 -0.076010
-0.282220 -0.041156 0.006491
-0.137648 0.149458 -0.032376
-0.316285 -0.062905 -0.105274
-0.368578 0.186094 -0.101002
-0.438135 0.056929 -0.069625
-0.308660 -0.004420 -0.056864
-0.318406 -0.147762 -0.070582
-0.437133 0.077518 -0.001023
-0.317606 0.073440 0.020185
-0.345837 0.008802 -0.048844
-0.302677 0.002644 -0.049013
-0.378262 -0.029021 -0.006429
-0.405556 0.017403 0.073446
-0.352814 0.022613 -0.061388
-0.281330 0.034982 0.014944
-0.286426 -0.053284 0.040561
-0.369504 -0.021371 -0.084662
-0.297533 -0.050767 -0.213793
-0.420235 0.024431 0.064441
-0.361675 0.020969 0.053121
-0.269103 -0.031604 -0.070236
-0.418168 -0.063009 0.151224
-0.429055 -0.049868 0.085774
-0.375662 -0.076807 -0.087343
-0.391732 0.088877 -0.014540
-0.391968 -0.012192 0.102601
-0.290115 0.176443 -0.038508
-0.324133 -0.150046 -0.153802
-0.208389 0.096409 -0.099257
-0.300599 -0.084064 -0.094148
-0.235386 -0.003621 -0.215852
-0.397217 -0.010944 -0.021198
-0.293313 -0.031334 0.028890
-0.375468 -0.113684 0.009259
-0.322582 0.028343 -0.032374
-0.321558 0.087096 -0.163049
-0.360593 -0.017052 -0.052315
-0.286408 -0.100149 -0.208471
-0.276459 -0.009260 0.032307
-0.344415 -0.061943 -0.152328
-0.336200 0.034138 0.003595
-0.420399 -0.005367 0.005380
-0.264345 -0.178055 -0.161206
-0.366466 0.162239 0.039340
-0.315354 0.028171 0.053241
-0.310905 0.071965 0.048752
-0.346172 -0.027332 0.047919
-0.288066 0.006276 0.052989
-0.249873 -0.017319 -0.066746
-0.244152 -0.004974 -0.229376
-0.243742 -0.087919 -0.036402
-0.342155 -0.021104 -0.044853
-0.379704 -0.070460 -0.137326
-0.289271 -0.114251 -0.006281
-0.270520 0.040887 -0.101840
-0.299499 -0.095502 -0.000471
-0.334024 0.085506 0.095042
-0.355697 0.034918 0.065942
-0.325113 -0.028156 -0.030204
-0.324329 0.066150 0.052378
-0.352724 0.021697 0.024518
-0.409156 0.007620 -0.059842
-0.311859 -0.093338 -0.021102
-0.289561 0.067237 -0.085859
-0.440291 -0.102715 -0.058801
-0.336425 0.029231 -0.205046
-0.314017 -0.040804 -0.078307
-0.303913 -0.059885 -0.004123
-0.332515 -0.128823 0.008048
-0.365964 0.035328 -0.003419
-0.380936 -0.019158 -0.107444
-0.406968 -0.106219 0.025534
-0.265158 -0.073515 -0.029919
-0.313495 -0.013448 -0.089991
-0.275791 -0.140996 0.120242
-0.362736 -0.075744 0.055746
-0.469268 0.037886 0.068561
-0.297487 -0.002320 0.051008
-0.314715 -0.028714 0.011417
-0.413596 0.064460 -0.012119
-0.403419 0.004088 -0.068211
-0.302028 -0.062548 0.041762
-0.294497 -0.136184 -0.046415
-0.479477 -0.075974 -0.062311
-0.366215 -0.074392 -0.043113
-0.274876 -0.016988 0.053021
-0.309664 0.134813 0.054280
-0.206018 -0.039964 -0.081069
-0.346447 0.111215 0.044941
-0.285008 0.040960 -0.121185
-0.272328 0.017656 -0.051339
-0.301570 -0.013396 -0.009018
-0.377484 -0.096495 -0.188212
-0.342868 0.208051 -0.155484
-0.476518 0.069398 -0.087979
-0.328839 -0.027327 -0.038298
-0.316643 -0.031930 0.008658
-0.313053 0.038141 0.087258
-0.294262 0.028522 0.007471
-0.330128 -0.001587 -0.067771
-0.339433 -0.018589 0.113744
-0.220338 0.012578 0.022188
-0.397105 -0.026266 -0.001335
-0.335006 -0.028751 -0.078957
-0.318949 -0.003299 0.006625
-0.258288 -0.079464 -0.057789
-0.261346 0.029377 0.107813
-0.325086 -0.085281 0.064324
-0.338448 -0.059929 -0.002548
-0.461830 -0.067601 0.022554
-0.462977 0.017347 0.006673
-0.275864 0.033658 -0.116701
-0.335271 0.075405 0.109795
-0.323448 -0.006689 -0.030811
-0.301879 -0.038331 -0.029479
-0.358828 0.030517 -0.038518
-0.310286 0.001820 -0.001416
-0.308211 0.014192 -0.007123
-0.289324 0.063852 0.046416
-0.335159 -0.049503 -0.067167
-0.349650 -0.022969 -0.085788
-0.294912 0.000802 -0.037860
-0.216781 -0.027459 -0.066652
-0.340598 0.000393 0.181169
-0.306380 -0.053242 -0.022263
-0.311897 -0.002443 0.008399
-0.340714 -0.091755 -0.114000
-0.352858 -0.078525 0.016551
-0.267744 -0.046351 -0.200591
-0.395709 0.077661 0.023785
-0.281006 -0.022826 -0.037808
-0.328735 0.033956 0.039217
-0.442706 -0.055667 0.082342
-0.217726 -0.042233 -0.054594
-0.285768 -0.053683 0.020084
-0.355388 -0.044447 0.109178
-0.251620 0.025639 0.019247
-0.261722 0.091200 -0.076658
-0.373822 0.083050 0.093473
-0.383638 -0.061779 -0.195589
-0.319723 -0.060590 -0.031789
-0.330607 -0.045142 0.039768
-0.432571 -0.061336 -0.093451
-0.305849 0.015146 -0.129538
-0.326395 0.075787 0.050378
-0.351572 0.007803 0.053854
-0.357572 -0.039964 -0.074034
-0.304069 0.062258 -0.151601
-0.324162 0.042713 0.094099
-0.268501 0.093721 0.042909
-0.317660 0.023536 -0.011076
-0.476533 -0.061557 -0.118181
-0.217917 0.107566 0.054412
-0.216406 0.005827 -0.199278
-0.364086 0.081676 0.023751
-0.320492 0.068925 -0.054845
-0.267895 -0.053446 -0.034738
-0.376482 0.048429 -0.064190
-0.291793 -0.043711 -0.025687
-0.343457 -0.044349 -0.028260
-0.270827 0.103497 -0.074665
-0.353122 0.010713 0.104144
-0.265115 -0.030116 -0.019341
-0.333385 0.021364 -0.067416
-0.285100 -0.032263 0.029647
-0.458249 -0.100157 0.033889
-0.300797 0.056956 -0.037650
-0.326139 0.064311 -0.115148
-0.419233 -0.002930 -0.034453
-0.325730 0.001827 0.108644
-0.343200 -0.086717 -0.025373
-0.335106 -0.108281 0.036515
-0.218619 0.002291 0.075178
-0.369102 0.083275 -0.042060
-0.322913 -0.012152 0.061128
-0.249598 0.031763 -0.052411
-0.291567 0.008180 -0.073798
-0.362694 0.000545 -0.155141
-0.308648 -0.030109 -0.067895
-0.329199 0.064245 -0.043078
-0.364843 -0.039453 -0.057689
-0.354540 -0.087834 -0.107164
-0.343103 -0.032221 0.025071
-0.379617 -0.038233 0.104222
-0.225681 0.030623 -0.105418
-0.292204 -0.022061 -0.036927
-0.359755 0.003949 -0.055184
-0.294037 -0.061902 -0.133121
-0.257708 0.080990 -0.073428
-0.304770 0.054091 0.040769
-0.355880 0.030656 0.003707
-0.272976 0.046015 -0.078278
-0.291443 0.069922 -0.060602
-0.408180 0.061624 -0.066348
-0.341827 0.005419 -0.071346
-0.395561 -0.019415 -0.051793
-0.222141 0.059521 -0.058145
-0.344893 0.057873 -0.021465
-0.305922 -0.110660 -0.047442
-0.282104 0.101909 0.035584
-0.403461 0.061792 0.111319
-0.387087 0.007770 -0.034246
-0.320357 0.109483 0.044752
-0.439393 0.069324 -0.039242
-0.273271 -0.035118 -0.066163
-0.378820 -0.011271 -0.029559
-0.311037 0.100180 -0.141610
-0.297261 -0.089543 -0.104055
-0.241869 0.033153 -0.151340
-0.352399 -0.074488 -0.040901
-0.357009 0.014521 -0.049313
-0.279292 -0.040412 -0.040979
-0.224167 -0.091038 -0.171364
-0.358014 0.050835 0.037579
-0.413551 -0.068365 -0.035402
-0.419446 -0.034568 0.004286
-0.336520 0.050466 -0.101636
-0.339252 0.075794 -0.061677
-0.411384 0.044303 -0.204892
-0.343246 0.039674 0.044067
-0.328550 -0.044535 -0.057487
-0.433931 0.023642 -0.097564
-0.283887 0.049717 -0.110585
-0.424202 0.023399 -0.052018
-0.369859 0.077360 -0.089710
-0.329263 0.001464 -0.113646
-0.365345 -0.028161 0.009665
-0.314720 -0.078619 0.007301
-0.406262 0.049745 -0.106631
-0.325047 -0.084067 0.006697
-0.364751 -0.026009 -0.020094
-0.425555 -0.049352 -0.035998
-0.347023 0.027554 0.024704
-0.264194 0.002507 -0.007578
-0.239226 0.081833 0.076931
-0.268595 0.023652 -0.162125
-0.362149 0.013247 -0.042267
-0.341935 0.083175 0.189327
-0.290367 -0.021322 -0.040342
-0.303848 -0.003037 -0.003804
-0.287860 -0.019076 -0.068889
-0.313350 -0.082268 -0.152291
-0.339469 0.038255 -0.140243
-0.380308 0.050580 0.016945
-0.398637 -0.053137 -0.038363
-0.354746 -0.048633 0.080945
-0.349737 0.121700 -0.063446
-0.353216 -0.014811 0.044495
-0.306522 -0.045200 -0.015042
-0.402549 0.051523 0.102352
-0.282348 0.002737 0.013695
-0.384783 0.039961 0.054993
-0.406835 0.024664 0.052978
-0.366130 0.066563 -0.024072
-0.259327 0.029496 0.262054
-0.380829 0.039856 0.061010
-0.322376 0.153317 -0.181784
-0.314438 -0.032313 0.163291
-0.420927 -0.067316 0.134481
-0.353494 -0.026324 0.044385
-0.414368 0.028494 0.089955
-0.363317 0.119372 0.098762
-0.391411 0.026223 0.030650
-0.405313 0.051028 -0.084825
-0.471497 -0.029658 -0.001534
-0.295657 -0.015858 -0.014055
-0.270555 -0.020323 -0.120498
-0.379965 -0.169133 -0.016802
-0.275460 0.032943 -0.106938
-0.331345 -0.043821 0.104941
-0.219781 -0.037309 0.004511
-0.256602 -0.019855 0.108809
-0.187057 0.036756 -0.046663
-0.328358 0.055331 0.054633
-0.344493 0.038157 -0.065860
-0.349427 -0.035024 0.056497
-0.394847 0.110099 -0.037863
-0.226741 0.182780 -0.072748
-0.299650 0.036012 0.023771
-0.446542 0.129147 0.023074
-0.296774 -0.063217 -0.165379
-0.305842 0.124747 -0.036415
-0.266425 -0.060900 0.005308
-0.346693 0.065688 -0.169107
-0.419129 -0.132077 0.023363
-0.357826 0.016944 -0.178006
-0.254904 0.054994 -0.020463
-0.295614 -0.095845 -0.107500
-0.268805 0.116161 -0.061724
-0.302529 -0.082111 -0.167107
-0.303582 0.047847 -0.032483
-0.277455 -0.050011 0.008908
-0.287693 -0.017697 -0.004428
-0.300631 0.147806 -0.177088
-0.432985 0.008989 -0.039423
-0.306881 -0.021560 -0.101934
-0.356173 -0.049707 -0.023115
-0.355091 -0.168619 0.030868
-0.294559 0.052290 -0.150993
-0.407089 0.028629 0.039806
-0.400022 -0.052806 0.051997
-0.385542 -0.015160 0.016669
-0.321670 0.005403 -0.100341
-0.277525 0.161137 0.097481
-0.207649 0.115946 0.036839
-0.317540 -0.046583 -0.003253
-0.366694 0.071561 -0.075862
-0.400323 0.028518 0.073207
-0.171131 -0.023959 -0.009472
-0.415411 0.010732 -0.011880
-0.343325 0.096635 0.038521
-0.416601 0.005191 -0.004480
-0.389843 0.037433 0.059191
-0.352910 0.066959 -0.109094
-0.261973 0.141148 -0.087048
-0.297340 0.069544 -0.141075
-0.372397 0.115012 0.019193
-0.268613 -0.073779 -0.111293
-0.468328 0.042374 0.077410
-0.386330 -0.058452 0.055582
-0.355649 -0.018464 -0.052060
-0.398343 -0.087533 -0.037929
-0.437094 -0.043340 -0.041763
-0.357717 -0.022049 -0.032600
-0.292641 0.026119 -0.081129
-0.329465 -0.110772 -0.066472
-0.316602 0.044598 -0.072048
-0.419687 0.032366 0.016986
-0.276687 0.023928 -0.007213
-0.352332 -0.080320 0.043962
-0.267407 0.072807 -0.110047
-0.284832 0.049016 -0.011735
-0.189678 -0.010385 -0.149319
-0.303325 0.062824 0.061298
-0.346419 -0.058049 -0.042760
-0.327460 0.031874 -0.080888
-0.285399 -0.070391 -0.053019
-0.280488 0.183152 -0.040381
-0.255283 -0.025915 0.045037
-0.387473 -0.072842 -0.101314
-0.279965 0.047237 0.039370
-0.364188 0.058542 -0.107743
-0.403817 0.077289 -0.039715
-0.289580 0.129440 0.014300
-0.297058 0.058125 -0.079343
-0.281689 0.140251 -0.089325
-0.271129 -0.061091 -0.079603
-0.311710 -0.050950 -0.102361
-0.271142 0.102160 0.000818
-0.208736 -0.041229 -0.123046
-0.335280 -0.046239 -0.023671
-0.350768 0.002145 -0.061481
-0.394865 -0.186149 -0.062727
-0.300479 -0.008072 0.027506
-0.413155 0.086807 -0.098274
-0.385577 0.048300 -0.037219
-0.415887 -0.031759 -0.061408
-0.360740 -0.083710 0.012397
-0.331467 -0.039047 -0.113230
-0.300482 0.017177 -0.003293
-0.300267 -0.013070 0.005809
-0.235451 -0.068148 -0.076974
-0.431332 -0.015652 0.059112
-0.303849 -0.024032 -0.091279
-0.349674 0.012049 0.009511
-0.296757 -0.019542 -0.065665
-0.251258 -0.050575 -0.055505
-0.257758 -0.003956 -0.036155
-0.407177 0.132174 0.078592
0.005058 0.132937 0.281901
0.085697 0.122492 0.222449
-0.048731 0.147461 0.170976
-0.004908 0.236983 0.331155
0.011643 0.099702 0.385720
-0.036760 0.110069 0.319808
0.120215 0.044459 0.294678
0.006676 0.076227 0.288653
-0.048178 0.196587 0.347275
0.095241 0.117169 0.306502
-0.006759 0.193654 0.305449
-0.035475 0.126958 0.306332
-0.093198 0.163908 0.388547
0.056248 0.176797 0.365234
-0.023466 0.150980 0.276303
0.036000 0.119595 0.418044
-0.000221 0.082953 0.356269
-0.035756 0.158463 0.512798
0.062856 0.112940 0.315675
0.098504 0.164268 0.264377
-0.034439 0.161828 0.355027
0.089165 0.214107 0.359719
-0.059058 0.120266 0.330040
-0.060725 0.105942 0.372659
0.003896 0.214395 0.341562
0.012268 0.146886 0.337297
-0.084260 0.015399 0.229076
0.006982 0.208655 0.287989
-0.133838 0.135774 0.352136
0.148547 -0.001700 0.250404
0.018431 0.148482 0.259944
0.060338 0.053691 0.271577
0.005994 0.133250 0.239996
0.002174 0.167307 0.341491
-0.128309 0.111805 0.384274
0.014555 0.156289 0.321340
0.064498 0.170353 0.268018
-0.085365 0.143546 0.350876
0.068895 0.085850 0.319139
-0.090149 0.107177 0.384503
0.144389 0.211164 0.242895
-0.059302 0.117773 0.326078
0.032329 0.112508 0.420655
0.057141 0.206300 0.274779
-0.005232 0.251616 0.316505
0.069104 0.173172 0.312019
0.052903 0.097041 0.273923
0.057073 0.146771 0.333963
0.016070 0.233217 0.209241
-0.106084 0.248494 0.325885
-0.028786 0.168862 0.247357
-0.006692 0.107429 0.309901
0.023710 0.203109 0.199420
-0.104164 0.210855 0.327547
-0.109101 0.077128 0.251588
0.121567 0.048424 0.362358
0.045931 0.079688 0.267087
0.019890 0.102639 0.208250
0.138434 0.062647 0.333215
0.068011 0.155189 0.318272
0.048165 0.074477 0.247727
-0.116222 0.107793 0.365001
0.092923 0.213564 0.253892
0.143778 0.224946 0.286581
0.125547 0.236153 0.341358
0.049793 0.096689 0.349881
0.005455 0.110970 0.291131
-0.034270 0.136019 0.285477
0.037020 0.157958 0.274588
0.080545 0.160163 0.289422
0.071494 0.232687 0.350977
-0.050314 0.104176 0.404827
0.100747 0.236420 0.257485
0.091591 0.175506 0.311239
-0.066226 0.233008 0.350374
-0.057623 0.245253 0.336911
0.048042 0.113131 0.318846
0.069057 0.064926 0.307966
0.001404 0.121236 0.333404
0.006893 0.180444 0.374758
-0.029478 0.223196 0.245440
-0.054372 0.111691 0.361382
-0.001975 0.242914 0.283644
0.066322 0.135807 0.371537
0.030141 0.191155 0.202957
0.039787 0.258832 0.323286
-0.011314 0.097527 0.360200
-0.012906 0.090313 0.302143
-0.028233 0.287950 0.215133
-0.000556 0.225042 0.356639
-0.017807 0.170983 0.312174
0.018159 0.033658 0.414548
0.053510 0.064703 0.318779
0.058646 0.124813 0.348361
-0.043107 0.110250 0.332784
0.035364 0.141997 0.409300
0.028388 0.250587 0.255445
0.059579 0.140340 0.191392
-0.036104 0.000110 0.391364
-0.031616 0.113807 0.281667
-0.077817 0.105313 0.252062
0.013402 0.116430 0.322944
0.035336 0.250582 0.277978
-0.000320 0.020351 0.409161
0.112040 0.163953 0.296507
0.100156 0.164528 0.265974
0.055043 0.147487 0.224105
0.078307 0.085468 0.483538
-0.022354 0.172701 0.361777
0.109359 0.178215 0.252197
0.064708 0.047967 0.288899
-0.096176 0.071226 0.217542
0.018441 0.173731 0.333015
0.081858 0.203681 0.417003
0.075401 0.100991 0.344972
-0.025883 0.208922 0.306122
-0.060960 0.178557 0.316581
-0.081963 0.205540 0.397417
0.049075 0.151871 0.224526
-0.075130 0.183449 0.291764
0.063303 0.099889 0.306450
0.040463 0.071503 0.243246
-0.001610 0.145017 0.390909
0.034153 0.181878 0.344569
0.044891 0.118294 0.309822
-0.017387 0.119765 0.253292
-0.117441 0.052214 0.308133
-0.023075 0.201889 0.242614
0.112067 0.303737 0.365358
0.053378 0.078227 0.290950
0.049113 0.207431 0.387744
0.058109 0.060547 0.446236
0.059440 0.204098 0.205590
0.135938 0.050111 0.365089
-0.010596 0.218907 0.426946
0.009770 0.206503 0.309664
0.124074 0.161486 0.335005
0.051127 0.258700 0.262531
-0.040352 0.116090 0.342056
-0.022633 0.157878 0.235363
0.050850 0.126506 0.235417
0.102239 0.125616 0.358513
-0.018652 0.123969 0.404646
-0.034759 0.262575 0.191209
0.004608 0.235490 0.251468
-0.050417 0.206834 0.320001
-0.024043 0.125003 0.291448
0.024063 0.057044 0.413316
0.050165 0.163832 0.331869
0.021125 0.257300 0.265994
0.045897 0.108006 0.297643
-0.021946 0.114433 0.280896
0.112655 0.107937 0.325766
0.063646 0.164034 0.301232
0.141876 0.189467 0.219498
-0.028392 0.089097 0.386814
0.006089 0.166755 0.344194
0.087074 0.021696 0.348254
-0.109716 0.152563 0.234868
0.050978 0.169963 0.212784
-0.086984 0.144419 0.273478
0.079733 0.186724 0.341508
0.054427 0.096414 0.331260
0.020754 0.238839 0.267833
0.057407 0.077728 0.412836
0.003930 0.093069 0.322482
0.017899 0.106068 0.317228
-0.056402 0.242142 0.258163
-0.044404 0.138917 0.347514
0.029706 0.254842 0.438203
-0.117033 0.200379 0.363485
-0.072893 0.210822 0.257195
0.060404 0.100304 0.403696
0.041082 0.190372 0.319918
-0.070833 0.180155 0.316066
0.029128 0.073866 0.213191
0.075678 0.152811 0.281560
0.100268 0.158430 0.428831
0.024209 0.190984 0.326673
0.042807 0.034833 0.263994
-0.084217 0.168397 0.303233
-0.015407 0.144978 0.215605
0.165025 0.266436 0.258283
-0.010630 0.144913 0.366597
0.066880 0.169973 0.252477
0.031212 0.120367 0.471482
0.051729 0.176924 0.333053
0.009790 0.085453 0.279750
-0.032198 0.078328 0.226987
0.092423 0.182921 0.315649
0.057660 0.155163 0.186927
0.057455 0.077426 0.346221
-0.023422 0.100074 0.378152
-0.021463 0.149032 0.414109
-0.013939 0.143049 0.373499
0.109547 0.116625 0.280502
-0.092110 0.217045 0.289691
0.000949 0.184571 0.242199
-0.070311 0.098124 0.295860
0.057149 0.121183 0.323952
-0.138607 0.340394 0.207111
-0.026610 0.103193 0.429181
-0.028310 0.220337 0.233238
-0.084291 0.179321 0.294164
0.056133 0.227294 0.359024
-0.036820 0.111332 0.401973
-0.025431 0.160590 0.344021
0.046354 0.133937 0.372614
-0.084174 0.119806 0.402655
0.009337 0.054183 0.316502
-0.023080 0.195278 -0.338940
-0.051754 0.149834 -0.325667
-0.019597 0.179369 -0.377038
-0.054002 0.109946 -0.339455
-0.015773 0.097431 -0.237968
-0.030807 0.245575 -0.287211
0.157197 0.023844 -0.373798
-0.026261 0.151789 -0.353693
-0.101105 0.127674 -0.382380
-0.237015 0.171330 -0.374484
-0.094778 0.178057 -0.412537
-0.005502 0.153514 -0.296837
-0.155967 0.084144 -0.376690
-0.014503 0.203134 -0.311873
0.124267 0.129151 -0.309984
-0.084576 0.090046 -0.425212
-0.012049 0.067734 -0.357272
-0.174155 0.187418 -0.278557
-0.129935 0.081964 -0.290099
-0.068114 0.248051 -0.217646
0.094737 0.160607 -0.306952
-0.209622 0.192964 -0.328162
-0.139648 0.233439 -0.257940
0.053657 0.246771 -0.275364
-0.028499 0.107753 -0.328379
-0.052708 0.036571 -0.361323
0.030797 0.160774 -0.351527
0.117113 0.076844 -0.420696
-0.118751 0.147430 -0.299887
0.005362 0.084646 -0.377087
-0.086992 0.108641 -0.364352
0.010261 0.136062 -0.240127
-0.154018 0.105322 -0.318436
0.018423 0.181037 -0.411252
0.028624 0.161045 -0.346415
-0.042137 0.219492 -0.295923
-0.039183 0.118903 -0.330741
0.013025 0.214010 -0.275744
-0.062780 0.099566 -0.308205
-0.048803 0.110216 -0.375052
-0.041311 0.181628 -0.327754
-0.050055 0.099966 -0.313345
-0.145326 0.078080 -0.419386
-0.039426 0.094797 -0.385689
-0.143256 0.229666 -0.208255
0.023278 0.160816 -0.354741
-0.100547 0.109177 -0.270975
-0.077961 0.138192 -0.308160
-0.083368 0.128519 -0.298162
-0.097727 0.117613 -0.430687
-0.009397 0.148903 -0.302241
-0.111827 0.109948 -0.399647
0.022098 0.127055 -0.283343
-0.174159 0.140188 -0.381656
-0.004679 0.201518 -0.456070
-0.059598 0.190419 -0.361699
-0.031229 0.180287 -0.294110
-0.022606 0.153606 -0.456072
-0.056164 0.245771 -0.312853
-0.134566 0.143571 -0.281665
-0.192411 0.105208 -0.356795
0.102311 0.133120 -0.311784
-0.265419 0.169917 -0.313772
-0.009383 0.128852 -0.304683
-0.042780 0.251878 -0.361916
-0.121046 0.112682 -0.477167
-0.006556 0.150373 -0.364295
-0.034997 0.116548 -0.320949
-0.011712 -0.001066 -0.434993
-0.000588 0.121670 -0.347818
0.031594 0.129468 -0.314650
-0.065816 0.156949 -0.306162
-0.021593 0.138083 -0.368154
0.062859 0.146092 -0.338537
-0.204900 0.019475 -0.419258
0.073754 0.296184 -0.358972
-0.220480 0.141063 -0.339623
0.000048 0.176342 -0.258128
-0.033829 0.157276 -0.357079
-0.117252 0.153668 -0.355604
-0.136109 0.109969 -0.424026
-0.062831 0.135135 -0.248598
-0.076343 0.271055 -0.286206
-0.078749 0.163846 -0.354572
0.016078 0.109362 -0.444892
-0.167243 0.121248 -0.316799
-0.076085 0.151862 -0.329214
-0.056104 0.257336 -0.305278
-0.101712 0.151446 -0.342762
0.019855 0.237476 -0.333756
0.076267 0.049834 -0.391021
-0.017075 0.128607 -0.270350
-0.031581 0.174795 -0.313865
-0.101148 0.115453 -0.340377
-0.004946 0.154162 -0.338555
-0.075666 0.073440 -0.384786
0.086005 0.204986 -0.244251
-0.001494 -0.000393 -0.378121
0.026212 0.207299 -0.302184
-0.043226 0.200101 -0.371508
-0.034566 0.154728 -0.332086
0.000915 0.011131 -0.464129
-0.025395 0.043126 -0.354723
-0.283429 0.019653 -0.378871
0.000994 0.245340 -0.270443
-0.010480 0.157392 -0.321832
-0.019959 0.161162 -0.354358
0.047306 0.117395 -0.292022
-0.058320 0.185396 -0.361990
-0.046040 0.113344 -0.359201
0.038418 0.178480 -0.271799
0.034912 0.243074 -0.325074
0.042175 0.133582 -0.334135
-0.110138 0.186178 -0.374815
0.072493 0.224319 -0.360372
0.000362 0.059752 -0.317282
0.044442 0.157115 -0.401324
-0.045247 0.188123 -0.334713
-0.148421 0.112400 -0.358449
-0.139823 0.204122 -0.326618
-0.064411 0.064823 -0.355640
-0.066707 0.112177 -0.367127
-0.071916 0.108722 -0.433852
0.044829 0.088490 -0.309030
-0.055044 0.155287 -0.261793
-0.010343 0.195305 -0.421921
-0.042384 0.113749 -0.373392
-0.105756 0.225147 -0.348548
-0.064249 0.087434 -0.429441
-0.039286 0.195818 -0.269554
0.042563 0.132688 -0.350028
0.042929 0.151343 -0.440866
-0.119735 0.150321 -0.227601
-0.109429 0.131679 -0.406341
-0.072438 0.194654 -0.344789
-0.079829 0.187304 -0.292281
0.058358 0.138361 -0.332030
-0.082572 0.096731 -0.343568
-0.045708 0.175245 -0.337031
-0.146034 0.103242 -0.329953
-0.045256 0.059645 -0.403264
-0.080749 0.173490 -0.288583
-0.112270 0.083620 -0.364004
0.050307 0.209681 -0.357759
-0.091270 0.110195 -0.356309
-0.069787 0.148438 -0.360820
0.002104 0.194863 -0.348900
-0.119328 0.095127 -0.326413
-0.251631 0.095271 -0.370441
-0.057696 0.131007 -0.282236
-0.119521 0.068939 -0.335584
0.065637 0.178251 -0.288238
-0.127164 0.115578 -0.314616
-0.086393 0.208066 -0.348021
-0.084143 0.154784 -0.412043
-0.044006 0.231326 -0.381969
-0.050952 0.132626 -0.423392
-0.062311 0.164385 -0.293035
-0.076656 0.075325 -0.375950
-0.006691 0.045660 -0.389594
-0.042187 0.180349 -0.386857
-0.118151 0.142926 -0.369866
0.047896 0.157373 -0.387622
-0.007249 0.220736 -0.293408
-0.033600 0.101708 -0.327194
0.038592 0.146086 -0.360338
0.013360 0.162399 -0.320166
0.065429 0.127683 -0.304700
0.109070 0.152774 -0.327573
-0.021107 0.115076 -0.424141
0.037437 0.189811 -0.300268
-0.104442 0.100188 -0.404809
0.012374 0.118769 -0.333036
0.079212 0.134337 -0.306933
-0.059384 0.110970 -0.315315
-0.010076 0.112912 -0.393928
-0.088503 0.150415 -0.386573
0.025999 0.201884 -0.390686
-0.009302 0.096856 -0.356848
0.039515 0.173239 -0.344359
-0.059054 0.083497 -0.338962
0.060586 0.083732 -0.353600
-0.021920 0.120333 -0.351084
-0.136732 0.127988 -0.303572
0.020559 0.175118 -0.441369
-0.067802 0.200755 -0.417425
0.099971 0.208787 -0.323445
-0.007788 0.181906 -0.340365
0.018024 0.075222 -0.400957
-0.085373 0.130873 -0.352643
-0.074957 0.144612 -0.370912
-0.156460 0.183119 -0.370566
-0.225739 0.117645 -0.452336
0.100532 0.155048 -0.332633
-0.046836 0.247307 -0.346695
-0.030734 0.216300 -0.381819
-0.251831 0.041381 -0.209315
-0.108727 -0.023451 -0.168304
-0.160079 -0.164623 -0.147882
-0.192133 -0.023612 -0.066906
-0.322308 -0.093191 -0.187090
-0.227093 -0.033673 -0.139938
-0.182337 0.061198 -0.122197
-0.101519 -0.041537 -0.146599
-0.158181 -0.071920 -0.193591
-0.046761 -0.082590 -0.069404
-0.103766 -0.043192 -0.134320
-0.252362 0.066584 -0.215297
-0.152906 -0.112332 -0.142600
-0.184294 0.032970 -0.199933
-0.071073 -0.135373 -0.033257
-0.153811 -0.007107 -0.083784
-0.062468 -0.068397 -0.238725
-0.149962 -0.017970 -0.199534
-0.175863 -0.032641 -0.157440
-0.196590 -0.166634 -0.178038
-0.179992 -0.001850 -0.177847
-0.171547 -0.107374 -0.157819
-0.206227 -0.029394 -0.104069
-0.182947 -0.029383 -0.143532
-0.162053 -0.019064 -0.130625
-0.094533 0.043746 -0.191978
-0.141962 -0.081207 -0.161914
-0.082313 -0.050990 -0.123958
-0.215067 -0.035539 -0.131657
-0.266419 -0.172961 -0.118362
-0.153949 -0.079691 -0.122844
-0.192034 0.043351 -0.178309
-0.136484 -0.020583 -0.100967
-0.135522 -0.024121 -0.098126
-0.155721 -0.124825 -0.104654
-0.198853 -0.011335 -0.192144
-0.135390 -0.059245 -0.051753
-0.077718 -0.094891 -0.125778
-0.226518 -0.012040 -0.147370
-0.175049 0.044950 -0.188620
-0.147381 0.066638 -0.160716
-0.178899 -0.042720 -0.079536
-0.157733 -0.088815 -0.140146
-0.222194 -0.095270 -0.173425
-0.133119 -0.062930 -0.086507
-0.115419 -0.025351 -0.194216
-0.152344 0.038817 -0.107460
-0.165465 0.052704 -0.169795
-0.204066 -0.042852 -0.093602
-0.210372 -0.176993 -0.087988
-0.139526 0.020761 -0.179528
-0.170210 -0.138514 -0.233493
-0.218196 -0.016711 -0.133710
-0.141674 -0.099152 -0.180069
-0.081116 -0.187922 -0.107000
-0.273082 -0.121829 -0.144538
-0.155870 0.067849 -0.102466
-0.316764 -0.036948 -0.094310
-0.151824 -0.142344 -0.097320
-0.082033 -0.011732 -0.086173
-0.218030 0.030313 -0.069952
-0.217675 -0.098980 -0.094292
-0.205226 -0.007244 -0.146028
-0.165747 -0.049152 -0.128351
-0.192466 0.031562 -0.135073
-0.216879 -0.076105 -0.154593
-0.112084 0.025637 -0.186904
-0.190270 0.047343 -0.161312
-0.213214 -0.038850 -0.085038
-0.171295 -0.186538 -0.235967
-0.170005 -0.060681 -0.241769
-0.255792 -0.022814 -0.139079
-0.155379 -0.124729 -0.128493
-0.165822 -0.106133 -0.189756
-0.148096 -0.114770 -0.198499
-0.257132 -0.054820 -0.255669
-0.164436 -0.132759 -0.186051
-0.234436 -0.070834 -0.115362
-0.230053 -0.098294 -0.235529
-0.296146 -0.131654 -0.210592
-0.230549 -0.016986 -0.067481
-0.238839 0.031530 -0.160786
-0.271006 -0.025494 -0.126591
-0.264215 -0.061512 -0.199607
-0.134916 -0.091507 -0.113951
-0.141533 -0.084471 -0.172945
-0.186383 -0.075922 -0.152534
-0.070808 -0.003621 -0.116622
-0.198842 0.018219 -0.219099
-0.150579 0.025221 -0.164637
-0.173499 -0.000388 -0.190657
-0.155274 -0.107995 -0.117675
-0.170710 -0.043725 -0.084078
-0.105292 -0.030245 -0.171315
-0.132636 -0.210827 -0.141729
-0.129213 -0.132390 -0.218131
-0.099489 0.015888 -0.126271
-0.195441 -0.168437 -0.175687
-0.199738 0.019783 -0.100029
-0.175729 -0.037314 -0.201730
-0.156001 0.002845 -0.158457
-0.157788 0.073977 -0.061455
-0.234290 -0.118390 -0.121677
-0.216614 0.064181 -0.164935
-0.148660 -0.108625 -0.214523
-0.182254 -0.003716 -0.193391
-0.173950 -0.102100 -0.106799
-0.080775 0.013866 -0.228312
-0.190176 -0.042538 -0.040150
-0.198250 -0.111372 -0.203569
-0.124159 0.040309 -0.151863
-0.060776 -0.118278 -0.213604
-0.088279 -0.149931 -0.075919
-0.169990 -0.022582 -0.041591
-0.263258 -0.053996 -0.213966
-0.025974 -0.120791 -0.193764
-0.152677 -0.046224 -0.119440
-0.189311 -0.072621 -0.130747
-0.164274 0.004768 -0.278640
-0.173733 -0.063741 -0.156181
-0.191457 -0.109096 -0.221948
-0.105238 -0.119931 -0.145893
-0.218855 -0.129797 -0.208844
-0.153148 -0.071494 -0.068569
-0.238449 -0.021157 -0.154628
-0.193697 -0.149692 -0.155884
-0.154346 -0.162870 -0.185144
-0.169089 -0.119755 -0.100557
-0.168365 -0.028187 -0.076308
-0.156266 -0.095209 -0.135283
-0.248628 -0.165443 -0.152564
-0.172876 0.093738 -0.128022
-0.159354 0.044307 -0.169244
-0.067666 -0.106454 -0.083770
-0.196867 -0.051616 -0.182036
-0.170348 -0.141205 -0.095574
-0.199907 0.016836 -0.111599
-0.118763 -0.012129 -0.087794
-0.283948 -0.074793 -0.244282
-0.220394 0.051385 -0.157030
-0.187961 0.062310 -0.190910
-0.111565 -0.122359 -0.165697
-0.212752 -0.039817 -0.062780
-0.292282 0.018314 -0.239476
-0.127898 0.065340 -0.208265
-0.234844 -0.160007 -0.078983
-0.224780 -0.008459 -0.174592
-0.126713 -0.066764 -0.145725
-0.162004 0.010682 -0.143133
-0.207166 0.072607 -0.156272
-0.208438 -0.041275 -0.173819
-0.194842 -0.092910 -0.182482
-0.226030 -0.013199 -0.156472
-0.066856 -0.094354 -0.136589
-0.239888 -0.071675 -0.112207
-0.169952 -0.070154 -0.167568
-0.074079 -0.056557 -0.105170
-0.238997 -0.013169 -0.153365
-0.235615 -0.017894 -0.119350
-0.191333 -0.028613 -0.200190
-0.125686 -0.069229 -0.049816
-0.212888 -0.023624 -0.190989
-0.214522 -0.096087 -0.161382
-0.234352 -0.013586 -0.162211
-0.156219 -0.128663 -0.123823
-0.246669 0.041154 -0.127738
-0.068792 -0.016908 -0.089450
-0.154503 0.027149 -0.126126
-0.227089 -0.066550 -0.163661
-0.111061 -0.116391 -0.039295
-0.164069 -0.097982 -0.109758
-0.301619 0.018007 -0.147218
-0.091070 -0.152450 -0.160720
-0.204934 -0.067522 -0.132445
-0.274350 -0.065409 -0.179429
-0.180333 -0.095695 -0.219928
-0.291103 -0.117520 -0.142988
-0.239210 -0.163417 -0.226114
-0.273768 -0.060670 -0.226764
-0.095052 -0.235414 -0.203776
-0.142174 -0.102125 -0.122634
-0.073075 -0.062321 -0.075010
-0.297093 -0.020522 -0.185321
-0.146877 -0.031871 -0.056899
-0.220916 -0.025398 -0.210993
-0.222867 -0.115733 -0.121835
-0.247835 -0.050435 -0.271630
-0.252072 -0.077427 -0.155282
-0.241272 0.045929 -0.223548
-0.300006 -0.132006 -0.190400
-0.199409 -0.091004 -0.128712
-0.147809 0.053744 -0.154566
-0.178262 -0.027288 -0.082099
-0.095021 -0.075529 -0.132978
-0.288607 0.035895 -0.180072
-0.022853 0.010192 -0.236354
-0.064287 -0.134302 -0.171948
-0.157214 -0.070929 -0.154170
-0.144983 -0.026864 -0.222990
-0.169438 -0.226706 -0.084100
-0.249239 -0.120018 -0.068815
-0.304612 0.051104 -0.208182
-0.075695 -0.127510 -0.163373
-0.051107 -0.016616 -0.182686
-0.064098 0.013205 -0.203439
-0.115894 -0.137094 -0.062296
-0.244822 -0.059778 -0.165004
-0.078200 0.087248 -0.177402
-0.178730 -0.034434 -0.175412
-0.109134 -0.156992 -0.181949
-0.094459 -0.074998 -0.123063
-0.274969 0.036078 -0.231823
-0.190625 -0.049866 -0.211699
-0.144949 0.040913 -0.106433
-0.273104 -0.025383 -0.077647
-0.239562 -0.034527 -0.113721
-0.227290 -0.127841 -0.108896
-0.131945 -0.056867 -0.079132
-0.187544 0.034061 -0.237665
-0.187661 -0.001524 -0.107176
-0.366478 0.067985 -0.181263
-0.204993 -0.046705 -0.183947
-0.180223 -0.119101 -0.183964
-0.181062 0.007359 -0.101469
-0.099441 -0.041391 -0.113991
-0.259897 -0.103381 -0.174691
-0.136823 -0.083443 -0.111114
-0.148036 -0.108861 -0.189792
-0.185860 -0.029816 -0.144717
-0.144211 0.040809 -0.103756
-0.090601 -0.011861 -0.161159
-0.090374 0.005566 -0.111890
-0.140524 -0.044725 -0.272098
-0.159171 -0.000332 -0.108270
-0.186749 -0.006755 -0.165909
-0.224739 -0.189658 -0.171660
-0.099896 -0.057629 0.003571
-0.205499 0.064878 -0.106806
-0.170619 -0.059311 -0.070465
-0.260382 -0.054225 -0.063799
-0.132267 -0.146720 -0.115340
-0.131960 -0.137949 -0.130482
-0.090343 0.016946 -0.105093
-0.238292 0.033583 -0.135066
-0.300869 -0.006202 -0.129144
-0.258681 -0.041787 -0.116588
-0.256994 -0.060789 -0.217830
-0.271553 0.003736 -0.079564
-0.145114 -0.112568 -0.103226
-0.145612 -0.093817 -0.176440
-0.166616 -0.154053 -0.070352
-0.127472 0.039132 -0.072318
-0.198567 0.062697 -0.081626
-0.175445 -0.161912 -0.186272
-0.178147 0.065476 -0.018622
-0.246027 -0.053506 -0.148538
-0.134720 -0.058937 -0.062085
-0.140661 -0.086069 -0.100328
-0.189893 -0.041496 -0.149582
-0.175052 -0.015389 -0.153849
-0.218900 0.159510 -0.187078
-0.087265 -0.105303 -0.104490
-0.119985 0.038857 -0.132490
-0.048011 -0.002850 -0.095603
-0.209810 -0.021275 -0.108458
-0.235446 -0.149542 -0.140125
-0.167524 -0.162137 -0.085588
-0.223991 -0.044032 -0.134769
-0.138905 -0.043317 -0.138716
-0.180322 -0.159740 -0.177776
-0.228571 0.002670 -0.122987
-0.222635 -0.104127 -0.180371
-0.143814 -0.122383 -0.076319
-0.133767 -0.003031 -0.217289
-0.097412 0.054299 -0.133205
-0.244700 -0.019034 -0.223333
-0.217463 -0.117860 -0.083700
-0.146278 -0.070011 -0.133198
-0.127644 -0.060342 -0.138345
-0.076013 -0.126986 -0.195802
-0.191184 0.042961 -0.093754
-0.158353 0.094811 -0.123222
-0.119618 -0.090847 -0.147289
-0.131245 -0.129872 -0.192551
-0.198229 -0.022381 -0.014318
-0.199540 -0.092875 -0.197401
-0.170908 -0.089065 -0.232183
-0.221638 -0.096743 -0.144562
-0.206989 -0.035461 -0.129656
-0.177203 -0.084571 -0.194557
-0.116225 -0.044429 -0.156031
-0.196068 -0.025705 -0.063415
-0.316211 0.051427 -0.179345
-0.171335 -0.029572 -0.228732
-0.104463 -0.173982 -0.116268
-0.261283 0.125624 -0.048307
-0.100954 -0.121005 -0.199450
-0.164070 0.054277 -0.222619
-0.156429 0.109231 -0.082743
-0.196761 -0.129835 -0.105657
-0.224032 -0.084379 -0.186017
-0.056265 -0.045630 -0.182451
-0.127312 -0.208392 -0.147625
-0.299922 -0.055252 -0.166531
-0.102643 -0.118677 -0.132287
-0.221338 -0.001839 -0.224100
-0.171227 0.053644 -0.195125
-0.164314 0.024672 -0.065114
-0.308257 0.069126 -0.243855
-0.282607 -0.014011 -0.187058
-0.184489 0.021625 -0.153667
-0.189064 0.011172 -0.083545
-0.159637 -0.117052 -0.172058
-0.167009 0.002296 -0.139928
-0.150433 -0.101767 -0.174302
-0.151543 0.091399 -0.138398
-0.173996 -0.095194 -0.137647
-0.177702 -0.029384 -0.212496
-0.198984 0.059809 -0.194570
-0.224422 -0.083611 -0.228497
-0.156394 -0.051897 -0.218782
-0.145345 -0.115468 -0.152787
-0.150961 0.076117 -0.135201
-0.132130 -0.002514 -0.140356
-0.182785 -0.053033 -0.073847
-0.158251 -0.087830 -0.171628
-0.029941 -0.099259 -0.026948
-0.204932 -0.070542 -0.163880
-0.211619 0.044181 -0.098418
-0.123178 -0.173655 -0.168514
-0.111811 -0.119045 -0.215882
-0.295237 -0.012756 -0.181158
-0.127458 -0.106779 -0.273927
-0.173181 -0.083226 -0.126290
-0.137701 -0.038287 -0.188083
-0.206507 -0.015119 -0.214480
-0.227740 -0.053858 -0.142154
-0.140435 0.037721 -0.166776
0.041782 -0.282013 0.129462
0.136477 -0.341427 0.017201
0.243466 -0.262106 0.128048
0.174730 -0.071332 0.237511
0.229755 -0.235350 0.165949
0.117860 -0.278635 0.171909
0.113775 -0.244456 0.128502
0.155262 -0.200225 0.270883
0.220027 -0.077225 0.178657
0.117054 -0.196947 0.167047
0.118549 -0.251039 0.093430
0.199752 -0.306446 0.101893
0.190011 -0.334060 0.177819
0.183546 -0.288092 0.117326
0.175033 -0.233247 0.091174
0.084352 -0.131417 0.194626
0.094225 -0.179323 0.145794
0.187854 -0.227867 0.126662
0.124697 -0.256445 0.100443
0.142988 -0.242196 0.257603
0.156964 -0.240664 0.246705
0.118216 -0.193581 0.088159
0.185558 -0.191069 0.087532
0.185359 -0.150642 0.116405
0.194130 -0.211341 0.153514
0.151948 -0.190354 0.218523
0.071845 -0.256100 0.188007
0.161874 -0.169434 0.193720
0.265281 -0.234721 0.101115
-0.009642 -0.217100 0.128974
0.297507 -0.096390 0.161438
0.236176 -0.286494 0.153704
0.106689 -0.262766 0.129784
0.263931 -0.184784 0.281244
0.151459 -0.217943 0.094827
0.288157 -0.191365 0.079109
0.204149 -0.187280 0.195789
0.103321 -0.153514 0.185666
0.273528 -0.258541 0.337227
0.192319 -0.333514 0.224408
0.239827 -0.179760 0.103925
0.190649 -0.087725 0.118299
0.112931 -0.308913 0.093362
0.158096 -0.211014 0.217873
0.057917 -0.248147 0.086025
0.184354 -0.088270 0.140246
0.230440 -0.378858 0.125778
0.140022 -0.224601 0.125424
0.181626 -0.226618 0.101915
0.301341 -0.451856 0.298605
0.030381 -0.148691 0.204214
0.124710 -0.190508 0.108658
0.181865 -0.206374 0.201470
-0.027760 -0.268930 0.177204
0.127434 -0.090993 0.104741
0.146663 -0.380976 0.024694
0.171690 -0.269359 0.149745
0.147323 -0.164765 0.160404
0.132302 -0.280281 0.164919
0.184747 -0.149885 0.117730
0.180269 -0.194217 0.139805
0.213905 -0.067160 0.113630
0.190841 -0.247727 0.116149
0.293104 -0.293579 0.119768
0.162637 -0.277819 0.184313
0.154534 -0.299998 0.172188
0.207072 -0.265147 0.163992
0.162753 -0.270771 0.269124
0.177724 -0.191402 0.296069
0.117757 -0.145584 0.118410
0.073065 -0.260947 0.137936
0.087543 -0.161613 0.017987
0.147669 -0.286291 0.121186
0.092468 -0.239663 0.114529
0.178085 -0.245656 0.204706
0.221405 -0.174223 0.151718
0.086206 -0.346857 0.170837
0.196748 -0.286125 0.199343
0.164568 -0.338717 0.197125
0.091104 -0.222798 0.099504
0.043957 -0.266742 0.082523
0.150727 -0.210785 0.131366
0.182432 -0.328929 0.124071
0.156706 -0.230825 0.182486
0.208577 -0.267894 0.273085
0.153226 -0.121809 0.070131
0.083327 -0.154537 0.191599
0.215212 -0.178334 0.150760
0.024474 -0.295803 0.063328
0.146930 -0.235670 0.114981
0.113606 -0.089521 0.116879
0.138167 -0.096169 0.181460
0.143080 -0.187393 0.202347
0.233778 -0.232178 0.228038
0.187897 -0.282180 0.248178
0.146687 -0.313413 0.101109
0.077766 -0.242060 0.196608
0.201567 -0.231375 0.181694
0.069257 -0.101934 -0.030535
0.206386 -0.278758 0.071124
0.192768 -0.426871 0.129033
0.216360 -0.110602 0.161149
0.070649 -0.264354 0.110081
0.100301 -0.147763 0.128265
0.239077 -0.254071 0.216204
0.114680 -0.286876 0.218261
0.140815 -0.367974 0.218543
0.238505 -0.219491 0.251141
0.214919 -0.246774 0.062104
0.093156 -0.205781 0.137713
0.172995 -0.133695 0.224319
0.143389 -0.279291 0.190949
0.195292 -0.245617 0.195562
0.109277 -0.432045 0.097469
0.109097 -0.292920 0.193317
0.196304 -0.172162 0.152989
0.170331 -0.263598 0.087806
0.151676 -0.238928 0.258887
0.199606 -0.262469 0.158779
0.124726 -0.310362 0.208868
0.188645 -0.197336 0.104404
0.163210 -0.153653 0.059695
0.198693 -0.215542 0.013485
0.054331 -0.200613 0.061787
0.139800 -0.145000 0.143605
0.139482 -0.219054 0.247143
0.161500 -0.153492 0.093657
0.217718 -0.208563 0.236460
0.301898 -0.343528 0.213791
0.207296 -0.081287 0.206525
0.110992 -0.269690 0.192971
0.083539 -0.334824 0.029323
0.199351 -0.264677 0.117427
0.199077 -0.269665 0.060155
0.088940 -0.330321 0.206280
-0.017793 -0.355111 0.081609
0.139817 -0.207073 0.127467
0.201936 -0.393271 0.132832
0.138316 -0.213803 0.137514
0.128397 -0.218433 0.132703
0.016510 -0.297187 0.089089
0.160247 -0.108203 0.222745
0.072334 -0.179644 0.245126
0.209221 -0.266619 0.131640
0.107794 -0.193568 0.262561
0.196481 -0.149320 0.157295
0.165383 -0.179557 0.168544
0.150037 -0.317500 0.073189
0.133726 -0.489863 0.089970
0.126189 -0.112178 0.109856
0.071815 -0.317538 0.119060
0.074169 -0.251868 0.207431
0.194970 -0.313712 0.223514
0.087307 -0.248491 0.111348
0.188660 -0.162018 0.185016
0.158208 -0.241424 0.192917
0.162569 -0.116011 0.164784
0.088910 -0.022107 0.206235
0.133604 -0.234223 0.216047
0.180370 -0.241360 0.202913
0.165885 -0.315274 0.152611
0.220674 -0.177074 0.236372
0.179007 -0.251627 0.188919
0.168610 -0.145140 0.039149
0.087612 -0.259578 0.123863
0.181244 -0.131959 0.181606
0.130798 -0.159776 0.172605
0.252714 -0.194263 0.239846
0.114513 -0.219401 0.121861
0.152311 -0.227862 0.099760
0.166332 -0.174249 0.207224
0.199094 -0.020811 0.201175
0.159270 -0.370000 0.211169
0.049656 -0.153489 0.105543
0.200132 -0.179953 0.184119
0.215774 -0.279644 0.212892
0.183031 -0.237672 0.120694
0.195202 -0.226365 0.265493
0.162324 -0.382164 0.182657
0.263495 -0.222734 0.206738
0.224661 -0.346550 0.036877
0.105017 -0.251383 0.054307
0.236741 -0.215252 0.161643
-0.000641 -0.332194 0.120303
0.231787 -0.156572 0.075835
0.079151 -0.298795 0.035089
0.161951 -0.147064 0.237100
0.103198 -0.189262 0.092714
0.092362 -0.090409 0.238936
0.183820 -0.122713 0.152903
0.100926 -0.309649 0.119124
0.095117 -0.058931 0.193032
0.156699 -0.382620 0.101952
0.120813 -0.122654 0.122966
0.234706 -0.179586 0.190454
0.113651 -0.220739 0.263551
0.077291 -0.098465 0.107973
0.070306 -0.033649 0.147967
0.171080 -0.245152 0.148742
0.132584 -0.235098 0.239758
0.169598 -0.275500 0.159855
0.108964 -0.179576 0.132772
0.142699 -0.248249 0.055378
0.213435 -0.225906 0.258725
0.155055 -0.233186 0.150342
0.056391 -0.249880 0.192433
0.170416 -0.254474 0.195968
0.220792 -0.139855 0.188828
0.131196 -0.041227 0.168733
0.130788 -0.386038 0.161867
0.229425 -0.146428 0.084797
0.186082 -0.137661 0.200322
0.118313 -0.245172 0.081640
0.172138 -0.155886 0.186822
0.193647 -0.258241 0.154195
0.086916 -0.183121 0.126106
0.037921 -0.290727 0.223717
0.165341 -0.159512 0.157834
0.118035 -0.141122 0.112769
0.114297 -0.226832 0.189706
0.178771 -0.251578 0.184241
0.057830 -0.269507 0.204465
0.056017 -0.179730 0.045162
0.195111 -0.319939 0.167414
0.139205 -0.310295 0.258064
0.111355 -0.257029 0.066946
0.116249 -0.137753 0.189347
0.045191 -0.207115 0.143270
0.222032 -0.393545 0.145356
0.151548 -0.178627 0.177145
0.107652 -0.320555 0.090140
0.158364 -0.138831 0.103456
0.286143 -0.303286 0.165160
0.159664 -0.225768 0.179128
0.089167 -0.184543 0.240544
0.192921 -0.087343 -0.002905
-0.038955 -0.364030 0.097838
0.166281 -0.215921 0.114923
0.161818 -0.378425 0.222531
0.079959 -0.376744 0.138573
0.219586 -0.254362 0.139784
0.165105 -0.339172 0.219247
0.211307 -0.234176 0.155029
0.214429 -0.130963 0.268666
0.001699 -0.101750 0.140517
0.174751 -0.169447 0.157633
0.193147 -0.150766 0.135455
0.134374 -0.148580 0.066102
0.150567 -0.272765 0.157651
0.143079 -0.154595 0.084752
0.170851 -0.238421 0.032655
0.058045 -0.269431 0.143835
0.206666 -0.211904 0.199099
0.252512 -0.172973 0.159198
0.102681 -0.381926 0.196317
0.074253 -0.217170 0.090304
0.173552 -0.200126 0.173055
0.147142 -0.206680 0.149176
0.092056 -0.165795 0.072082
0.059119 -0.269630 0.134900
0.178734 -0.163289 0.049602
0.129922 -0.099109 0.094440
0.212930 -0.313908 0.136858
0.148756 -0.269677 0.165240
0.113378 -0.279659 0.099074
0.171138 -0.399381 0.030093
0.153030 -0.257270 0.212047
0.176089 -0.049386 0.154466
0.211951 -0.216071 0.255155
0.224489 -0.200769 0.058595
0.148858 -0.269896 0.197619
0.121422 -0.185393 0.191047
0.120701 -0.219417 0.153157
0.145958 -0.186061 0.100693
0.139175 -0.254805 0.127244
0.141123 -0.127121 0.183431
0.189165 -0.224581 0.159928
0.162574 -0.195487 0.087976
0.141182 -0.179001 0.088190
0.069648 -0.200216 0.139668
0.137617 -0.185517 0.120268
0.129530 -0.284643 0.305680
0.170600 -0.275701 0.238018
0.201836 -0.173207 0.221350
0.105652 -0.124655 0.106179
0.086478 -0.200591 0.074128
0.183906 -0.200276 0.205609
-0.003306 -0.279490 0.013633
0.160204 -0.197895 0.056037
0.039774 -0.411328 0.080860
0.208250 -0.207000 0.142784
0.146020 -0.234876 0.139226
0.184407 -0.159350 0.139664
0.075413 -0.203532 0.217586
0.195751 -0.189391 0.077337
0.280445 -0.210909 0.127820
0.173281 -0.328056 0.232285
0.148835 -0.191898 0.186559
0.146458 -0.126407 0.230356
0.140852 -0.233441 0.135482
0.099771 -0.073121 0.193822
0.054987 -0.048382 0.021276
-0.082427 -0.098529 0.008034
-0.067025 0.058690 -0.023536
0.008071 -0.000850 0.033657
-0.008307 -0.197524 -0.056313
-0.098967 -0.036556 -0.051533
-0.072875 -0.042753 -0.114116
-0.121859 -0.029806 -0.000845
-0.076771 -0.045059 0.047044
-0.131350 -0.029422 0.098624
-0.048517 -0.033358 -0.043972
-0.020674 -0.079438 -0.009612
-0.083290 -0.003728 0.042621
-0.100795 -0.049843 0.033908
-0.040753 -0.048696 -0.098279
-0.061633 -0.040625 0.030793
-0.046032 -0.088463 -0.011139
-0.122617 -0.083745 -0.012031
-0.020659 -0.019690 -0.024029
0.000315 -0.063212 -0.023046
-0.022028 0.016799 -0.019067
-0.104392 -0.009183 -0.016886
-0.082358 -0.044345 -0.007011
-0.178255 -0.006987 0.041125
-0.087498 0.007982 0.018727
-0.125897 0.028800 0.079348
-0.138621 0.025462 0.075808
-0.139539 -0.036440 0.073519
-0.183853 -0.099977 -0.013818
-0.059975 -0.041127 -0.004589
-0.084237 -0.033386 0.038802
-0.116088 -0.047348 -0.021581
-0.051031 -0.039323 -0.049824
-0.062505 -0.046080 -0.005711
-0.008972 -0.024782 0.000693
0.026837 0.012878 0.001513
0.002511 -0.012855 0.066406
-0.011634 0.020375 -0.007929
-0.201972 -0.069457 0.015707
-0.008230 0.049382 -0.009756
-0.145218 -0.047577 -0.003486
-0.174293 -0.070376 0.084448
-0.082724 -0.071653 0.014726
-0.142951 -0.067378 -0.017525
-0.162839 -0.017605 -0.039268
-0.091541 -0.044853 0.095238
0.004417 -0.098949 0.046394
0.028950 -0.069071 -0.022541
-0.102854 -0.009929 0.071020
-0.171422 -0.018929 -0.010761
-0.071785 -0.072811 -0.096507
-0.145639 0.057763 0.018881
-0.184258 -0.144409 0.055424
-0.104030 -0.055049 -0.012309
0.019711 -0.039127 0.042799
-0.060803 -0.022508 -0.031119
-0.013771 -0.140832 0.055121
-0.018021 -0.013693 -0.037256
-0.138338 -0.124880 -0.032041
-0.041923 -0.119988 0.070807
-0.047236 -0.089766 -0.008175
-0.050845 -0.035811 0.020778
-0.053321 0.011828 0.031190
0.035962 0.019501 0.013515
-0.126705 -0.043163 0.114033
0.053385 0.043587 -0.029541
-0.123619 0.091108 0.102343
-0.042878 -0.121667 -0.028531
-0.053068 -0.047368 -0.053226
-0.057448 0.043534 -0.043446
-0.188429 -0.061371 0.018064
-0.087623 -0.059464 0.007222
-0.041279 -0.002469 0.011765
-0.036576 -0.006643 0.047730
0.006963 0.017381 -0.011924
-0.018864 -0.026332 -0.033801
-0.120756 -0.007732 0.025068
-0.073192 -0.025828 0.024066
-0.032815 -0.020236 0.046237
-0.193138 -0.007670 -0.017319
-0.153103 -0.017664 0.098715
-0.087809 -0.103126 -0.018932
-0.017347 -0.007025 -0.001522
-0.124242 -0.027321 0.014945
-0.049744 -0.109130 0.000142
-0.112873 -0.018445 0.000777
-0.009175 -0.006055 0.086000
-0.109136 -0.066781 0.060871
-0.143246 0.025968 -0.022898
-0.028569 -0.086898 -0.025947
-0.135085 -0.098388 0.003155
-0.091405 -0.097375 -0.054652
-0.112072 0.030604 0.030310
-0.146740 -0.061464 0.032701
-0.047119 -0.020306 0.015952
-0.120983 -0.035696 0.028402
-0.062984 -0.062289 0.088071
-0.082904 0.005420 -0.011875
-0.043987 -0.128857 0.081512
-0.065178 -0.074806 -0.082484
-0.076437 -0.046280 0.010599
-0.056540 -0.033413 -0.025224
-0.048105 -0.057717 -0.059379
-0.039101 -0.093307 0.025397
-0.084123 -0.050295 0.037326
-0.063540 -0.035099 -0.084312
-0.011417 -0.104604 -0.097278
-0.068862 0.010734 0.016285
-0.087130 -0.064309 0.037801
-0.049590 0.021135 0.042194
-0.145567 0.009399 0.010738
-0.217979 -0.031009 -0.002687
-0.058142 -0.033834 0.045642
-0.138181 -0.038437 -0.012612
-0.071547 0.003359 -0.055805
0.017415 -0.020288 -0.027981
-0.012876 -0.079354 0.051453
0.016126 -0.018752 0.030916
-0.115306 -0.046474 0.009820
-0.070900 0.035848 0.022441
0.010780 -0.033199 0.015347
-0.123507 -0.011992 0.042595
-0.143737 -0.033028 0.086098
0.038096 -0.043475 -0.051498
-0.130471 -0.002678 -0.001931
0.019815 0.082964 0.028019
-0.082390 -0.104697 0.059580
0.026331 0.012829 -0.062848
-0.043620 0.004995 -0.039095
0.000022 0.008922 -0.036250
0.014781 -0.068032 -0.045106
0.004741 -0.092939 0.063344
-0.163712 -0.020380 -0.012297
-0.129510 -0.077539 0.032714
-0.043169 -0.038836 -0.033062
-0.100595 0.033861 -0.017324
-0.115778 -0.046075 -0.035715
-0.072056 -0.000179 -0.001919
-0.094145 -0.042247 0.013158
0.021475 -0.042903 0.022829
-0.118183 -0.045372 -0.047640
-0.042368 -0.041144 0.009580
-0.120543 0.061852 -0.059987
-0.081911 -0.064823 -0.017337
-0.098749 0.049070 -0.032875
-0.099547 -0.010596 0.013531
0.129653 0.008931 -0.028683
-0.121415 -0.024042 0.021797
-0.043643 0.037370 0.056965
-0.011325 -0.033792 -0.050158
-0.004605 0.014947 0.016750
-0.045934 -0.044678 -0.065763
-0.161193 -0.070495 0.028498
-0.112454 -0.073983 -0.044717
0.027900 0.041602 0.011082
-0.052705 -0.084614 0.014101
-0.105088 -0.003091 0.033271
-0.112822 -0.016932 0.051743
-0.136272 0.032040 -0.014500
-0.052506 -0.007503 -0.067487
-0.021071 -0.048353 0.022353
-0.156066 -0.063475 0.048430
-0.035658 -0.085129 0.049909
-0.040987 -0.017368 0.020370
-0.060648 -0.046383 -0.034439
-0.049888 0.034263 -0.058920
-0.058281 -0.026669 -0.001793
-0.177796 -0.097454 -0.016479
-0.065062 -0.060415 -0.021574
-0.089315 0.033232 0.008493
-0.138009 0.049767 -0.058268
-0.033723 -0.068997 0.040425
-0.038395 -0.002367 -0.010663
-0.115316 -0.101601 0.025742
-0.060231 0.012304 0.015009
-0.064173 -0.043572 0.037105
-0.150523 -0.010962 -0.070653
-0.095284 -0.063529 -0.066411
-0.041877 -0.105391 0.065683
-0.069859 -0.099506 -0.048740
-0.139156 0.001068 -0.061560
-0.020328 -0.052762 0.021997
0.027599 -0.057240 -0.088782
0.050078 0.047111 0.008575
-0.202836 -0.080318 -0.044658
-0.162968 -0.019342 0.033357
-0.114694 0.021079 0.060418
-0.084342 -0.071533 -0.058359
-0.050239 0.007045 -0.042794
-0.186757 -0.073870 0.084676
-0.022523 -0.016302 -0.045473
-0.089138 -0.039513 0.034812
-0.120044 -0.026718 -0.020454
-0.046906 -0.054073 0.044614
-0.142842 -0.028590 -0.061263
-0.000693 -0.075964 0.039358
-0.091536 -0.067636 0.023084
-0.064270 -0.058114 -0.040185
-0.015103 0.005501 -0.015994
-0.118642 -0.011584 -0.090240
-0.005878 0.016361 -0.041748
-0.096501 -0.063137 -0.042861
-0.172317 -0.080036 0.155960
-0.107397 -0.048220 -0.010031
-0.113438 0.010621 0.055625
-0.204097 -0.050354 -0.090411
-0.043500 0.003919 0.036210
-0.094078 -0.045243 0.001762
-0.010199 0.026505 -0.072122
-0.113225 -0.007566 -0.077768
-0.099198 -0.109864 0.048250
-0.027492 0.000729 0.025473
-0.030711 -0.034834 -0.008835
-0.095754 -0.034063 -0.065144
-0.083851 -0.066405 0.037920
-0.026265 -0.074905 -0.068230
-0.156382 0.018393 0.088304
-0.026682 0.052401 0.070605
-0.001043 -0.050088 -0.030682
0.052770 -0.138459 0.045911
-0.025577 -0.086153 -0.053450
-0.098788 -0.007470 0.088727
-0.141954 -0.002280 -0.009991
-0.109224 0.067140 -0.001874
-0.070073 -0.117788 -0.028574
-0.085881 -0.026581 0.118480
-0.085850 -0.052452 0.085391
-0.021910 -0.029455 -0.019385
0.028523 -0.046347 0.032197
0.063906 -0.087157 -0.074014
-0.088418 -0.036423 -0.054269
-0.111259 -0.129225 -0.084636
-0.090023 -0.036616 -0.021781
-0.171609 -0.086391 0.046885
-0.079561 -0.025131 -0.093553
0.015746 0.032834 0.024816
-0.026590 0.067555 0.049682
-0.126257 -0.004925 0.015993
-0.052862 -0.108188 -0.053958
0.012690 -0.037472 -0.033050
-0.006385 -0.043011 0.036992
0.048729 -0.069757 0.016202
-0.085565 -0.131519 -0.049716
-0.077741 -0.021544 0.020448
-0.059138 0.007500 0.054573
-0.056410 0.006673 0.037522
0.032785 -0.064428 -0.015088
-0.143031 -0.006160 0.033546
-0.026402 0.010722 -0.009522
-0.060490 -0.075089 0.002343
-0.148669 -0.007699 0.001708
-0.091616 0.037695 -0.042254
-0.103097 -0.069645 -0.042132
-0.059453 -0.138658 -0.008101
-0.129945 -0.000943 -0.034740
0.021852 -0.078808 0.080570
-0.192558 0.019495 0.094845
0.002323 -0.015592 -0.059636
-0.027514 -0.044006 0.032073
-0.141893 -0.059794 0.025549
-0.090932 -0.032599 0.109893
-0.128108 -0.067197 0.011523
-0.098560 -0.012827 0.047426
0.045022 -0.016250 0.036191
-0.062221 -0.020779 -0.096884
-0.024662 -0.060536 -0.026201
-0.067701 -0.023047 -0.030294
0.054978 -0.046405 -0.031423
-0.043770 -0.047057 0.050234
-0.015928 0.012163 0.031759
-0.130764 -0.065530 0.041452
0.030637 -0.017505 0.008288
0.069598 -0.119310 0.047981
0.036212 -0.007496 0.078635
-0.201035 -0.021984 -0.026731
-0.132781 -0.053193 -0.001290
-0.036319 -0.059605 -0.038704
-0.002546 -0.056521 -0.034859
-0.065626 0.043095 0.022333
0.003930 -0.030403 -0.027852
0.003670 -0.043139 -0.006599
-0.075374 -0.063877 -0.028100
-0.072556 -0.015477 0.016891
-0.041474 -0.000161 0.021869
-0.044045 -0.023788 -0.003251
-0.039087 -0.084144 0.034929
0.061571 -0.067968 -0.000992
-0.077583 -0.028750 -0.001434
0.016104 0.063708 0.007774
0.016535 -0.123697 -0.010738
-0.056362 -0.041380 -0.051285
-0.075132 0.055271 0.012015
0.027781 0.012122 -0.092234
-0.115207 0.020004 0.076269
-0.168105 0.057955 -0.018331
-0.036803 -0.094498 0.035212
-0.006256 0.011122 -0.033823
-0.078920 -0.046296 -0.072201
-0.105268 0.056701 0.016802
-0.031689 0.028178 -0.068480
-0.082174 0.002589 0.067558
-0.103142 -0.117342 0.005717
-0.110601 0.014087 -0.032978
-0.098397 0.009674 0.042015
0.079155 -0.007566 0.050009
0.009452 -0.023802 -0.032090
0.010578 0.000655 0.072313
-0.006932 -0.005575 0.074476
-0.048839 0.026113 -0.051304
-0.043342 0.000284 0.038318
-0.147883 -0.082005 -0.023694
-0.082349 -0.022362 0.030526
0.015947 -0.017976 -0.037432
-0.096094 0.016758 -0.030170
-0.003442 0.032158 0.012802
-0.127540 -0.059920 0.029199
-0.110021 -0.000245 0.073447
-0.063751 -0.042757 -0.037694
-0.100470 -0.006060 -0.130045
-0.112476 -0.053106 0.033232
-0.122148 0.009490 0.042753
-0.053798 -0.035430 0.033531
-0.057528 -0.046600 0.054618
-0.001854 -0.062705 0.007485
-0.045365 -0.088539 -0.042875
-0.083548 -0.083312 0.028920
-0.089870 -0.050240 0.079944
-0.013118 0.033658 0.010619
0.041373 0.018293 0.000724
-0.091683 -0.008523 -0.045859
-0.056658 -0.017332 0.032961
0.029617 -0.018493 -0.065511
0.011455 0.044809 0.035699
0.066581 -0.134885 -0.092990
-0.076930 -0.057336 -0.055757
-0.134621 -0.014187 -0.058256
0.009767 0.046617 0.035450
-0.027167 -0.021002 0.130085
-0.034141 -0.072347 -0.060868
-0.078323 -0.019455 -0.033703
-0.096693 0.031539 -0.028077
-0.115862 -0.114745 -0.012791
-0.093786 0.052098 -0.077793
-0.023165 0.077568 -0.068412
-0.143140 -0.051968 -0.007237
-0.099075 -0.062619 0.024133
-0.077188 -0.089020 0.035916
-0.021575 0.021121 -0.012008
-0.014315 -0.041958 -0.045565
0.048177 -0.064522 0.043976
-0.134551 -0.100690 0.000143
-0.103008 0.001800 0.054389
-0.064910 -0.038427 -0.076138
-0.028426 0.017116 0.025699
-0.063429 0.031505 0.006800
-0.056307 -0.071654 -0.053035
-0.036367 -0.084410 0.096303
-0.132060 -0.026495 -0.022260
0.018417 -0.081449 0.129039
-0.014466 -0.011918 0.044886
0.033766 -0.116683 -0.016890
-0.103666 0.031271 -0.007678
-0.078849 -0.041456 -0.029477
-0.062405 -0.090964 0.034976
-0.078540 -0.082917 -0.010926
-0.028499 0.010120 0.001428
-0.084312 -0.087707 0.015330
0.213118 0.145892 -0.007634
0.227805 0.337189 -0.114475
0.105283 0.119087 -0.014114
0.144622 0.288511 -0.029881
0.157474 0.078603 -0.010158
0.330971 0.171244 0.018417
0.048993 0.245493 0.030688
0.280803 0.187317 -0.050418
0.249777 0.216921 -0.002957
0.172184 0.095884 0.043581
0.256156 0.204399 0.018667
0.140104 0.225257 0.037607
0.064131 0.140543 0.010141
0.418012 0.184703 0.061627
0.309557 0.202746 -0.117541
0.190008 0.198010 0.037791
-0.010360 0.222096 -0.017279
0.218110 0.203394 0.063674
0.010278 0.274394 0.154089
0.220288 0.143145 -0.030542
0.071660 0.319492 0.037525
0.213562 0.252760 0.051017
0.247189 0.316127 -0.011613
0.176175 0.175092 0.095139
0.135375 0.147694 0.072118
0.029981 0.122068 0.071257
0.263211 0.247101 -0.011330
0.046992 0.287768 0.039397
0.153581 0.053969 0.016718
0.193699 0.262507 -0.041817
0.160711 0.083197 0.048752
0.140077 0.206484 -0.071623
0.201568 0.051189 -0.087738
0.188977 0.304781 0.052645
0.167031 0.111194 0.026169
0.292475 0.146263 0.053806
0.226244 0.205861 0.042576
0.169328 0.227531 0.046291
0.314553 0.180926 0.008829
0.178034 0.202647 0.147855
0.183511 0.077576 0.004743
-0.021382 0.345629 0.035250
0.132942 0.218666 -0.076157
0.273100 0.285645 -0.074654
0.049818 0.214305 0.030716
0.150017 0.138294 -0.000478
0.107436 0.156905 0.025669
0.147787 0.095859 0.083109
0.241816 0.287426 0.030712
0.347180 0.171575 0.011463
0.028069 0.321368 -0.018968
0.122846 0.162346 -0.027351
0.178512 0.146096 -0.076684
0.183382 0.165512 -0.065140
0.241320 0.116670 -0.048945
0.265413 0.137006 0.033313
0.270577 0.229094 -0.110009
0.116067 0.128478 -0.095806
0.267718 0.146355 -0.136970
0.114868 0.105179 -0.103651
0.245909 0.180620 0.024094
0.113337 0.107888 -0.017146
0.097623 0.021487 -0.026440
0.036306 0.084271 0.068259
0.196085 0.265955 0.041840
0.238750 0.306246 0.052115
0.207874 0.172734 0.003324
0.272053 0.161985 -0.009367
0.175722 0.251952 0.043929
0.309922 0.217841 0.068110
0.226381 0.290633 -0.066613
0.250316 0.213070 -0.049115
0.114589 0.297074 0.070423
0.094852 0.372343 0.039050
0.173975 0.149612 0.029406
0.208415 0.125368 -0.067637
0.340700 0.063961 0.071507
0.163229 0.203054 0.020149
0.062612 0.175837 -0.002935
0.162513 0.233387 0.012635
0.246496 -0.020104 -0.022939
0.164731 0.194289 0.076601
0.140938 0.144090 0.036428
0.268718 0.188747 0.010223
0.223647 0.018076 0.024726
0.122808 0.317594 -0.049575
0.185114 0.095967 -0.014571
0.197993 0.187176 0.002288
0.349711 0.120401 0.048787
0.166717 0.150766 -0.060640
0.185785 0.225163 0.045146
0.153289 0.213861 0.007073
0.279833 0.000723 0.007058
0.319972 0.186233 0.009349
0.175493 0.111956 -0.027200
0.242576 0.141936 0.003507
0.173073 0.212271 0.042435
0.176460 0.235353 0.054978
0.190977 0.075678 -0.035001
0.236008 0.281587 -0.001744
0.305004 0.319713 -0.046563
0.125469 0.129427 0.048193
0.285106 0.071877 0.035801
0.203333 0.369335 0.083002
0.104809 -0.000115 -0.087267
0.283850 0.256418 -0.043178
0.200578 0.072782 0.096941
0.073699 0.295987 0.050326
0.204028 0.191583 -0.026077
0.058527 0.183528 0.027330
0.226856 0.261766 -0.018247
0.187802 0.032930 -0.040123
0.327480 0.139813 -0.018408
0.194412 0.184478 0.032276
0.198241 0.256751 -0.072390
0.279882 0.081612 -0.019392
0.040301 0.181935 0.012023
0.159472 0.108458 0.007762
0.123290 0.172388 -0.020325
0.105415 0.198022 -0.077018
0.144450 0.021212 0.042451
0.148310 0.196452 0.070995
0.166773 0.119246 -0.077313
0.188207 0.308548 -0.022878
0.117194 0.176656 0.060264
0.224212 0.366999 -0.069854
0.314794 0.144567 -0.009688
0.133143 0.341625 0.017546
0.286904 -0.029196 -0.016773
0.153408 0.081275 0.080222
0.002838 0.073818 0.022614
0.180709 0.083631 -0.018668
0.188773 0.235587 -0.111228
0.125244 0.254779 -0.088474
0.206307 0.070797 -0.066789
0.023494 0.153726 -0.073513
0.156034 0.322566 -0.096689
0.188546 0.192209 0.031887
0.202666 0.205901 0.071153
0.139743 0.230340 -0.017496
0.045389 0.188592 0.020356
0.228742 0.243434 -0.002063
0.221426 0.074243 0.014681
0.297549 0.047496 0.067904
0.166761 0.104091 0.046196
0.268037 0.187882 0.009924
0.321074 0.275436 0.028517
0.180434 0.179250 0.093292
0.029008 0.210505 0.110287
0.187123 0.183906 0.033054
0.126954 -0.051535 -0.077007
0.236935 0.076572 -0.149445
0.132669 0.165235 0.010101
0.099588 0.377339 -0.017392
0.157083 0.135446 -0.029728
0.168533 0.175825 0.078763
0.161827 0.295818 -0.028188
0.233004 0.344914 -0.029815
0.221761 0.294928 -0.016089
0.174870 0.214259 0.013189
0.177249 0.248090 -0.036980
0.192535 0.123828 0.043035
0.108270 0.302102 -0.030601
0.293512 0.021262 -0.068851
0.096890 0.251024 -0.119456
0.188352 0.234273 0.097141
0.387414 0.154300 -0.030024
0.191068 0.305166 0.099208
0.086002 0.057610 -0.041405
0.265444 0.127232 -0.019801
0.330065 0.077702 -0.004495
0.158085 0.043273 0.084139
0.184483 0.130827 0.078513
0.169306 0.216015 0.068347
0.170943 0.349816 0.047923
0.063793 0.050909 -0.027715
0.109765 0.235762 0.035810
0.141681 0.133250 -0.027413
0.260703 0.065241 -0.001628
0.179758 0.131230 -0.011144
0.237707 0.030951 0.177846
0.099817 0.195013 0.015702
0.179421 0.183312 -0.004767
0.184213 0.177814 0.044802
0.126619 0.170269 -0.049323
0.104162 0.148700 0.002746
0.305728 0.002838 0.041566
0.242803 0.280604 0.012693
-0.015636 0.214474 0.006740
0.124081 0.083627 -0.023572
0.027426 0.158827 -0.027133
0.305410 0.268306 0.019528
0.214954 0.017528 0.019105
0.075273 0.077190 0.110476
0.189547 0.253235 -0.059800
0.238643 0.075964 -0.027654
0.383782 0.251501 -0.053331
0.344293 0.201314 -0.035482
0.281342 0.086112 -0.051334
0.163913 0.001743 0.081031
0.203353 0.077277 -0.063346
0.246658 0.071366 -0.000263
0.215878 0.069481 -0.045134
0.217772 0.180042 -0.064314
0.061036 0.346530 0.058835
0.137974 0.082927 0.036884
0.157837 0.294124 0.045364
0.148166 0.160048 0.093356
0.394996 0.196104 -0.018111
0.178003 0.217238 -0.041858
0.261569 0.092395 -0.012485
0.194999 0.015661 -0.018837
0.247011 0.226487 -0.043488
0.152638 0.123278 -0.066978
0.066660 0.163807 -0.061913
0.234321 0.434958 -0.010541
0.043691 0.318448 -0.053585
0.144969 0.153796 0.033667
0.151612 0.103376 0.047595
0.063258 0.216669 -0.017289
0.025061 0.261650 -0.052194
0.234383 0.125345 0.018743
0.198792 0.139099 -0.006566
0.100616 0.083496 0.023301
0.249977 0.206049 0.023298
0.256741 0.201317 -0.077543
0.155910 0.071298 -0.053060
0.153517 0.148131 -0.040181
0.224984 0.382125 -0.003249
0.152411 0.126335 -0.075537
0.224763 0.254745 0.019891
0.116647 0.188272 -0.055642
0.189243 0.170149 -0.033447
0.248619 0.408355 -0.029774
0.359125 0.189718 -0.020807
0.122124 0.142542 0.038335
0.096406 0.182626 -0.018349
0.135826 0.123904 -0.017332
0.221831 0.272871 -0.050414
0.150446 0.132668 -0.026496
0.143682 0.156662 0.031135
0.057484 0.319687 -0.012657
0.153698 0.117574 -0.013932
0.127075 0.139845 0.005915
0.208931 0.166935 -0.031465
0.136604 0.194037 0.082798
0.014465 0.128253 -0.012045
0.031134 0.332129 0.033916
0.230613 0.211511 -0.039017
0.308094 0.078375 -0.023822
0.142917 0.123370 0.041832
0.161483 0.285916 0.005330
0.332637 0.266736 -0.011948
0.074678 0.100729 0.032680
0.212959 0.093450 0.055426
0.141760 0.108501 -0.048285
0.327600 0.240517 0.065793
0.163187 0.133999 -0.032843
0.344230 0.199688 -0.013207
0.101000 0.082275 0.062814
0.258378 0.117166 -0.064553
0.242261 0.308497 0.016581
0.182217 0.248751 -0.088640
0.023672 0.177617 0.011748
0.256660 0.249916 -0.003822
0.304539 0.366055 -0.012335
0.102453 0.069254 -0.006280
0.065045 0.140279 0.010151
0.126310 0.284299 0.045941
0.147968 0.291624 -0.016682
0.212897 0.318537 -0.087517
0.059387 0.129585 0.089993
0.117020 0.167418 -0.077371
0.340844 0.030663 0.053016
0.395338 0.185851 -0.025391
0.081268 0.178341 0.126984
0.250702 0.098858 0.062065
0.317813 0.208095 -0.057474
0.205458 0.078894 0.028560
0.129932 0.104680 0.017115
0.192804 0.130133 -0.064389
0.336140 0.146912 0.022550
0.232728 0.058541 0.018410
0.243957 0.193990 -0.024218
0.221433 0.206596 -0.026667
0.228191 0.194974 -0.036089
-0.002734 0.177188 0.107529
0.158816 0.151185 0.036052
0.197485 0.302274 -0.072826
0.151232 0.083834 0.005893
0.327793 0.255806 -0.039728
0.161773 0.184141 -0.001647
0.227028 0.181814 -0.060754
0.069464 0.162985 0.065072
0.213929 0.209012 -0.101312
0.250717 0.219467 -0.099165
0.127194 0.288476 0.024714
0.223945 0.169360 -0.021825
0.127815 0.065060 -0.035589
0.197751 0.043003 -0.024855
0.198551 0.015193 -0.058335
0.137061 0.258077 -0.023684
0.132652 0.073015 0.025665
0.162187 0.205717 0.059734
0.181281 0.008383 -0.005828
0.188372 0.184814 -0.069196
0.110456 0.151938 0.055554
0.081092 0.228153 0.022240
0.189659 0.053689 0.047581
0.243703 0.083288 0.010829
0.068900 0.109358 -0.023419
0.142261 0.213285 0.059636
0.190508 0.323853 -0.057377
0.155627 0.230090 0.036196
0.323324 0.037548 0.014064
0.154855 0.241742 0.008505
0.127581 0.224458 -0.081744
0.219577 0.228971 -0.073237
0.116212 0.191405 0.054604
0.075377 0.304108 0.044860
0.178220 0.167670 -0.002815
0.124469 0.039134 0.038035
0.087634 0.135079 -0.025358
0.176964 0.234863 -0.039465
0.264985 0.006175 -0.025280
0.215606 0.150900 -0.009106
0.081807 0.371007 -0.006524
0.203621 0.184110 0.012786
0.291754 0.184167 0.086519
0.174500 0.229221 -0.004446
0.188188 0.278456 -0.056385
0.214500 0.132837 0.052475
0.159410 0.270828 0.004677
0.239242 0.349360 0.040337
0.268901 0.132493 0.044828
0.131504 0.148947 0.044660
0.183680 0.072277 -0.001234
0.120896 0.168713 0.053154
0.179958 0.174118 0.042775
0.215904 0.068193 -0.078079
0.185206 0.072049 0.145605
0.246499 0.152738 0.015771
0.206113 0.169147 0.062966
0.073124 0.175369 0.028172
0.233711 0.351844 -0.026229
0.161331 0.142606 0.004556
0.030219 -0.056349 0.124045
0.148831 0.100458 -0.003153
0.277141 0.168645 -0.022209
0.027792 0.116003 0.072624
0.206014 0.090798 -0.079739
0.223286 0.213941 0.025515
0.225478 0.323739 -0.027706
0.288473 0.219642 0.014964
0.278007 0.200080 -0.025360
0.261742 0.169953 -0.015600
0.261381 0.160537 -0.126952
0.256164 0.196294 0.006623
0.222267 0.179445 -0.009783
0.192492 0.013006 -0.015821
0.241645 0.149257 0.011972
0.275520 0.136046 -0.095843
0.024938 0.236205 0.006884
0.282481 0.287542 0.042874
0.144067 0.084918 -0.047836
0.236617 0.302014 0.010065
0.278428 0.067779 -0.120599
0.233872 -0.073874 0.013006
0.219124 0.283547 -0.098644
0.276161 0.235962 0.043463
0.123677 0.137417 -0.036722
0.207488 0.160599 -0.008134
0.257778 0.107858 0.008609
0.131773 0.172613 -0.017649
0.136894 0.204094 -0.008856
0.210459 0.174646 -0.067779
0.235273 0.156978 -0.056829
0.108716 0.143420 0.049656
0.285556 0.134131 -0.013249
0.138544 0.105187 0.018582
0.219016 0.373227 0.017740
0.267949 0.250781 -0.060875
0.131362 0.209872 -0.034978
0.113127 0.197364 0.059087
0.168419 0.062112 -0.010542
0.235695 0.249707 -0.095042
0.072996 0.357781 -0.016143
0.255952 0.031637 -0.054948
0.225225 0.286663 0.038128
0.222629 -0.077905 -0.000003
0.029869 0.086053 0.060155
0.274484 0.205605 -0.144272
0.257785 0.105068 0.079613
0.286270 -0.049298 0.059897
0.171071 0.135441 -0.051106
0.231353 0.236544 0.006123
-0.097517 0.125087 0.021715
0.316641 0.216146 -0.073119
0.165436 0.165532 0.088601
0.145965 0.172222 -0.005331
0.161709 0.321044 0.097689
0.109817 0.210464 0.414203
0.174015 0.189536 0.374568
0.181399 0.083280 0.374121
0.145375 0.206409 0.301344
0.146363 0.179487 0.336713
0.078309 0.097306 0.340360
0.038408 0.126443 0.348897
0.145274 0.162684 0.221390
0.176083 0.158747 0.373848
0.026810 0.127903 0.260241
0.061344 0.113194 0.269080
0.188309 0.110003 0.315794
0.166727 0.181122 0.320647
0.180863 0.247418 0.373195
0.186760 0.097447 0.202795
0.286791 0.125586 0.264887
0.178848 0.250069 0.273231
0.259270 0.222325 0.255697
0.126658 0.282683 0.266571
0.238993 0.204309 0.230385
0.174614 0.162171 0.327100
0.179527 0.233378 0.409119
0.032469 0.068698 0.427352
0.237113 0.079387 0.369066
0.211690 0.151478 0.360924
0.213743 0.121771 0.287058
0.055076 0.163632 0.275731
0.140876 0.139310 0.361231
0.198409 0.163910 0.240756
0.167202 0.161435 0.287524
0.108347 0.071596 0.325990
0.174572 0.149062 0.300116
0.253051 0.230144 0.233329
0.158153 0.183496 0.325436
0.226327 0.145307 0.296827
0.104643 0.141184 0.308754
0.082209 0.138751 0.367854
0.276957 0.168153 0.311390
0.128731 0.025833 0.312800
0.173712 0.163181 0.270030
0.136445 0.160711 0.308401
0.125504 0.118809 0.407040
0.165990 0.180973 0.260854
0.182585 0.174871 0.300882
0.116159 0.159239 0.304477
0.212173 0.188831 0.278988
0.097189 0.207748 0.325383
0.228036 0.241858 0.308657
0.257638 0.211479 0.226391
0.195998 0.098008 0.366676
0.056718 0.140207 0.364968
0.146001 0.130980 0.322790
0.065675 0.162280 0.323557
-0.041213 0.121999 0.421621
0.243439 0.210327 0.299388
0.276102 0.212758 0.315894
0.170497 0.129385 0.355243
0.087405 0.144826 0.284633
0.187767 0.064530 0.375767
0.163191 0.218856 0.241066
0.184017 0.146811 0.398255
0.285536 0.097405 0.388847
0.129602 0.167810 0.187895
0.141174 0.124011 0.293894
0.159677 0.164405 0.340885
0.182254 0.231023 0.252792
0.135249 0.195867 0.349169
0.035418 0.156729 0.319426
0.065945 0.207544 0.293282
0.094602 0.175966 0.418488
0.098811 0.253538 0.324417
0.077101 0.130374 0.400188
0.112846 0.114696 0.379871
0.184581 0.142396 0.255116
0.050582 0.184650 0.287575
0.097953 0.181217 0.187836
0.148511 0.189104 0.239623
0.101310 0.173788 0.331295
0.246842 0.161315 0.309298
0.181475 0.172253 0.319494
0.161240 0.144850 0.307630
0.206316 0.089457 0.337807
0.235227 0.194959 0.337880
0.251314 0.094441 0.345430
0.093853 0.118747 0.395725
0.255913 0.119713 0.401491
0.075432 0.107490 0.366071
0.189938 0.186034 0.148847
0.131637 0.116714 0.355473
0.067866 0.188773 0.390809
0.116804 0.184557 0.318172
0.200974 -0.034058 0.313623
0.241916 0.094374 0.197483
0.141444 0.105336 0.438236
0.167752 0.121380 0.200863
0.195844 0.164789 0.424683
0.180727 0.202237 0.337311
0.094774 0.181742 0.309467
0.198437 0.199917 0.311057
0.180387 0.088829 0.358260
0.119227 0.139972 0.338462
0.281822 0.057754 0.408255
0.123541 0.215542 0.269032
0.193268 0.141264 0.329942
0.149989 0.131371 0.410047
0.118372 0.231222 0.260643
0.198057 0.140517 0.342939
0.307976 0.199356 0.195206
0.175593 0.238295 0.335702
0.116225 0.108732 0.364038
0.265765 0.131246 0.242088
0.138972 0.163539 0.252705
0.110818 0.119580 0.322088
0.271316 0.177125 0.197139
0.141880 0.194193 0.151966
0.094891 0.140623 0.272627
0.260893 0.103943 0.291981
0.167055 0.155972 0.259202
0.085224 0.142204 0.275290
0.187624 0.122177 0.236040
0.186231 0.150243 0.378591
0.028689 0.213847 0.326333
0.152681 0.056793 0.364434
0.211301 0.198248 0.361564
0.096072 0.140272 0.381350
0.157324 0.148662 0.327430
0.052897 0.221929 0.283699
0.063616 0.100007 0.370631
0.102055 0.178832 0.260824
0.312798 0.163237 0.248117
0.080049 0.062790 0.209596
0.131900 0.170237 0.245918
0.181587 0.188304 0.291715
0.107751 0.147700 0.296300
0.194672 0.175910 0.342882
0.121097 0.179831 0.215280
0.123774 0.128999 0.254768
0.182410 0.130969 0.283410
0.200783 0.097459 0.325811
0.148221 0.127620 0.315172
0.112397 0.126607 0.252770
0.100941 0.177677 0.323861
0.213223 0.089016 0.237086
0.069122 0.119221 0.316663
0.115434 0.122848 0.394310
0.084009 0.189227 0.279963
0.136834 0.219472 0.326951
0.162834 0.146350 0.343997
0.199889 0.233465 0.277321
0.125907 0.186214 0.225880
0.120220 0.176724 0.367222
0.221008 0.354047 0.391554
0.197444 0.140245 0.316160
0.080643 0.196158 0.383565
0.198975 0.146872 0.323926
0.171472 0.097267 0.343885
0.151267 0.144387 0.302050
0.307434 0.153422 0.364357
0.105823 0.104420 0.282658
0.196461 0.174574 0.197105
0.282076 0.172730 0.202593
0.138531 0.202577 0.320125
0.146173 0.065139 0.345599
0.141375 0.250306 0.292984
0.102268 0.128686 0.360516
0.222009 0.120558 0.311194
0.115236 0.140567 0.364216
0.179021 0.112693 0.304369
0.126519 0.203379 0.242117
0.176479 0.191639 0.229667
0.341998 0.183486 0.391697
0.228482 0.216906 0.149513
0.124609 0.124375 0.254084
0.157604 0.202294 0.247130
0.175797 0.084803 0.372968
0.231285 0.135514 0.194897
0.172719 0.145503 0.281137
0.255902 0.089908 0.249748
0.150522 0.193112 0.389424
0.069498 0.294097 0.279499
0.148673 0.211068 0.186265
0.150376 0.096081 0.262238
0.213276 0.116160 0.351820
0.147525 0.154067 0.319221
0.122850 0.157947 0.308327
0.168706 0.055396 0.341373
0.196099 0.084314 0.276175
0.132200 0.173486 0.250832
0.145605 0.165206 0.243567
0.079573 0.142875 0.316346
0.040511 0.167372 0.417483
0.120358 0.200957 0.345524
0.185728 0.094903 0.325386
0.047174 0.127815 0.365611
0.033324 0.125220 0.462001
-0.203459 0.310275 -0.018973
-0.247520 0.329800 -0.079112
-0.241454 0.216331 -0.042389
-0.182430 0.315164 -0.101671
-0.142227 0.322619 -0.038247
-0.172724 0.374962 0.102940
-0.220541 0.255874 -0.004779
-0.205605 0.285567 -0.004718
-0.150420 0.177008 -0.116074
-0.191697 0.326598 -0.168737
-0.198178 0.373766 0.080945
-0.243851 0.383120 -0.049801
-0.181702 0.304838 0.049288
-0.221680 0.279247 -0.057979
-0.244856 0.395229 -0.101794
-0.187572 0.300101 -0.127003
-0.224930 0.295100 -0.080661
-0.147699 0.288616 -0.249565
-0.119846 0.280506 -0.086277
-0.164351 0.347251 -0.180265
-0.103393 0.319088 -0.098171
-0.202678 0.338799 -0.092010
-0.162331 0.339881 -0.111794
-0.215491 0.381052 -0.081226
-0.169568 0.353113 -0.094078
-0.128215 0.351369 -0.155272
-0.147673 0.281267 -0.045693
-0.283760 0.383126 0.002154
-0.104799 0.276637 0.005701
-0.244020 0.301397 -0.120208
-0.176791 0.340959 0.071012
-0.192527 0.238993 -0.056666
-0.112531 0.340067 0.010087
-0.192203 0.279225 0.014633
-0.102224 0.306015 -0.066787
-0.205893 0.291292 -0.100082
-0.156046 0.370826 -0.066548
-0.147190 0.296996 -0.103954
-0.167313 0.187464 -0.092970
-0.180672 0.201484 -0.147022
-0.146764 0.314667 -0.158261
-0.205384 0.343754 -0.091323
-0.195283 0.177996 -0.144527
-0.218424 0.367416 -0.020733
-0.119066 0.251348 -0.154195
-0.136488 0.341880 0.013714
-0.183628 0.324542 -0.147827
-0.212247 0.344385 -0.064907
-0.103189 0.375201 -0.064835
-0.226520 0.322665 0.023243
-0.147956 0.333443 0.044589
-0.210208 0.294149 -0.164443
-0.222544 0.328445 -0.078984
-0.189622 0.179828 -0.024863
-0.206146 0.407788 -0.084499
-0.201299 0.348688 -0.099677
-0.180219 0.235977 -0.208299
-0.213002 0.343360 0.007864
-0.093609 0.328998 -0.057293
-0.097463 0.173505 -0.110836
-0.177997 0.201555 -0.135406
-0.156193 0.335306 -0.133932
-0.179792 0.371372 -0.144643
-0.211964 0.331654 -0.217997
-0.176046 0.220598 -0.189981
-0.098574 0.233732 -0.172879
-0.156864 0.264503 -0.175630
-0.185272 0.256899 -0.174992
-0.239728 0.281062 -0.126502
-0.118455 0.308620 -0.059637
-0.135829 0.273432 -0.060669
-0.243238 0.436582 0.102576
-0.248469 0.393747 -0.121351
-0.150713 0.263329 -0.030532
-0.305813 0.377618 -0.140909
-0.215813 0.266705 -0.007665
-0.094220 0.358564 -0.077590
-0.147215 0.324903 -0.041061
-0.161834 0.392495 -0.056120
-0.221844 0.235480 -0.168398
-0.199205 0.380434 -0.078857
-0.245373 0.371404 -0.111531
-0.093962 0.416081 -0.136780
-0.130143 0.346836 -0.166151
-0.097444 0.256797 -0.127754
-0.120996 0.410107 -0.004609
-0.212851 0.200730 -0.095280
-0.252445 0.311435 -0.007004
-0.148293 0.268853 0.030683
-0.109110 0.376820 -0.091402
-0.163209 0.384750 -0.119305
-0.223662 0.179175 -0.268959
-0.122770 0.368277 -0.015939
-0.180085 0.389625 -0.203403
-0.165913 0.371448 -0.100695
-0.118762 0.313055 -0.056256
-0.119751 0.277076 -0.165726
-0.169533 0.412299 -0.010235
-0.161091 0.240171 -0.238770
-0.092992 0.335272 -0.069529
-0.124123 0.304211 -0.117361
-0.133043 0.281695 0.046116
-0.237594 0.327658 -0.016687
-0.154281 0.323366 -0.084448
-0.306913 0.317230 -0.016035
-0.201446 0.402758 -0.118505
-0.096815 0.310988 -0.074256
-0.222672 0.303846 -0.052385
-0.205217 0.237762 -0.244336
-0.148870 0.301133 -0.086971
-0.315586 0.340045 -0.131599
-0.240229 0.267017 -0.082866
-0.190458 0.298381 -0.092438
-0.133416 0.377431 -0.115340
-0.203044 0.369363 -0.033698
-0.150340 0.374887 0.047940
-0.207402 0.355601 -0.054350
-0.261484 0.323496 -0.080972
-0.112089 0.375378 -0.095769
-0.122701 0.209449 -0.110077
-0.095421 0.290414 -0.107363
-0.174142 0.292087 -0.059289
-0.118851 0.285285 -0.046607
-0.211568 0.323313 -0.066525
-0.092817 0.400331 -0.135733
-0.181295 0.332772 -0.090739
-0.235416 0.332605 -0.122194
-0.109742 0.311562 -0.049709
-0.141592 0.374336 -0.138828
-0.259678 0.207833 0.013816
-0.163417 0.337040 -0.124606
-0.204964 0.275711 -0.087953
-0.213300 0.310642 -0.218778
-0.190331 0.287130 -0.149625
-0.178365 0.338157 -0.078681
-0.209476 0.291294 -0.121619
-0.207171 0.231018 -0.150607
-0.144526 0.328901 -0.102860
-0.181338 0.262520 -0.144577
-0.203523 0.264598 -0.108109
-0.205261 0.279511 0.032387
-0.154885 0.276636 -0.194735
-0.238663 0.349589 -0.059713
-0.180952 0.392681 -0.090769
-0.147809 0.335313 -0.103540
-0.170319 0.259933 -0.214397
-0.099736 0.284083 -0.121004
-0.135706 0.321896 -0.105855
-0.104159 0.347139 -0.156225
-0.190300 0.390042 0.041117
-0.226811 0.344588 -0.246509
-0.090654 0.302796 -0.166753
-0.227935 0.262007 -0.196487
-0.219805 0.292605 0.016207
-0.173121 0.305802 -0.163078
-0.129652 0.289300 -0.183266
-0.083352 0.259389 -0.132399
-0.193639 0.307010 -0.091855
-0.170229 0.279892 -0.124627
-0.177120 0.365807 -0.116139
-0.084234 0.365213 -0.163579
-0.184492 0.327912 -0.181158
-0.265433 0.336132 -0.029888
-0.126630 0.434454 -0.176543
-0.157681 0.394294 -0.125139
-0.142584 0.348597 -0.041187
-0.230370 0.284886 -0.156145
-0.180123 0.350073 -0.154470
-0.102458 0.307354 -0.178387
-0.108295 0.377467 -0.045335
-0.157794 0.338134 -0.045174
-0.110449 0.344543 -0.129003
-0.189772 0.288398 -0.189515
-0.207396 0.329736 -0.032028
-0.218464 0.324454 -0.182909
-0.151224 0.320371 -0.113710
-0.174761 0.371250 0.020966
-0.115310 0.333799 -0.044365
-0.176548 0.292498 -0.015895
-0.133512 0.208878 -0.085059
-0.065481 0.270959 -0.054333
-0.220601 0.295613 -0.116660
-0.168194 0.382397 -0.040405
-0.105036 0.288667 -0.080594
-0.209732 0.254605 -0.183520
-0.309454 0.265327 -0.088939
-0.134484 0.233372 -0.083001
-0.148612 0.448146 -0.069808
-0.147036 0.273472 -0.111578
-0.068432 0.401546 -0.178632
-0.209226 0.259860 -0.077826
-0.236696 0.318101 -0.116336
-0.232429 0.277576 -0.104280
-0.209846 0.365879 -0.017380
-0.161969 0.347593 -0.139306
-0.187202 0.279359 -0.015615
-0.183939 0.219995 -0.159776
-0.251446 0.210511 -0.041321
-0.123891 0.357636 0.059380
-0.194516 0.344516 -0.142625
-0.104372 0.272995 -0.077501
-0.186954 0.202556 0.010954
-0.271486 0.317562 -0.163028
-0.123764 0.238579 0.024453
-0.192964 0.258285 -0.043738
-0.173456 0.257486 -0.181398
-0.177700 0.247444 -0.169496
-0.184424 0.355986 -0.000872
-0.146629 0.383296 0.040169
-0.184232 0.434056 -0.055302
-0.185655 0.358563 -0.193719
-0.149130 0.354125 -0.109546
-0.170320 0.226138 -0.152000
-0.157482 0.358206 -0.155398
-0.127058 0.286156 -0.035146
-0.146759 0.302543 -0.104058
-0.239631 0.262480 -0.073612
-0.165059 0.372697 -0.189691
-0.133422 0.333378 -0.135713
-0.205908 0.373267 -0.119277
-0.215751 0.240486 -0.096104
-0.170058 0.279061 -0.111041
-0.110757 0.230999 -0.097362
-0.081122 0.332945 -0.058441
-0.133077 0.315279 -0.277794
-0.090009 0.290071 -0.049091
-0.139418 0.491597 -0.022894
-0.159214 0.400218 -0.108750
-0.169948 0.362282 -0.123221
-0.110239 0.265486 -0.043041
-0.083386 0.279970 -0.086198
-0.105670 0.348037 -0.075549
-0.226503 0.336222 -0.118419
-0.268877 0.195923 -0.225771
-0.140681 0.270377 -0.143539
-0.106700 0.375872 -0.179108
-0.225213 0.335953 -0.004864
-0.148015 0.316995 -0.173004
-0.214973 0.310855 -0.115615
-0.211697 0.287290 -0.104642
-0.186862 0.257642 -0.122964
-0.204325 0.339121 -0.137368
-0.172126 0.325487 -0.086580
-0.163526 0.363409 -0.117961
-0.147564 0.314686 0.049657
-0.100244 0.259607 -0.174361
-0.202745 0.279754 -0.042923
-0.231242 0.289062 -0.063382
-0.125451 0.381779 0.006165
-0.127944 0.364207 0.034298
-0.186848 0.447166 -0.199982
-0.293962 0.392495 0.032087
-0.160793 0.303738 -0.164815
-0.184623 0.245478 -0.080014
-0.209900 0.327888 -0.073283
-0.237493 0.183486 -0.030472
-0.127115 0.341549 -0.037651
-0.176990 0.292163 -0.098691
-0.120862 0.327374 0.141322
-0.194916 0.401555 -0.006336
-0.134142 0.303640 0.123708
-0.133186 0.316874 -0.001111
-0.191015 0.356125 0.057888
-0.109178 0.299305 0.151514
-0.229874 0.313170 0.050591
-0.124837 0.178409 0.172538
-0.122113 0.379267 0.157375
-0.231890 0.320938 0.093959
-0.158809 0.384247 -0.010146
-0.132176 0.264642 0.089154
-0.225272 0.313253 0.084996
-0.209669 0.326916 0.110040
-0.207932 0.333006 0.110976
-0.200451 0.316975 0.085033
-0.197463 0.213447 0.189703
-0.176972 0.400304 -0.036570
-0.205575 0.244377 0.229300
-0.151488 0.368727 0.142952
-0.118702 0.404662 0.045504
-0.192572 0.369767 0.211748
-0.239488 0.323649 0.110675
-0.155740 0.268750 0.146322
-0.198930 0.339092 0.272232
-0.207951 0.268219 0.091196
-0.183075 0.291640 0.160991
-0.153202 0.353878 0.180948
-0.091929 0.312745 0.000024
-0.099007 0.316995 0.236474
-0.177790 0.278202 0.020795
-0.155156 0.309726 0.113141
-0.170894 0.211245 0.172036
-0.239496 0.345836 0.086023
-0.146394 0.235419 0.114238
-0.201920 0.291615 0.213266
-0.121347 0.408132 0.087519
-0.179380 0.307542 0.087664
-0.185396 0.243215 0.068088
-0.225414 0.188132 0.134313
-0.097047 0.426766 0.042679
-0.247822 0.368566 -0.030487
-0.140393 0.325264 0.071442
-0.123091 0.299794 0.010328
-0.124578 0.270751 0.182465
-0.197264 0.233082 0.054533
-0.209998 0.282665 0.112172
-0.227795 0.328695 0.146409
-0.213442 0.268915 0.215199
-0.262102 0.290201 0.068337
-0.068140 0.312750 0.114995
-0.182923 0.224673 0.115750
-0.231677 0.289586 0.072464
-0.208423 0.254824 0.169635
-0.194698 0.313295 -0.004972
-0.172115 0.275438 0.181387
-0.164943 0.355786 0.093429
-0.162105 0.286333 0.118426
-0.219230 0.327271 0.035555
-0.108175 0.312487 0.189053
-0.140373 0.271244 0.164278
-0.186496 0.363499 -0.013009
-0.180748 0.194704 0.067217
-0.165392 0.239782 0.043711
-0.228568 0.294429 0.120080
-0.161659 0.243940 0.069537
-0.318438 0.209496 0.128814
-0.270950 0.310593 0.057102
-0.129188 0.364330 0.080054
-0.165652 0.260141 0.218657
-0.194130 0.225306 0.011744
-0.104067 0.343738 0.157522
-0.216651 0.294349 0.110491
-0.228048 0.349457 0.233835
-0.277270 0.298375 -0.037975
-0.208189 0.246741 0.121286
-0.201231 0.302316 0.224727
-0.176660 0.314186 0.069226
-0.155465 0.278267 0.193550
-0.139793 0.235871 0.091646
-0.161444 0.245042 0.060247
-0.131649 0.377913 0.114270
-0.155336 0.293270 0.167579
-0.176511 0.346648 0.089134
-0.248149 0.136116 0.065430
-0.124044 0.308825 0.172840
-0.195038 0.343979 0.251365
-0.129656 0.292989 0.079614
-0.102205 0.381185 0.172961
-0.170181 0.332710 0.079453
-0.060406 0.343016 0.118824
-0.138054 0.338472 0.191170
-0.127778 0.315818 0.095405
-0.209070 0.278041 0.086996
-0.189196 0.328493 0.023978
-0.096139 0.278096 0.137336
-0.217858 0.225720 0.146465
-0.115890 0.438690 0.170243
-0.133783 0.379762 0.118738
-0.114240 0.275827 0.124442
-0.149880 0.247480 0.197742
-0.245202 0.398182 0.083692
-0.156102 0.295429 0.087603
-0.159560 0.364353 0.099676
-0.135342 0.251209 0.167593
-0.180570 0.317558 0.082181
-0.166988 0.262840 0.030994
-0.174161 0.321103 0.141042
-0.184722 0.279271 0.128446
-0.272703 0.330790 0.168682
-0.166183 0.417533 0.037671
-0.157330 0.330339 0.122788
-0.130099 0.329801 0.101428
-0.208291 0.344576 0.230946
-0.210708 0.302434 0.205538
-0.227831 0.277183 0.089717
-0.157702 0.352419 0.124565
-0.156196 0.393461 0.128581
-0.156316 0.410373 0.101586
-0.170403 0.324381 0.125270
-0.139165 0.368355 0.113782
-0.129347 0.286635 0.098515
-0.178322 0.323408 0.102342
-0.181246 0.387562 0.099771
-0.275376 0.324908 -0.056853
-0.164125 0.333046 -0.001681
-0.132847 0.281663 0.052381
-0.110179 0.350126 0.176054
-0.194389 0.228125 0.115776
-0.163539 0.290482 0.001647
-0.121077 0.405578 0.100725
-0.234887 0.365649 0.026183
-0.123480 0.282775 0.119808
-0.203053 0.326219 0.009929
-0.207639 0.404135 0.000664
-0.199926 0.371339 0.070648
-0.174559 0.370102 0.024828
-0.209433 0.393057 -0.076306
-0.164613 0.350534 -0.076313
-0.196591 0.341484 0.035216
-0.247509 0.295212 0.144861
-0.246462 0.262162 0.039748
-0.188509 0.314500 0.069379
-0.111719 0.372169 0.050932
-0.122570 0.251206 0.143659
-0.186892 0.277305 0.107853
-0.203648 0.243612 0.092106
-0.105759 0.377479 0.092412
-0.185988 0.342893 0.133524
-0.171746 0.272888 0.021001
-0.124257 0.383500 0.007802
-0.104706 0.405087 0.069316
-0.241556 0.380438 0.049016
-0.236159 0.383074 0.012472
-0.161560 0.359642 -0.003009
-0.195572 0.240423 0.136948
-0.215692 0.215510 0.079610
-0.145448 0.410983 0.107931
-0.171446 0.263340 0.126086
-0.106749 0.254968 0.115637
-0.140346 0.266047 0.121549
-0.193621 0.396798 0.245426
-0.191621 0.330688 0.138182
-0.197472 0.300635 0.140181
-0.101715 0.364450 0.177234
-0.282601 0.368549 0.072271
-0.235181 0.387904 0.118974
-0.143789 0.198558 0.105276
-0.202883 0.298751 0.183088
-0.157568 0.371699 -0.045580
-0.107189 0.374259 0.153043
-0.109677 0.444780 -0.045726
-0.116958 0.278974 0.079472
-0.205990 0.340535 0.140164
-0.186793 0.306931 0.135980
-0.180506 0.286151 0.161078
-0.131292 0.326625 0.098259
-0.191627 0.404822 0.157504
-0.140799 0.378413 0.159723
-0.154584 0.325580 0.035517
-0.189649 0.300707 0.185518
-0.151379 0.301271 0.097100
-0.187220 0.306018 0.051240
-0.223982 0.321332 0.009925
-0.134991 0.342689 0.054136
-0.176571 0.256854 0.053560
-0.127247 0.340696 0.149215
-0.138594 0.160160 0.047877
-0.158881 0.170167 0.145284
-0.118075 0.363473 0.125875
-0.212610 0.198566 0.253043
-0.162542 0.281199 0.218169
-0.294372 0.267124 0.188049
-0.135086 0.191208 0.112522
-0.208144 0.262566 0.173893
-0.149475 0.320427 0.175236
-0.122419 0.334857 0.164757
-0.238768 0.281412 0.273832
-0.130026 0.456192 0.053040
-0.140883 0.376736 -0.040642
-0.116945 0.336837 0.080243
-0.226532 0.346036 0.118633
-0.230761 0.188661 -0.113723
-0.188920 0.353663 0.119912
-0.233601 0.357112 0.076440
-0.158252 0.330676 0.007263
-0.097276 0.303778 0.013378
-0.256635 0.338043 0.154459
-0.261339 0.280786 0.224198
-0.147945 0.284279 0.010290
-0.241200 0.309125 0.211880
-0.164176 0.386307 0.107202
-0.132912 0.341648 0.107235
-0.192870 0.324207 0.083947
-0.199063 0.279871 0.196396
-0.249306 0.158412 0.154901
-0.164775 0.455903 -0.013829
-0.210610 0.294998 0.166507
-0.183932 0.379040 0.159926
-0.249302 0.281061 0.182787
-0.191081 0.328024 0.159608
-0.179532 0.291220 0.112933
-0.214101 0.296540 0.070402
-0.234410 0.356511 0.275313
-0.136978 0.337058 -0.017483
-0.237952 0.260457 0.149804
-0.187318 0.295836 0.202225
-0.170334 0.366427 0.073480
-0.199439 0.276314 0.101331
-0.100715 0.409950 0.076714
-0.197017 0.336191 0.142029
-0.152106 0.197861 0.114471
-0.145085 0.368801 0.040164
-0.109049 0.292634 0.063914
-0.063382 0.343707 0.102613
-0.143691 0.397038 0.023766
-0.179875 0.392682 0.110565
-0.270397 0.302281 0.179672
-0.168054 0.367680 0.030944
-0.093760 0.305399 0.081607
-0.154426 0.307406 -0.004931
-0.142560 0.367960 0.150370
-0.133033 0.288437 0.171056
-0.217240 0.312129 0.094024
-0.192668 0.370510 0.193405
-0.190698 0.343147 0.111007
-0.281621 0.372276 0.056476
-0.124671 0.306934 0.044183
-0.194631 0.332672 0.041264
-0.179663 0.261811 0.069738
-0.156058 0.412034 0.055108
-0.170780 0.272816 0.068298
-0.160451 0.335093 0.061133
-0.092411 0.407569 0.042259
-0.145566 0.318152 0.097590
-0.146016 0.310241 -0.001226
-0.085536 0.290648 0.210007
-0.148513 0.299923 0.135725
-0.136457 0.377524 -0.049987
-0.181118 0.319433 0.034089
-0.134932 0.403196 0.008360
-0.169486 0.347190 0.037880
-0.191228 0.277647 -0.091569
-0.114087 0.275831 -0.037024
-0.245176 0.383083 0.047060
-0.115750 0.266858 0.069128
-0.185041 0.269476 0.081959
-0.151325 0.283346 0.052784
-0.197979 0.227920 0.167722
-0.246209 0.320074 0.044290
-0.209108 0.238394 0.156129
-0.171415 0.335543 0.084936
-0.094501 0.249726 0.094076
-0.218317 0.269735 0.061596
-0.215001 0.383424 0.058833
-0.146840 0.392496 0.176668
-0.127630 0.335854 0.158389
-0.210176 0.416082 0.166408
-0.117603 0.318026 0.190552
-0.149717 0.326378 -0.004953
-0.135880 -0.073483 -0.353648
-0.227327 -0.083842 -0.299641
-0.089069 -0.085130 -0.360045
-0.152768 -0.024076 -0.290706
-0.067165 0.086347 -0.387809
-0.199727 -0.160689 -0.377388
-0.113607 -0.131421 -0.363632
-0.112773 -0.104749 -0.321269
-0.049017 -0.172803 -0.377211
-0.216571 -0.039115 -0.283897
-0.240204 0.027376 -0.273814
-0.136455 -0.032129 -0.396457
-0.269723 -0.171631 -0.353526
-0.172236 -0.061519 -0.340620
-0.156603 -0.043566 -0.267527
-0.132833 -0.142405 -0.180633
-0.207825 0.043217 -0.308056
-0.177461 -0.159757 -0.293436
-0.189113 -0.124503 -0.249188
-0.084277 -0.141900 -0.391741
-0.022172 -0.019343 -0.329931
-0.142615 -0.064319 -0.341782
-0.118696 -0.120950 -0.346920
-0.100602 -0.073373 -0.291774
-0.236855 -0.103683 -0.335865
-0.131593 -0.089139 -0.404124
-0.104915 -0.102388 -0.340964
-0.206061 -0.101985 -0.300662
-0.171328 0.009018 -0.315470
-0.108330 -0.091605 -0.330206
-0.024820 -0.083032 -0.408522
-0.024745 -0.067235 -0.332704
-0.154967 -0.094408 -0.460650
-0.142532 -0.132933 -0.420182
-0.140489 -0.210299 -0.345554
-0.076517 -0.051419 -0.324813
-0.069552 -0.083173 -0.489516
-0.219059 0.049040 -0.246192
-0.137090 -0.182175 -0.310124
-0.036713 -0.103321 -0.297756
-0.079568 -0.126708 -0.399678
-0.042438 -0.072880 -0.341795
-0.047312 -0.046928 -0.398408
-0.190351 -0.137917 -0.398815
-0.225113 -0.037175 -0.381174
-0.043638 0.033575 -0.439252
-0.162904 -0.071958 -0.388920
0.003662 0.002359 -0.390113
-0.129265 -0.153351 -0.327937
-0.285815 -0.200009 -0.350537
-0.047471 -0.226297 -0.359619
-0.039472 -0.131756 -0.371242
-0.095042 0.005957 -0.421360
-0.214440 -0.133646 -0.228506
0.014658 -0.029030 -0.431927
-0.145133 -0.156365 -0.304193
-0.082572 -0.152239 -0.350538
-0.189406 -0.098558 -0.316281
-0.089337 -0.161623 -0.282911
-0.214042 -0.085732 -0.304600
-0.096450 -0.109893 -0.372428
-0.199463 0.036314 -0.334385
-0.177860 0.015086 -0.335656
-0.282832 0.004652 -0.222250
-0.175862 -0.194958 -0.254517
-0.120327 -0.089119 -0.350680
-0.071268 -0.171816 -0.273999
-0.148403 -0.104085 -0.256561
-0.151742 -0.157670 -0.380195
-0.272328 -0.025306 -0.311503
-0.139266 0.105292 -0.336473
-0.152244 0.076037 -0.427866
-0.263168 0.086345 -0.275921
-0.041802 -0.095281 -0.271018
-0.160848 0.025650 -0.332125
-0.184720 0.010096 -0.263951
-0.019824 -0.044119 -0.350314
-0.179795 -0.103652 -0.329313
-0.150993 -0.139722 -0.295269
-0.233242 0.052127 -0.381303
-0.160567 -0.048681 -0.313062
-0.074930 -0.115673 -0.330817
-0.181218 -0.035747 -0.380624
-0.191859 -0.053015 -0.371760
-0.091382 -0.133627 -0.284921
-0.079968 -0.021173 -0.334832
-0.168247 -0.121960 -0.196962
-0.178866 -0.133995 -0.358476
-0.112007 -0.167723 -0.280425
-0.115713 -0.243056 -0.244626
-0.161619 0.094855 -0.343847
-0.077279 -0.066169 -0.370153
-0.155753 -0.135043 -0.388097
-0.202071 -0.045427 -0.298834
-0.210267 -0.023913 -0.305487
-0.188668 0.127097 -0.381933
-0.003245 0.049595 -0.393089
-0.087717 -0.187524 -0.360296
-0.231888 0.112551 -0.305259
-0.215691 -0.227636 -0.314400
-0.079482 0.031541 -0.349333
-0.068794 -0.031700 -0.353168
-0.255819 -0.133917 -0.336619
-0.034271 -0.143480 -0.337399
-0.165355 -0.152367 -0.329041
-0.185490 -0.036191 -0.366455
-0.127304 -0.107347 -0.248444
-0.255843 -0.169314 -0.281001
-0.139063 -0.034783 -0.378601
-0.154880 -0.089893 -0.308601
-0.007183 0.013178 -0.452985
-0.061204 -0.056244 -0.328515
-0.139765 -0.066784 -0.309982
-0.173766 0.056274 -0.369547
-0.071636 -0.079409 -0.308555
-0.098823 -0.058549 -0.345921
-0.201627 -0.098411 -0.300056
-0.100375 0.108994 -0.417040
-0.139746 -0.059726 -0.369405
-0.139420 -0.193730 -0.382068
-0.229158 -0.008495 -0.275278
-0.134244 -0.079751 -0.354928
-0.060180 -0.159690 -0.339598
-0.108141 -0.171726 -0.288616
-0.046287 -0.089683 -0.406587
-0.332952 -0.123538 -0.351338
-0.195784 -0.140742 -0.367793
-0.303089 -0.110323 -0.232101
-0.033026 -0.129062 -0.333144
-0.270189 -0.060166 -0.255552
-0.254252 -0.083352 -0.330976
-0.113710 0.001341 -0.384316
-0.237886 -0.023938 -0.284293
-0.188937 -0.193941 -0.348259
-0.179933 -0.030580 -0.332950
-0.143287 -0.033161 -0.277161
-0.165598 0.088606 -0.399154
-0.138188 0.113797 -0.322877
-0.181439 -0.168850 -0.429748
-0.134542 -0.041345 -0.349209
-0.124348 -0.151934 -0.473557
-0.058720 0.116652 -0.426210
-0.162287 -0.044896 -0.318654
-0.044967 0.186778 -0.319924
-0.276439 -0.013273 -0.244564
-0.173956 0.057783 -0.371766
-0.147560 0.067793 -0.345726
-0.129436 -0.190848 -0.242295
-0.222496 -0.104677 -0.390245
-0.167314 -0.082677 -0.330462
-0.189128 -0.022971 -0.298900
-0.047825 -0.159032 -0.378491
-0.076069 -0.038581 -0.388969
-0.004993 -0.226731 -0.480676
-0.097050 -0.024986 -0.489070
-0.261540 -0.032533 -0.324428
-0.219718 -0.056633 -0.227494
-0.171465 -0.093866 -0.406031
-0.050841 -0.055387 -0.442398
-0.182217 -0.106543 -0.306904
-0.184966 -0.163541 -0.305999
-0.157651 -0.088020 -0.328033
-0.268478 0.013022 -0.317333
-0.128532 -0.145212 -0.363277
-0.152434 -0.009997 -0.336767
-0.174146 -0.168962 -0.340857
-0.089949 -0.095134 -0.371891
-0.232085 -0.021699 -0.335858
-0.250513 -0.163519 -0.263698
-0.153142 -0.115539 -0.245159
-0.156422 -0.138282 -0.251496
-0.202346 -0.215203 -0.406865
-0.160959 -0.160859 -0.323317
-0.176944 -0.102819 -0.355859
-0.164662 -0.073225 -0.370528
-0.182062 -0.241829 -0.283139
-0.081222 -0.209555 -0.303680
-0.144967 0.116807 0.147154
-0.353409 -0.047500 0.084774
-0.198752 -0.015550 0.095895
-0.263014 0.017781 0.152322
-0.264440 -0.061639 0.103042
-0.260777 -0.076791 0.248962
-0.238983 0.061401 0.214046
-0.192179 0.032819 0.178856
-0.351451 -0.017836 0.070048
-0.182585 -0.035407 0.201452
-0.308456 -0.051207 0.085849
-0.305377 -0.093124 0.148034
-0.157714 -0.071190 0.140428
-0.233940 -0.103569 0.196478
-0.224665 0.050195 0.067130
-0.366879 -0.045657 0.169273
-0.254757 0.007317 0.136603
-0.252725 -0.031006 0.150386
-0.243720 -0.086202 0.203502
-0.235861 -0.033577 0.230050
-0.215137 -0.017164 0.123268
-0.356316 -0.002363 0.189082
-0.258626 -0.069163 0.114449
-0.240772 0.099942 0.087222
-0.325542 -0.059907 0.144406
-0.266709 -0.049545 0.074158
-0.308734 -0.025009 0.266851
-0.228211 0.148576 0.076595
-0.206651 -0.022422 0.072316
-0.158830 -0.027384 0.300075
-0.443007 -0.019119 0.129891
-0.230060 -0.009775 0.177955
-0.247179 -0.091225 0.140448
-0.269100 -0.006417 0.115951
-0.169269 -0.017797 0.244621
-0.264771 0.051928 0.226263
-0.174723 0.081286 0.095894
-0.240424 0.022765 0.101411
-0.153551 -0.078810 0.250805
-0.212896 0.046537 0.185322
-0.221769 0.019864 0.102205
-0.194360 -0.071299 0.127648
-0.273532 -0.023634 0.262697
-0.273758 -0.065099 0.144377
-0.177466 -0.103983 0.179042
-0.142138 0.001552 0.147897
-0.334523 -0.033732 0.080874
-0.229791 -0.009680 0.091777
-0.279716 -0.039995 0.100440
-0.272225 0.025259 0.190819
-0.424848 0.064861 0.104678
-0.319986 -0.037264 0.109483
-0.226522 -0.131101 0.217570
-0.189317 -0.016310 0.203155
-0.249195 -0.117061 0.128315
-0.335151 -0.001515 0.122725
-0.285959 0.000131 0.097601
-0.311356 0.011153 0.087797
-0.185325 -0.033512 0.112530
-0.362539 0.004036 0.079493
-0.367014 0.019044 0.215391
-0.189953 -0.056732 0.179856
-0.191157 -0.060985 0.153103
-0.349257 -0.064038 0.128265
-0.250683 -0.009309 0.126721
-0.152793 -0.019352 0.087029
-0.244025 0.020420 0.102982
-0.171395 0.003153 0.100041
-0.271480 0.086132 0.239633
-0.216133 -0.023225 0.218628
-0.306841 -0.066035 0.102039
-0.267235 -0.035348 0.084654
-0.201164 0.005645 0.129124
-0.273559 0.016684 0.158205
-0.308131 -0.089332 0.141334
-0.237599 -0.018333 0.159612
-0.226749 -0.023317 0.215970
-0.323032 0.054467 0.144606
-0.232411 0.029052 0.188776
-0.331679 -0.087812 0.119633
-0.377513 -0.058209 0.021276
-0.187792 0.049826 0.225331
-0.372109 0.007448 0.045155
-0.178159 0.052587 0.127242
-0.188548 0.056771 0.154994
-0.244186 0.008985 0.056564
-0.367408 -0.062476 0.028983
-0.213048 -0.084016 0.158772
-0.145934 -0.064766 0.255857
-0.258231 0.010463 0.238108
-0.322501 0.045602 0.061545
-0.369273 -0.110288 0.129271
-0.254235 -0.067206 0.122184
-0.272923 -0.056629 0.063949
-0.295133 -0.017512 0.146420
-0.272217 -0.008002 0.133859
-0.339447 0.013779 0.053293
-0.252669 0.034998 0.146395
-0.293416 -0.013632 0.115052
-0.186503 -0.028704 0.134206
-0.157843 0.022291 0.105891
-0.199433 -0.031005 0.241428
-0.232703 -0.026729 0.167431
-0.207816 0.007738 0.265733
-0.199885 -0.055553 0.060996
-0.321939 0.000709 0.067724
-0.371986 -0.037267 0.110243
-0.359679 -0.043073 0.077420
-0.338759 0.076095 0.163756
-0.264097 0.032521 0.179815
-0.272355 0.102808 0.098933
-0.414241 -0.026368 0.091891
-0.258659 -0.005245 0.127061
-0.166885 -0.075714 0.173590
-0.362973 -0.023273 0.184972
-0.350511 -0.052153 0.121575
-0.222978 0.004842 0.120914
-0.407389 0.005091 0.126651
-0.307978 -0.071011 0.031164
-0.332776 0.038470 0.069346
-0.231938 -0.042446 0.227209
-0.226177 -0.009725 0.244845
-0.147817 -0.023181 0.239871
-0.422204 -0.013947 0.150494
-0.354045 -0.023957 0.151826
-0.365946 0.014227 0.142829
-0.331078 0.036791 0.089077
-0.236324 -0.131082 0.115152
-0.213993 -0.019787 0.196515
-0.221724 0.001673 0.241894
-0.222543 0.056303 0.039535
-0.249380 -0.025544 0.101151
-0.363943 0.074744 0.058222
-0.384607 -0.105790 0.191910
-0.305443 -0.038307 0.104420
-0.342860 -0.031360 0.084940
-0.248382 0.039239 0.256778
-0.244568 -0.073710 0.169076
-0.268286 -0.063298 0.121563
-0.396473 0.041766 0.145614
-0.374630 -0.006279 0.073885
-0.249712 -0.020314 0.094691
-0.316798 -0.094087 0.082697
-0.303419 0.016332 0.115363
-0.228880 -0.112002 0.138644
-0.323600 -0.019789 0.165108
-0.094737 -0.003157 0.087341
-0.216864 -0.079642 0.140088
-0.246152 -0.011173 0.157719
-0.300349 0.047987 0.227191
-0.278920 -0.053386 0.208513
-0.176562 0.040511 0.063937
-0.254328 -0.080480 0.205794
-0.290473 -0.003776 0.060414
-0.322705 -0.009384 0.248007
-0.326005 0.028396 0.056388
-0.310654 0.010687 0.128160
-0.389587 -0.040605 0.164160
-0.261891 -0.035511 0.202313
-0.307455 -0.077069 0.115903
-0.112309 0.035182 0.173990
-0.361055 -0.084185 0.113307
-0.262263 -0.065260 0.132153
-0.248038 -0.044286 0.245694
-0.318347 -0.077697 0.145206
-0.130305 -0.065415 0.152364
-0.252452 -0.040171 0.088563
-0.334689 -0.021350 0.137354
-0.225392 -0.085478 0.164946
-0.287727 0.030917 0.115353
-0.217289 -0.052456 0.148695
-0.306581 -0.021786 0.205990
-0.117888 0.001008 0.135220
-0.290242 -0.134341 0.089305
-0.195312 -0.055153 0.165983
-0.396540 0.026210 0.094850
-0.263125 -0.065703 0.172376
-0.268078 -0.051084 0.145310
-0.092766 0.052563 0.129419
-0.276990 0.016086 0.128625
-0.222116 0.024293 0.227598
-0.281571 -0.039895 0.124284
-0.337375 0.026458 0.135672
-0.248212 0.018220 0.061927
-0.480297 0.029694 -0.091150
-0.237399 -0.055924 0.228920
-0.243934 0.034628 0.137282
-0.333505 -0.048295 0.045185
-0.293642 -0.013790 0.042759
-0.348994 -0.097425 0.038926
-0.261463 -0.054955 0.210441
0.112190 -0.125632 -0.234469
0.176223 -0.218618 -0.118995
0.202648 -0.158725 -0.157162
0.099256 -0.155008 -0.190685
0.163044 -0.088819 -0.059405
0.291982 -0.217703 -0.137235
0.145233 -0.250339 -0.108032
0.121810 -0.100433 -0.148436
0.249083 -0.166974 -0.178226
0.258987 -0.101206 -0.383724
0.207641 -0.148401 -0.221027
0.182770 -0.265624 -0.202357
0.218910 -0.247185 -0.153689
0.261802 -0.263234 -0.198067
0.207968 -0.114562 -0.098346
0.194834 -0.169978 -0.239315
0.143147 -0.242859 -0.118967
0.316782 -0.277304 -0.057028
0.236184 -0.126807 -0.213766
0.218698 -0.185294 -0.137784
0.193352 -0.133223 -0.176279
0.182872 -0.144092 -0.115904
0.116837 -0.288611 -0.192011
0.187636 -0.288695 -0.220476
0.155733 -0.129655 -0.159136
0.193475 -0.267898 -0.203210
0.198892 -0.314277 -0.151900
0.191748 -0.145681 -0.162552
0.149214 -0.180353 -0.131780
0.268404 -0.228399 -0.248715
0.073361 -0.205221 -0.086470
0.206256 -0.116712 -0.151490
0.226261 -0.259468 -0.231573
0.071345 -0.190046 -0.168446
0.217207 -0.244876 -0.239936
0.130848 -0.117356 -0.212283
0.237783 -0.156172 -0.283382
0.261201 -0.231914 -0.260315
0.123183 -0.152782 -0.139994
0.104059 -0.138228 -0.130002
0.123413 -0.161348 -0.182496
0.176095 -0.183861 -0.219861
0.120175 -0.226844 -0.252906
0.088966 -0.237465 -0.129980
0.272170 -0.191697 -0.111626
0.185525 -0.182482 -0.226078
0.222986 -0.267592 -0.157384
-0.029923 -0.134965 -0.126228
0.163595 -0.184231 -0.338922
0.173397 -0.158512 -0.114706
0.126962 -0.218949 -0.219251
0.133719 -0.226536 -0.150820
0.219422 -0.202975 -0.238533
0.146571 -0.237509 -0.261180
0.198081 -0.249713 -0.131259
0.244801 -0.157073 -0.296224
0.174939 -0.133782 -0.171394
0.172927 -0.152801 -0.262439
0.084774 -0.188831 -0.097577
0.117801 -0.191187 -0.294414
0.301310 -0.173809 -0.224032
0.182030 -0.173986 -0.214446
0.139350 -0.139661 -0.161732
0.120322 -0.221860 -0.180337
0.050369 -0.279777 -0.144206
0.238589 -0.224642 -0.189084
0.070517 -0.159843 -0.132396
0.171417 -0.169691 -0.240039
0.191458 -0.023133 -0.222726
0.093877 -0.254827 -0.264415
0.252175 -0.043754 -0.106949
0.132146 -0.295345 -0.081160
0.200839 -0.212983 -0.116739
0.106761 -0.169199 -0.149600
0.161756 -0.172555 -0.028627
0.251440 -0.001447 -0.059632
-0.009240 -0.114709 -0.233160
0.188995 -0.228809 -0.220411
0.068899 -0.157037 -0.142558
0.092260 -0.102763 -0.271421
0.217206 -0.178588 -0.256448
0.102610 -0.184867 -0.223096
0.073364 -0.199716 -0.204791
0.105870 -0.142026 -0.024167
0.199616 -0.219093 -0.239377
0.193749 -0.154893 -0.256226
0.164373 -0.221520 -0.269181
0.135870 -0.248533 -0.158350
0.158983 -0.218264 -0.098570
0.185979 -0.170932 -0.183739
0.148419 -0.140155 -0.113863
0.211484 -0.161345 -0.167624
0.103566 -0.113652 -0.231823
0.080821 -0.181220 -0.119921
0.184456 -0.112323 -0.147549
0.194931 -0.180601 -0.119848
0.285531 -0.088972 -0.179336
0.132260 -0.096067 -0.125640
0.233549 -0.185939 -0.136142
0.129044 -0.123584 -0.162674
0.146671 -0.130433 -0.139035
0.036737 -0.111425 -0.024743
0.264125 -0.235081 -0.175133
0.202903 -0.245163 -0.234183
0.102221 -0.274451 -0.052585
0.133227 -0.255912 -0.169773
0.174821 -0.205660 -0.183622
0.155479 -0.298160 -0.171516
0.194091 -0.171416 -0.244857
0.114498 -0.208038 -0.346745
0.281708 -0.187247 -0.054213
0.161259 -0.199934 -0.353380
0.123955 -0.127972 -0.140928
0.245466 -0.125146 -0.148290
0.128653 -0.190120 -0.136161
0.276383 -0.195828 -0.116792
0.241055 -0.208333 -0.108987
0.212291 -0.059857 -0.143171
0.064922 -0.267253 -0.083144
0.230992 -0.248126 -0.103051
0.219865 -0.138434 -0.227791
0.219923 -0.258071 -0.147654
0.225471 -0.206318 -0.119223
0.206695 -0.262506 -0.178597
0.198281 -0.238255 -0.148899
0.187319 -0.255301 -0.147106
0.166902 -0.164778 -0.114697
0.318152 -0.180582 -0.229891
0.110473 -0.187462 -0.160327
0.247716 -0.267751 -0.141507
0.146256 -0.124634 -0.169821
0.227398 -0.199677 -0.136034
0.221436 -0.194873 -0.165196
0.098478 -0.212068 -0.056735
0.218276 -0.132634 -0.049378
0.224482 -0.176764 -0.277531
0.202586 -0.208655 -0.205354
0.290199 -0.206762 -0.145423
0.221073 -0.154463 -0.305405
0.187068 -0.242155 -0.130646
0.181954 -0.123804 -0.255495
0.228180 -0.114468 -0.158926
0.080828 -0.212993 -0.130920
0.190556 -0.153712 -0.190325
0.067677 -0.068027 -0.027898
0.146393 -0.245257 -0.135182
0.140425 -0.119183 -0.135902
0.163899 -0.325512 -0.172741
0.226655 -0.174003 -0.355471
0.175182 -0.186241 -0.121273
0.158075 -0.165646 -0.157758
0.148803 -0.209229 -0.165719
0.196751 -0.160700 -0.236287
0.193151 -0.154600 -0.286320
0.136622 -0.114590 0.010782
0.285792 -0.099321 -0.188866
0.110495 -0.219821 -0.140174
0.145840 -0.255910 -0.064104
0.212479 -0.189715 -0.018559
0.217540 -0.190237 -0.343900
0.178926 -0.189534 -0.098680
0.248545 -0.166839 -0.069502
0.195351 -0.219854 -0.199381
0.097054 -0.164013 -0.076387
0.129263 -0.148899 -0.249559
0.263519 -0.373605 -0.233789
0.011072 -0.184907 -0.273235
0.126611 -0.191267 -0.224892
0.117854 -0.177728 -0.161574
0.294388 -0.113115 -0.086250
0.194880 -0.271178 -0.176696
0.146805 -0.238909 -0.144729
0.174985 -0.291495 -0.205645
0.201449 -0.232797 -0.252110
0.233584 -0.212481 -0.283820
0.129478 -0.196132 -0.102927
0.193734 -0.139288 -0.115551
0.192245 -0.172212 -0.122342
0.091118 -0.141938 -0.174708
0.230298 -0.352086 -0.197326
0.193231 -0.229463 -0.206505
0.262628 -0.188732 -0.329309
0.178921 -0.207747 -0.083564
0.110291 -0.261264 -0.147589
0.163183 -0.303301 -0.170013
0.227968 -0.154131 -0.206051
0.253635 -0.197857 -0.134415
0.255555 -0.070919 -0.100257
0.177986 -0.152530 -0.210157
0.227946 -0.152158 -0.225994
0.195684 -0.125793 -0.143298
0.102254 -0.093661 -0.107629
0.161700 -0.153204 -0.135279
0.115872 -0.166491 -0.275190
0.133961 -0.122035 -0.119958
0.066999 -0.180727 -0.096862
0.091057 -0.208154 -0.128867
0.203074 -0.094476 -0.200621
0.207918 -0.028816 -0.106266
0.201315 -0.174559 -0.052487
0.218716 -0.211394 -0.209039
0.160132 -0.069529 -0.106314
0.096586 -0.114683 -0.173521
0.304742 -0.136921 -0.164194
0.184351 -0.076289 -0.103193
0.185636 -0.220667 -0.202963
0.048730 -0.331180 -0.109499
0.131001 -0.111034 -0.064449
0.173258 -0.237386 -0.205354
0.035268 0.395546 0.021790
-0.032098 0.397269 -0.037403
0.080582 0.361434 0.026518
-0.103016 0.463504 0.066897
-0.035134 0.405804 0.021812
-0.028774 0.427922 0.086577
0.019333 0.371284 -0.002097
0.114668 0.425092 -0.087583
0.039541 0.390513 0.063568
0.026011 0.356817 0.026597
0.005362 0.382490 -0.016122
-0.118573 0.422276 -0.071673
0.065214 0.341125 0.002770
-0.058810 0.406274 0.085769
-0.000885 0.378730 -0.018196
0.082294 0.387048 0.037569
-0.084164 0.478512 -0.086506
-0.050999 0.384476 0.008863
-0.044232 0.406477 0.028891
0.141322 0.351341 0.055929
0.112011 0.339567 -0.052417
0.037418 0.418429 0.022396
0.001109 0.473335 -0.057291
0.008362 0.337086 -0.031952
-0.020999 0.329669 -0.065291
-0.068505 0.431698 0.011791
0.015864 0.391581 -0.020990
0.031451 0.384276 0.032861
0.000570 0.386768 -0.043365
0.017712 0.445141 -0.082590
0.049309 0.412846 0.026994
-0.017601 0.396059 0.097562
0.030130 0.365809 -0.059332
-0.074665 0.349339 -0.037234
0.014674 0.425665 -0.023590
0.080025 0.319868 0.051169
0.072768 0.399482 0.034079
-0.140087 0.340174 0.004830
0.057766 0.372924 0.110000
0.086744 0.365473 0.052674
0.072595 0.412260 0.002507
0.028404 0.376661 0.012642
0.043932 0.433787 0.100696
-0.008303 0.371463 0.015257
-0.065714 0.411088 -0.083823
0.071283 0.328574 0.037042
0.070879 0.382071 -0.047863
-0.001016 0.427701 -0.032941
0.056696 0.444590 -0.017960
0.014156 0.400572 -0.045546
0.017900 0.389880 0.008002
0.039776 0.440406 -0.018013
-0.048070 0.451807 0.013329
0.099348 0.365579 -0.052430
-0.138565 0.447066 -0.025945
0.065856 0.416679 0.003133
-0.056834 0.432289 -0.088566
0.008662 0.380971 0.078243
-0.050990 0.437992 -0.089625
-0.027114 0.433261 -0.088624
-0.080852 0.393533 -0.006725
0.015235 0.321665 -0.062282
-0.018308 0.363930 0.010059
0.009511 0.340028 0.012022
-0.042457 0.350361 -0.026108
0.147949 0.310382 -0.011062
0.084578 0.356252 -0.049492
0.053294 0.412001 -0.049297
-0.039289 0.405467 0.017738
-0.018845 0.457540 0.030115
0.092481 0.349870 0.046577
0.056295 0.413867 0.082033
0.060395 0.382821 -0.005598
0.075324 0.380746 -0.026699
0.032508 0.448168 -0.023882
0.068330 0.453271 -0.001370
-0.034340 0.460507 0.119187
0.169911 0.392883 0.018279
-0.039190 0.432709 0.010122
0.010020 0.279784 0.002617
-0.053635 0.442924 0.005800
-0.021276 0.398499 -0.069376
-0.019099 0.376107 0.003065
0.062832 0.399483 -0.038362
0.059378 0.391536 0.050277
-0.000295 0.374783 0.077553
-0.113929 0.426034 0.072267
0.012206 0.425618 -0.130262
0.029129 0.463636 -0.129162
0.006061 0.408526 -0.067000
0.010056 0.372226 -0.052510
-0.032690 0.389090 0.022830
0.006830 0.432311 -0.082912
0.051655 0.366291 0.015629
0.050342 0.434080 0.019974
0.184289 0.355811 0.057295
-0.027979 0.350389 -0.042632
-0.111613 0.397532 0.064341
0.073999 0.384228 0.002523
-0.023310 0.393789 -0.031518
-0.002344 0.387770 -0.106712
0.043915 0.355087 -0.019851
-0.107680 0.530568 0.058120
-0.005066 0.392604 -0.005650
0.064941 0.343811 0.058682
0.000254 0.386617 0.016486
-0.025364 0.441092 -0.089332
0.011814 0.467254 -0.042402
0.022627 0.426834 -0.040362
-0.024966 0.425535 -0.029715
0.024168 0.302458 0.031608
-0.015360 0.369704 0.074919
-0.028901 0.384367 -0.014758
-0.041634 0.448604 -0.008261
0.029073 0.370348 0.051346
-0.002352 0.267749 -0.056460
-0.016125 0.423882 -0.025726
0.002047 0.345628 0.011083
0.020958 0.388818 0.003113
0.034535 0.318817 -0.109529
0.031647 0.448276 0.019411
0.016959 0.404289 0.008365
0.085148 0.370265 -0.059568
-0.096273 0.379460 0.043588
0.039302 0.415994 0.018283
0.054257 0.394732 -0.035580
0.013458 0.513823 0.051066
-0.060429 0.399259 0.017982
-0.016044 0.435315 0.041030
0.032510 0.465507 -0.016933
-0.135937 0.427358 0.017504
0.044677 0.381461 0.011944
-0.006776 0.382798 0.007249
0.036835 0.487672 0.045196
0.035179 0.365366 -0.102997
-0.208109 0.451428 -0.083538
0.099638 0.350333 0.071519
-0.048604 0.381120 -0.023501
0.032437 0.389178 0.036606
0.003945 0.343614 -0.118681
0.063774 0.374602 0.024162
0.087421 0.420039 -0.027583
0.015385 0.411437 0.020375
-0.135109 0.432497 0.039545
0.001596 0.342025 -0.005455
-0.039186 0.420527 0.000027
-0.047106 0.365271 -0.065945
0.071426 0.417008 0.030133
-0.054320 0.377214 0.044580
-0.034794 0.470069 0.021451
0.055676 0.384728 0.018636
0.048524 0.410257 0.021280
-0.002909 0.390334 0.044649
0.007397 0.385608 0.070890
0.092739 0.348218 0.112542
0.019205 0.368220 0.099838
0.091806 0.422599 -0.021567
0.066139 0.410859 0.094006
-0.039871 0.397739 -0.023431
0.101907 0.360211 0.049626
0.041529 0.326148 0.000648
0.087720 0.371342 -0.033605
0.049448 0.393642 -0.059624
0.119627 0.378338 -0.039383
-0.034463 0.301011 -0.026240
-0.167664 0.528815 0.049227
-0.024641 0.371392 0.074276
-0.055213 0.467225 -0.032151
0.126954 0.407641 0.052099
-0.031404 0.378475 0.033888
0.002191 0.391295 0.077115
-0.011953 0.411629 -0.067549
0.112408 0.443253 0.052842
-0.032732 0.410692 -0.091246
0.049940 0.462680 -0.065212
0.056336 0.341459 -0.042818
0.023135 0.363808 0.022340
0.035770 0.313130 -0.006267
0.023457 0.429456 0.008670
0.071064 0.350088 0.022968
-0.039812 0.422121 0.056296
-0.015709 0.328541 0.010363
0.044749 0.367841 -0.029061
-0.059035 0.374508 -0.002659
0.028386 0.351181 0.044749
0.086334 0.439082 0.084605
0.009841 0.470068 0.001470
0.031191 0.393394 -0.015298
0.042593 0.383982 0.006022
-0.028201 0.431124 -0.001837
0.045082 0.372208 0.063252
0.025960 0.436750 -0.026018
0.105547 0.361114 0.046788
-0.013340 0.455417 0.009346
-0.037988 0.354986 -0.021637
0.044052 0.390013 0.050567
0.036640 0.330184 0.060470
0.024919 0.415406 -0.022379
0.015755 0.358112 -0.014492
0.005421 0.451889 0.057507
-0.032361 0.398025 0.019892
-0.089940 0.405664 -0.046248
0.003547 0.397557 -0.027380
-0.039973 0.482484 0.028374
-0.018935 0.381174 0.021886
0.010465 0.466269 -0.084113
0.056335 0.411070 0.038978
-0.021954 0.332845 -0.009348
-0.052230 0.378752 0.069828
0.035698 0.456426 0.037772
0.000853 0.379125 0.064375
-0.039939 0.337474 -0.081184
-0.039306 0.388005 -0.006791
0.040391 0.348236 -0.009802
0.124753 0.402949 0.027234
0.097899 0.412662 0.096742
-0.019458 0.466024 -0.043605
0.016865 0.337186 0.019617
-0.033828 0.386542 -0.008268
0.044494 0.392898 -0.041195
-0.087933 0.525076 -0.110389
0.072294 0.321520 -0.013325
0.044868 0.393552 -0.066699
-0.090016 0.436625 -0.001694
-0.009456 0.396572 0.007821
-0.097053 -0.232481 0.207188
-0.120322 -0.322961 0.227921
-0.139685 -0.113732 0.147528
-0.090514 -0.289014 0.070711
-0.177637 -0.341304 0.154173
-0.185743 -0.196832 0.186334
-0.086315 -0.205288 0.122082
-0.102517 -0.136140 0.120704
-0.144010 -0.267149 0.086621
-0.149298 -0.222405 0.222435
-0.186417 -0.338062 0.115178
-0.276781 -0.204153 0.172386
-0.134637 -0.367045 0.246297
-0.145072 -0.064586 0.047280
-0.075829 -0.223864 0.263748
-0.186436 -0.148395 0.228018
-0.096738 -0.308622 0.121941
-0.185458 -0.189126 0.187278
-0.134697 -0.256989 0.166832
-0.152836 -0.022993 0.090246
-0.254811 -0.309534 0.152972
-0.086712 -0.271123 0.113916
-0.077152 -0.261673 0.190430
-0.119009 -0.263758 0.155952
-0.200029 -0.459799 0.109628
-0.093051 -0.356477 0.217055
-0.140493 -0.083685 0.186309
-0.165613 -0.206648 -0.002796
-0.130674 -0.191273 0.181496
-0.214456 -0.145862 0.223713
-0.207635 -0.292804 0.240928
-0.151214 -0.209543 0.100253
-0.300165 -0.214502 0.163702
-0.118536 -0.281895 0.170291
-0.162530 -0.341119 0.184099
-0.015352 -0.218614 0.148219
-0.151843 -0.201689 0.156182
-0.271255 -0.119936 0.176434
-0.111021 -0.412422 0.087191
-0.047150 -0.364077 0.114817
-0.241619 -0.143311 0.151727
-0.255608 -0.333724 0.235404
-0.185699 -0.190849 0.154127
-0.151486 -0.272034 0.095196
-0.097572 -0.179489 0.204782
-0.130163 -0.430745 0.171888
-0.179702 -0.284177 0.078596
-0.063148 -0.277225 0.178106
-0.075888 -0.146359 0.270246
-0.177779 -0.257998 0.190696
-0.027315 -0.305062 0.149272
-0.162297 -0.178681 0.074219
-0.149687 -0.200226 0.120928
-0.161433 -0.314937 0.159238
-0.141578 -0.303340 0.183746
-0.220272 -0.277044 0.227624
-0.041857 -0.149837 0.185483
-0.277244 -0.226470 0.177123
-0.067057 -0.112524 0.209764
-0.157170 -0.169881 0.189396
-0.196266 -0.290800 0.114097
-0.064184 -0.235575 0.098525
-0.170019 -0.206016 0.122962
-0.091300 -0.245069 0.145547
-0.035142 -0.272132 0.210063
-0.081468 -0.121950 0.197462
-0.079120 -0.257389 0.158954
-0.110738 -0.336333 0.090762
-0.161182 -0.277576 0.224627
-0.183212 -0.359311 0.188332
-0.175794 -0.370646 0.081511
-0.128768 -0.151763 0.134864
-0.207710 -0.120195 0.268330
-0.157305 -0.213654 0.185613
-0.222247 -0.441545 0.224063
-0.117020 -0.188537 0.209811
-0.059163 -0.285534 0.196136
-0.076277 -0.254419 0.211275
-0.031120 -0.248706 0.156098
-0.083479 -0.205451 0.153467
-0.273646 -0.275798 0.115231
-0.286476 -0.142774 0.141178
-0.136573 -0.323782 0.116770
-0.138485 -0.054468 0.201090
-0.212136 -0.234269 0.154808
-0.130894 -0.334450 0.187617
-0.140692 -0.209092 0.192655
-0.036463 -0.134812 0.197919
-0.066882 -0.250941 0.127039
-0.067868 -0.189978 0.226180
-0.130580 -0.141061 0.115471
-0.180567 -0.087639 0.135768
-0.092071 -0.333187 0.192232
-0.144673 -0.261711 0.246830
0.009181 -0.141941 0.138999
-0.196398 -0.283441 0.160432
-0.200311 -0.235078 0.213122
-0.098145 -0.208980 0.195917
-0.247958 -0.268511 0.141441
-0.181960 -0.161779 0.213911
-0.097306 -0.123267 0.105483
-0.241265 -0.107440 0.191799
-0.111969 -0.092937 0.151017
-0.119848 -0.133713 0.221486
-0.105305 -0.270905 0.152472
-0.166518 -0.222776 0.205443
-0.203548 -0.268099 0.220580
-0.132570 -0.189692 0.152130
-0.149522 -0.205184 0.089364
-0.142699 -0.257418 0.151644
-0.208809 -0.321013 0.081255
-0.104987 -0.079470 0.102213
-0.149172 -0.176072 0.005791
-0.223178 -0.257310 0.127334
-0.275587 -0.205934 0.206117
-0.141760 -0.083115 0.246336
-0.206983 -0.252389 0.123274
-0.173581 -0.308247 0.196959
-0.067093 -0.169361 0.224742
-0.085121 -0.200553 0.109903
-0.136519 -0.198662 0.244443
-0.121612 -0.184708 0.177891
-0.125757 -0.380498 0.222355
-0.255244 -0.303073 0.198340
-0.026755 -0.223897 0.173067
-0.057676 -0.224785 0.213898
0.005605 -0.336301 0.199016
0.000345 -0.336029 0.141480
-0.144817 -0.236446 0.231943
-0.095209 -0.199438 0.118955
-0.139135 -0.427710 0.249364
-0.126872 -0.344045 0.126835
-0.178129 -0.298772 0.176695
-0.205470 -0.202989 0.172878
-0.191208 -0.231790 0.225526
-0.179344 -0.272798 0.169138
-0.111033 -0.238747 0.127248
-0.088533 -0.115207 0.062531
-0.219115 -0.203854 0.110577
-0.129679 -0.154985 0.261209
-0.143602 -0.278093 0.177421
-0.195477 -0.184382 0.153393
-0.137357 -0.051537 0.106306
-0.197901 -0.285228 0.167173
-0.276647 -0.230267 0.251672
-0.136007 -0.309976 0.109966
-0.138281 -0.270527 0.275712
-0.135668 -0.181337 0.184381
-0.106654 -0.098130 0.093755
-0.042085 -0.243903 0.184121
-0.168499 -0.230293 0.140962
-0.065515 -0.093624 0.178874
-0.144500 -0.287079 0.230044
-0.156147 -0.204004 0.204708
-0.174046 -0.270704 0.167087
-0.173281 -0.284647 0.182117
-0.023182 -0.099242 0.156654
-0.101580 -0.124510 0.163704
-0.168351 -0.240542 0.168946
-0.204704 -0.170395 0.135434
-0.168929 -0.394754 0.245689
-0.099360 -0.360545 0.100098
-0.209684 -0.164799 0.168594
-0.081675 -0.060647 0.231886
-0.191019 -0.202706 0.187659
-0.051859 -0.192149 0.161384
-0.082557 -0.146467 0.176672
-0.178198 -0.253403 0.150507
-0.091015 -0.349949 0.132094
-0.060635 -0.197583 0.155534
-0.208108 -0.337206 0.274102
-0.150912 -0.239530 0.146274
-0.145513 -0.093333 0.112573
-0.237683 -0.262801 0.173699
-0.156824 -0.226969 0.079475
-0.145105 -0.151983 0.095356
-0.105740 -0.117660 0.150041
-0.235771 -0.175235 0.084820
-0.166753 -0.098543 0.083588
-0.135113 -0.265704 0.125309
-0.132301 -0.333476 0.155237
-0.042998 -0.160063 0.114821
-0.088921 -0.250185 0.140382
-0.093886 -0.157229 0.117369
-0.184305 -0.191772 0.188202
-0.225136 -0.228892 0.187106
-0.141387 -0.357396 0.118188
-0.117653 -0.175541 0.145457
-0.128026 -0.326170 0.163615
-0.230312 -0.148757 0.151670
-0.240457 -0.102037 0.198403
-0.042604 -0.211931 0.255199
-0.210933 -0.242941 0.144282
-0.091683 -0.183475 0.196493
-0.304180 -0.378486 0.214002
-0.164960 -0.255789 0.124035
-0.156006 0.017035 0.178632
-0.180275 -0.247539 0.078750
-0.211618 -0.353159 0.172385
-0.068730 -0.251641 0.228095
-0.173697 -0.265203 0.131208
-0.040762 -0.143308 0.127527
-0.162390 -0.148673 0.152723
0.002981 -0.262216 0.118781
-0.171208 -0.238898 0.171876
-0.173962 -0.284373 0.159366
-0.210428 -0.142536 0.141228
-0.201083 -0.134373 0.186302
-0.166588 -0.351212 0.056530
-0.182139 -0.086622 0.095436
-0.128618 -0.084996 0.109556
-0.066441 -0.268054 0.139929
-0.181776 0.040771 0.249952
-0.102617 -0.285586 0.220466
-0.108932 -0.182654 0.129042
-0.181375 -0.239517 0.187816
-0.241591 -0.352737 0.039572
-0.239112 -0.245582 0.262819
-0.182432 -0.278208 0.154687
-0.116288 -0.190832 0.091281
-0.037572 -0.145062 0.143289
-0.154975 -0.411537 0.178796
-0.140848 -0.185881 0.125549
-0.028519 -0.302484 0.158281
-0.115617 -0.182616 0.179636
-0.188555 -0.241255 0.166144
-0.072625 -0.224345 0.146629
-0.212156 -0.191092 0.144367
-0.172753 -0.174327 0.163416
-0.007827 -0.353073 0.179452
-0.198768 -0.203719 0.140111
-0.134189 -0.262283 0.177802
-0.153246 -0.210263 0.207072
-0.187672 -0.318941 0.135970
-0.159546 -0.463323 0.143989
-0.187335 -0.201260 0.180842
-0.181741 -0.281770 0.180070
-0.125493 -0.113460 0.178420
-0.205931 -0.269110 0.163121
-0.248828 -0.195109 0.244623
-0.032473 -0.220361 0.133378
-0.180037 -0.249724 0.208603
-0.123389 -0.224965 0.205782
-0.152964 -0.169185 0.174299
-0.209382 -0.188710 0.204056
-0.139085 -0.078530 0.210740
-0.138787 -0.279101 0.205934
-0.139330 -0.189855 0.242490
-0.210550 -0.163449 0.198280
-0.080029 -0.226362 0.137889
-0.048524 -0.312605 0.165573
-0.167578 -0.142389 0.189805
-0.228564 -0.191134 0.194664
-0.213060 -0.085347 0.169124
-0.214762 -0.369787 0.198063
-0.094073 -0.316874 0.147501
-0.167378 -0.211067 0.184127
-0.157417 -0.242579 0.207286
-0.124652 -0.128069 0.192546
-0.283144 -0.262420 0.098687
-0.232687 -0.248689 0.154237
-0.130879 -0.211080 0.247179
-0.105681 -0.257865 0.149696
-0.183404 -0.381559 0.087642
-0.216019 -0.312230 0.134875
-0.186615 -0.200191 0.124990
-0.194564 -0.348105 0.194112
-0.124293 -0.209168 0.186320
-0.196059 -0.229797 0.199028
0.001834 -0.262555 0.187748
-0.246431 -0.294735 0.185459
-0.165266 -0.372053 0.130443
-0.072291 -0.449365 0.158967
-0.165703 -0.258140 0.207353
-0.131327 -0.255929 0.202547
-0.190808 -0.346778 -0.204149
-0.168577 -0.351188 -0.160508
-0.127991 -0.333502 -0.209316
-0.184626 -0.393416 -0.159270
-0.161418 -0.362357 -0.193191
-0.178025 -0.338485 -0.112923
-0.186641 -0.288255 -0.112546
-0.224112 -0.241801 -0.189662
-0.153061 -0.285878 -0.193703
-0.100066 -0.341866 -0.156575
-0.044795 -0.261370 -0.070566
-0.188487 -0.329452 -0.204709
-0.071332 -0.213994 -0.075777
-0.182586 -0.281611 -0.134589
-0.140176 -0.179161 -0.152640
-0.123676 -0.351532 -0.043454
-0.108770 -0.305340 -0.109215
-0.158977 -0.251198 -0.104380
-0.170876 -0.264121 -0.107477
-0.135663 -0.283016 -0.194012
-0.100394 -0.359764 -0.159124
-0.025103 -0.270304 -0.062707
-0.204940 -0.248528 -0.137306
-0.157307 -0.337644 -0.194985
-0.128108 -0.374035 -0.198336
-0.165627 -0.355654 -0.115948
-0.126880 -0.297631 -0.150591
-0.109518 -0.285598 -0.203579
-0.197228 -0.301504 -0.135650
-0.156769 -0.304522 -0.165748
-0.115577 -0.307372 -0.218767
-0.092394 -0.309541 -0.161956
-0.197372 -0.335514 -0.237217
-0.178240 -0.333578 -0.137342
-0.116525 -0.202825 -0.182443
-0.191746 -0.270319 -0.192981
-0.192234 -0.289471 -0.155321
-0.203424 -0.247506 -0.116348
-0.140830 -0.311263 -0.104519
-0.151057 -0.269541 -0.173713
-0.114940 -0.356652 -0.126676
-0.161723 -0.227408 -0.122658
-0.145480 -0.303733 -0.162203
-0.185526 -0.225882 -0.230966
-0.168402 -0.361723 -0.075868
-0.115180 -0.360896 -0.171656
-0.183950 -0.221197 -0.207005
-0.098148 -0.385373 -0.195451
-0.143873 -0.299901 -0.132460
-0.162332 -0.396634 -0.188025
-0.173998 -0.341864 -0.233872
-0.098504 -0.231910 -0.170564
-0.171496 -0.283115 -0.237297
-0.105535 -0.376884 -0.176002
-0.172557 -0.243693 -0.211254
-0.194454 -0.305747 -0.151771
-0.138742 -0.318676 -0.173253
-0.189975 -0.358630 -0.187238
-0.201031 -0.241509 -0.195689
-0.187615 -0.435508 -0.139658
-0.133632 -0.316512 -0.156324
-0.052001 -0.371771 -0.145134
-0.179003 -0.530104 -0.089236
-0.082755 -0.283752 -0.105898
-0.201621 -0.399921 -0.130233
-0.134467 -0.273074 -0.189225
-0.108520 0.002241 -0.133427
-0.177864 -0.299037 -0.074233
-0.272823 -0.249010 -0.154444
-0.174824 -0.365119 -0.115805
-0.276113 -0.256704 -0.202436
-0.195689 -0.248016 -0.187333
-0.135123 -0.386442 -0.225844
-0.092929 -0.271159 -0.180575
-0.241731 -0.233083 -0.269328
-0.105844 -0.370704 -0.122292
-0.154173 -0.249889 -0.104177
-0.092695 -0.325745 -0.153662
-0.125808 -0.413892 -0.123393
-0.234537 -0.283271 -0.239352
-0.175094 -0.329727 -0.123126
-0.205028 -0.316814 -0.175057
-0.152903 -0.287156 -0.089163
-0.164386 -0.222440 -0.154339
-0.234262 -0.247853 -0.167479
-0.189282 -0.416865 -0.112396
-0.185737 -0.202471 -0.164893
-0.190170 -0.254244 -0.121987
-0.096319 -0.245968 -0.138463
-0.131015 -0.240522 -0.193688
-0.135596 -0.315468 -0.212481
-0.223714 -0.321184 -0.188104
-0.295459 -0.318192 -0.130870
-0.287354 -0.312544 -0.211564
-0.185938 -0.273056 -0.254830
-0.138415 -0.199105 -0.155631
-0.193185 -0.426387 -0.135560
-0.245139 -0.227971 -0.117906
-0.242923 -0.349891 -0.101196
-0.186151 -0.375015 -0.219124
-0.137828 -0.254381 -0.181914
-0.195962 -0.181555 -0.174597
-0.159969 -0.340097 -0.162633
-0.079850 -0.231132 -0.167767
-0.117063 -0.226931 -0.158716
-0.208604 -0.259914 -0.209765
-0.130439 -0.231913 -0.224488
-0.138780 -0.363261 -0.153052
-0.183895 -0.308771 -0.161086
-0.120064 -0.151330 -0.134109
-0.096685 -0.221875 -0.164391
-0.235563 -0.161576 -0.176625
-0.180095 -0.320481 -0.194648
-0.167696 -0.291575 -0.170726
-0.106296 -0.410507 -0.139775
-0.194260 -0.348196 -0.218707
-0.092127 -0.285266 -0.077911
-0.096079 -0.363057 -0.153074
-0.130654 -0.309920 -0.121992
-0.161751 -0.341715 -0.170658
-0.135506 -0.408673 -0.136215
-0.123695 -0.449299 -0.123871
-0.167965 -0.357417 -0.133730
-0.126377 -0.239607 -0.163155
-0.156878 -0.252254 -0.205422
-0.097299 -0.314919 -0.079800
-0.220614 -0.362124 -0.153054
-0.054451 -0.261908 -0.046442
-0.120367 -0.264282 -0.175496
-0.227981 -0.339353 -0.149947
-0.170282 -0.275017 -0.081734
-0.122396 -0.357486 -0.173977
-0.190352 -0.220952 -0.120014
-0.213246 -0.315076 -0.159195
-0.196588 -0.224982 -0.198427
-0.149808 -0.270376 -0.110221
-0.072819 -0.410658 -0.100196
-0.165447 -0.384864 -0.128991
-0.148096 -0.481437 -0.077663
-0.231103 -0.392237 -0.091598
-0.160504 -0.323469 -0.158184
-0.217671 -0.289427 -0.108290
-0.093618 -0.303327 -0.209545
-0.255577 -0.251763 -0.173798
-0.036840 -0.226407 -0.183102
-0.214059 -0.234662 -0.136933
-0.157219 -0.335123 -0.111392
-0.088993 -0.399330 -0.215885
-0.145432 -0.389380 -0.124211
-0.129889 -0.296567 -0.133374
-0.094091 -0.246144 -0.227440
-0.154603 -0.359292 -0.191654
-0.151612 -0.288584 -0.198066
-0.183063 -0.329699 -0.265273
-0.196431 -0.286794 -0.139358
-0.057252 -0.365737 -0.146512
-0.168769 -0.313291 -0.119835
-0.091830 -0.257205 -0.077075
-0.180664 -0.345408 -0.191146
-0.160864 -0.344584 -0.018287
-0.165522 -0.325572 -0.155900
-0.167474 -0.184237 -0.204558
-0.101192 -0.291813 -0.159501
-0.149797 -0.290813 -0.171239
-0.144964 -0.369239 -0.096380
-0.197542 -0.247474 -0.221179
-0.106697 -0.362910 -0.134818
-0.100804 -0.324652 -0.175352
-0.128354 -0.326012 -0.079154
-0.100322 -0.181766 -0.124264
-0.137515 -0.275398 -0.095734
-0.143637 -0.428459 -0.127214
-0.143718 -0.409231 -0.159975
-0.073612 -0.410957 -0.119674
-0.191775 -0.177214 -0.252480
-0.184123 -0.255334 -0.194679
-0.146396 -0.155094 -0.212464
-0.116819 -0.278211 -0.138635
-0.185104 -0.185691 -0.119316
-0.125310 -0.319548 -0.135040
-0.095103 -0.182625 -0.179744
-0.010716 -0.011005 0.087572
0.045897 -0.020525 0.020833
0.081430 -0.064886 0.012139
-0.070384 -0.029618 0.006949
0.078875 -0.043055 -0.020756
0.052538 0.006720 0.021334
0.064267 0.025433 -0.025464
0.035427 -0.064246 0.026851
-0.012127 -0.018015 -0.009231
0.102553 -0.024257 0.035617
-0.009184 -0.026614 -0.019770
-0.005364 0.000847 0.027530
0.081060 0.003491 0.034685
0.076397 -0.043035 -0.021274
0.010214 -0.104243 0.001164
-0.003254 -0.017271 0.027110
0.063327 -0.028093 0.020289
0.128255 0.025502 0.021495
-0.032103 -0.073927 -0.008293
0.138914 0.046013 -0.022465
0.048222 -0.001445 0.020060
0.009949 -0.090781 0.003944
0.120751 -0.124553 -0.006062
0.042467 -0.052353 0.017310
0.098603 -0.058065 0.024772
-0.012038 0.008707 -0.040881
-0.026562 -0.087219 0.067438
0.014034 -0.091063 0.055963
-0.014535 -0.074640 -0.027342
0.025177 -0.036097 0.005398
-0.091394 -0.018976 0.029601
-0.054597 -0.040150 -0.008805
0.067282 -0.047587 0.051491
0.086006 -0.013891 0.009130
0.101945 -0.072418 0.080672
0.016379 -0.070602 -0.006783
0.062857 0.000547 0.078204
-0.032227 -0.015691 0.033238
0.113926 -0.047441 0.008594
0.007068 -0.038878 -0.003182
0.041477 -0.040514 0.078487
-0.148178 -0.070102 -0.076735
0.085294 -0.047216 0.029394
0.095372 -0.020294 0.030868
0.082117 0.042202 -0.011595
0.017362 -0.042966 -0.044042
0.042046 -0.108334 0.086155
0.018795 -0.034878 -0.070656
-0.025491 -0.001035 -0.013577
0.142646 -0.067185 0.026426
-0.007571 0.006163 0.007133
0.076331 0.047622 0.013663
0.132978 -0.043314 0.055513
0.040311 0.045955 -0.037718
-0.029521 0.069085 0.076921
-0.022937 0.014934 0.025997
-0.002524 -0.011126 0.034867
-0.054144 -0.074314 0.036078
-0.069437 -0.068482 0.015047
0.007561 -0.073077 0.013963
0.024896 -0.075141 -0.032957
0.012430 -0.032321 0.028308
0.107566 -0.034163 -0.031094
0.066621 0.004563 0.030207
0.016901 -0.058785 0.017231
0.067509 0.022580 -0.037877
0.064081 -0.029884 0.021342
0.073440 -0.070155 0.013378
-0.032683 0.006960 -0.039288
0.054592 0.023172 -0.005834
-0.001401 -0.061997 0.015267
-0.016437 -0.008705 -0.081422
0.035135 0.052430 0.015675
0.012879 -0.062631 -0.010003
0.033102 -0.021920 0.052230
0.044048 -0.060274 0.000930
0.141142 -0.033037 0.024103
0.000878 -0.034223 -0.003658
0.016208 -0.091377 0.015064
0.012781 -0.064707 -0.055781
0.068537 -0.030074 0.025364
0.007335 -0.122452 -0.006956
0.011465 -0.018647 -0.051986
-0.014150 -0.007298 -0.027586
-0.037839 -0.115138 -0.011564
-0.054400 -0.017738 -0.053537
0.012599 -0.089309 0.042567
0.025850 -0.023683 0.015051
0.117171 0.004670 -0.052287
0.016232 0.030851 0.004141
0.088187 -0.098558 0.090929
0.012071 -0.012842 -0.007470
-0.044664 -0.021627 -0.009078
-0.008831 -0.079237 -0.033229
0.081652 0.002969 -0.046571
0.107118 0.032317 0.038493
0.064111 0.006592 0.029362
-0.021695 -0.052542 -0.065646
0.004913 -0.041920 0.032618
0.077327 -0.015941 -0.030253
-0.052082 -0.012095 0.011093
-0.024712 -0.033163 0.042576
0.065667 -0.027407 0.018030
0.014143 -0.069881 -0.011804
0.070188 -0.093772 -0.007110
-0.002100 0.045604 0.005382
0.078589 -0.070319 0.000893
0.033262 -0.020632 0.022217
0.012183 0.015413 0.070773
0.047577 -0.003432 -0.019416
0.005756 0.068773 -0.000560
0.096847 -0.017071 0.068471
-0.009588 -0.080975 0.000702
0.127570 -0.055939 -0.026480
0.062388 -0.033223 0.021367
0.027247 -0.027686 -0.009973
-0.115162 -0.118649 -0.011715
0.005864 -0.008914 -0.008126
-0.033058 -0.023760 0.012054
0.026085 0.075349 -0.059575
0.086579 -0.034161 -0.006320
-0.023145 -0.086353 -0.045522
0.059326 0.005576 -0.004627
-0.014154 0.002213 0.002564
0.123649 -0.011494 -0.001765
0.031900 -0.034455 -0.061318
0.025086 -0.021106 0.028871
0.109893 -0.047976 -0.023755
0.044039 -0.109457 -0.029071
-0.007627 -0.027332 0.002966
0.074025 -0.054279 0.058858
0.004930 -0.036343 -0.031653
-0.001615 -0.043398 0.017522
0.042563 -0.039541 -0.032406
0.103535 0.011413 0.013048
0.041347 0.003274 0.080544
0.073469 -0.045358 0.024709
0.095589 0.004344 0.013921
0.007028 -0.030084 0.007428
0.020317 -0.027527 0.019194
0.028997 -0.063424 0.059343
0.118046 -0.046706 0.030500
0.113223 -0.025739 0.019250
0.033013 -0.037389 -0.002379
0.105407 -0.000439 0.063134
0.090051 -0.071165 0.092941
0.092569 0.022689 0.058210
0.040949 -0.104755 -0.044936
0.004767 0.049611 -0.022448
0.066646 0.035591 -0.016584
0.085175 -0.017080 0.052774
0.041298 -0.015708 0.077484
0.061085 -0.063398 -0.057865
0.003571 -0.033970 0.004590
0.041364 0.002297 -0.038730
-0.044657 -0.012803 0.011014
0.044312 -0.110527 -0.033273
0.035944 0.018554 -0.058899
-0.005627 0.060635 -0.055569
0.048380 -0.085984 0.071153
-0.042122 0.012379 -0.015330
0.020728 -0.042098 -0.066573
-0.034077 -0.023624 0.012119
0.013395 -0.080733 0.065789
0.113994 -0.019595 0.041316
0.063531 0.003921 -0.019810
0.046272 -0.066603 -0.056425
-0.026982 -0.055579 0.025646
0.098625 -0.050088 0.037434
0.134500 -0.017653 0.018152
0.102860 -0.062806 0.018114
-0.022332 0.032300 -0.026638
0.103882 -0.113905 0.099301
0.076550 0.034989 0.017631
-0.004430 -0.007621 0.014224
-0.084843 0.037979 0.051290
-0.034278 -0.039970 0.016710
-0.021851 -0.074242 0.045931
0.000810 0.006256 -0.002787
-0.041012 -0.001431 0.054446
0.087355 -0.025275 -0.072624
-0.090674 -0.100340 -0.011810
0.085286 -0.009921 0.035034
0.058505 -0.069456 0.022467
0.068127 -0.020366 0.015423
0.013607 -0.072696 0.011294
0.026158 -0.069394 0.000917
-0.039891 -0.019144 -0.031872
0.089084 0.027064 0.073949
0.127658 -0.048143 0.022072
-0.022861 -0.119354 -0.006620
0.050091 -0.067661 -0.067658
-0.022315 -0.023949 0.007852
0.074265 -0.018942 0.075881
-0.016259 -0.048385 0.015662
0.068656 0.014695 0.032454
0.002028 -0.092015 0.042312
0.117737 -0.049504 -0.022199
0.096298 -0.054754 0.046743
0.083370 -0.015595 0.012699
0.000091 -0.062702 -0.039253
0.029126 -0.072524 0.026041
0.089640 -0.055449 -0.016429
-0.036443 0.017017 -0.025752
0.185611 0.049411 0.034435
0.025921 -0.065547 0.040982
-0.029372 -0.051424 -0.024170
0.002957 -0.029863 0.008077
-0.046696 -0.091647 0.011214
-0.010513 -0.044687 0.003903
0.025402 0.004818 -0.045013
0.002804 0.045171 -0.056416
0.133829 0.014721 -0.022324
0.025438 0.030649 0.013043
0.013428 -0.043946 0.062764
-0.030738 -0.009601 -0.048449
-0.042164 -0.043095 0.022977
0.049697 -0.062288 -0.016457
0.066850 -0.065096 -0.043261
0.036108 -0.023857 0.002627
0.045731 0.020798 0.003766
0.058055 -0.007292 0.078295
0.006538 -0.009274 -0.031466
0.085759 -0.071830 -0.023474
0.037182 -0.031133 -0.008973
0.104471 -0.097736 -0.018972
0.007202 -0.039890 -0.000102
-0.044022 -0.002953 -0.021319
0.078282 -0.036343 -0.005285
-0.000103 -0.030228 -0.028978
0.080711 0.039429 0.021399
-0.013808 -0.059580 0.051989
0.027001 -0.064347 -0.037015
-0.001815 -0.052259 -0.021052
-0.050872 -0.054247 -0.020537
0.070334 -0.059135 0.084255
0.079640 -0.030927 -0.016420
0.014688 -0.027776 -0.001710
0.017845 -0.053312 0.020468
0.056200 0.028842 0.025958
0.095521 0.016138 -0.046196
-0.001937 0.018637 -0.002139
0.130816 0.021490 -0.019489
-0.025273 0.023411 -0.092043
0.016172 -0.068448 -0.057335
0.026145 -0.043736 -0.079279
0.086436 -0.111794 -0.029724
0.014917 0.024365 -0.025375
0.086978 0.062986 -0.052076
-0.089135 -0.023232 -0.052608
0.086097 -0.034125 0.037773
-0.034234 -0.061187 -0.003091
0.002728 0.037476 -0.057629
0.051157 -0.083876 0.052951
-0.023446 -0.030073 -0.023263
0.002432 0.005447 0.029352
0.048769 -0.038066 0.015395
0.016833 -0.015549 -0.033150
-0.011978 -0.015326 0.032172
-0.040919 -0.014747 0.026995
-0.105384 -0.028386 -0.081691
0.064963 0.012193 -0.006179
0.053251 -0.073288 0.089385
0.028651 -0.008699 0.058270
0.013573 -0.099282 0.016220
0.036339 -0.016649 0.056049
0.074418 0.015108 0.071586
0.095035 -0.019786 0.110098
0.017770 -0.116306 0.020388
0.062719 -0.036007 0.009070
-0.020623 -0.036743 0.053705
0.038917 -0.047346 -0.053113
-0.049148 -0.085999 0.057170
0.032517 -0.001563 0.030711
-0.010200 -0.012060 0.106841
0.045565 -0.096810 0.006495
0.053164 -0.072089 0.026238
0.049108 -0.002078 -0.025176
0.057265 0.046006 -0.072908
0.031615 -0.018380 -0.018629
0.060064 -0.084530 0.102071
0.068815 0.010006 -0.020794
0.042690 -0.019978 0.005979
-0.033118 0.022549 -0.018160
0.006697 -0.067801 0.053598
-0.054212 -0.024804 -0.049845
0.054407 -0.004042 0.055917
-0.013848 -0.001984 0.009877
0.005487 -0.028220 0.011705
0.097698 -0.035787 0.034446
0.057604 -0.017664 -0.030766
0.042516 0.007035 0.060357
0.155734 0.034575 0.029719
0.104908 -0.072762 0.014891
0.004338 -0.071877 -0.036005
0.039251 -0.023788 0.038813
0.011571 0.000087 -0.029651
-0.006917 -0.019156 0.060680
0.017463 -0.013573 0.009869
0.003424 -0.003991 0.014299
0.041167 -0.051759 -0.055990
0.074759 -0.026750 -0.032130
0.104654 0.018542 0.000605
0.044438 -0.030274 0.019955
0.005080 0.009738 0.039162
0.095633 -0.018518 0.028695
-0.077813 -0.034056 0.006571
0.069770 -0.072793 -0.050984
0.008208 0.012080 -0.014631
-0.071316 0.027465 -0.002770
-0.073906 -0.029096 -0.026179
0.011834 -0.073456 0.045719
0.076883 -0.054982 0.016253
0.029196 -0.064903 -0.010586
0.046873 -0.011662 0.013786
0.063305 -0.022039 0.048133
0.034618 0.019086 -0.065845
-0.021392 -0.141124 -0.018850
0.012318 -0.053368 0.001809
0.093837 0.036636 -0.003416
0.038673 -0.092076 -0.008003
0.029362 -0.003401 0.032231
0.087975 0.008851 -0.016517
0.129203 0.018495 0.020811
-0.000737 -0.070317 -0.073779
0.106988 -0.000114 -0.015973
-0.003250 -0.016969 -0.028345
0.178500 -0.048322 0.058109
0.038902 -0.033784 -0.006482
0.034216 -0.045107 -0.071912
-0.006172 0.006752 -0.026886
-0.002456 0.064501 -0.017743
0.065804 0.012488 -0.031830
0.137070 -0.051049 0.034530
0.025013 -0.067846 -0.000157
0.099348 -0.096197 0.039542
-0.022367 -0.036156 0.027152
0.075115 -0.073128 -0.021214
0.009782 -0.022591 0.018696
0.071883 -0.019651 0.071507
-0.017408 -0.034981 -0.060856
0.042759 0.034668 0.002635
-0.047148 0.004563 0.000677
0.086078 -0.030041 -0.000389
0.076835 -0.025406 -0.075471
-0.028571 -0.042667 0.065157
-0.052864 0.003675 -0.024852
-0.039283 -0.105584 0.096423
0.061582 -0.030553 -0.083200
0.061346 0.015730 0.034346
0.180429 -0.040370 -0.021367
0.052545 -0.057106 0.038891
0.120248 -0.085098 -0.026565
0.009032 0.018218 -0.043207
0.021225 -0.041974 0.011057
-0.032294 -0.090809 0.060501
0.002071 -0.031711 0.018194
0.010536 -0.087206 0.025010
0.031165 -0.050175 0.030949
-0.001061 -0.051110 0.033462
-0.035777 -0.036753 0.039818
0.019139 -0.118098 0.008066
0.015841 0.022734 0.020064
-0.015701 -0.064392 0.035363
0.040937 -0.064062 0.021339
0.048939 0.016960 -0.054692
-0.064060 0.039617 0.043648
0.092583 -0.050017 0.019510
-0.049013 -0.061851 -0.015496
0.069185 0.050344 -0.066341
0.037541 -0.022780 -0.007576
-0.037193 -0.021613 -0.023327
0.113577 -0.062465 0.046829
0.108800 0.034230 -0.068399
0.027652 0.020687 0.040814
0.001724 0.009330 0.020118
-0.022546 -0.006308 -0.029323
-0.093868 -0.074021 0.042647
0.026824 -0.088010 0.036801
-0.071453 -0.071680 0.008532
0.073082 -0.023949 0.018969
0.028103 -0.042030 -0.011840
0.056488 -0.007393 -0.019203
0.141896 0.035810 0.007803
0.029838 -0.027070 0.003312
-0.000167 0.052412 -0.027687
0.056355 -0.104925 0.085715
0.055906 -0.018429 -0.025872
0.047439 0.016660 0.041601
0.057170 -0.032776 0.026537
0.080453 -0.077458 0.000179
0.055160 0.050686 0.065011
0.130142 -0.095389 0.024841
-0.070207 -0.068945 -0.019587
0.007761 -0.055586 -0.002484
-0.015596 0.023415 -0.092368
0.073287 -0.061872 0.018123
0.112444 0.010946 -0.067168
0.043603 -0.056451 -0.036920
0.012857 0.001965 0.014987
0.081053 -0.061652 -0.048010
0.058876 -0.037397 0.021808
-0.039570 -0.021494 -0.032877
0.044062 -0.064586 -0.020836
-0.002252 0.032364 0.035993
0.046765 -0.052098 -0.028557
-0.011948 -0.004223 -0.042212
0.021162 -0.071900 0.053605
0.136263 -0.024355 0.048337
0.089246 -0.042669 -0.091834
0.046180 -0.103030 -0.005513
0.096470 -0.036394 0.005547
0.003585 -0.102875 0.007081
-0.030679 -0.018575 0.045891
0.056038 -0.044783 -0.049785
0.075810 -0.044290 0.013222
0.103437 -0.043759 0.039842
0.031140 -0.098960 -0.020611
0.013756 -0.060294 0.027705
0.013294 -0.068122 -0.020433
0.019543 -0.086601 -0.000517
-0.079176 -0.071673 -0.011126
0.058474 -0.074629 -0.022661
0.130088 -0.089152 -0.006937
0.075960 -0.027145 0.016198
-0.036050 -0.120592 -0.004352
0.076621 -0.085640 0.035242
0.044361 0.118074 -0.002164
0.022401 -0.091816 -0.016727
-0.003718 0.006770 -0.064485
0.078623 -0.067661 -0.023614
0.050227 -0.116869 -0.059017
-0.041642 -0.065352 -0.022563
0.027262 -0.028250 -0.061831
0.036933 -0.007322 0.046786
0.076153 -0.010136 -0.014044
0.045350 -0.013239 0.088745
-0.015678 0.015549 -0.029341
-0.006870 0.019308 0.000372
0.042464 -0.086558 0.058564
0.002878 -0.017137 -0.006300
0.044185 0.032908 -0.016408
0.001132 -0.039862 -0.061270
-0.018514 -0.085050 0.014718
0.054901 -0.026128 0.051055
0.059460 -0.117209 0.055753
0.051289 -0.065880 0.038157
0.000775 -0.076415 0.035274
0.002630 0.014078 -0.023453
0.044360 -0.109550 -0.003597
-0.021774 -0.036974 0.010060
0.034167 -0.024321 0.039318
0.050794 -0.015114 -0.123813
0.023910 -0.073922 0.067432
0.010520 -0.052893 0.037440
0.081971 -0.034450 -0.012176
0.029518 0.037583 0.029315
-0.041448 -0.026090 -0.032296
0.009152 -0.019941 -0.008425
-0.005225 -0.105659 -0.021392
0.127951 -0.001188 0.066487
-0.061028 -0.053391 0.000434
0.104445 -0.020576 0.032595
0.038786 -0.051655 0.077687
-0.001709 -0.063548 0.080697
0.007422 -0.080229 0.039047
0.029741 0.014021 0.036482
0.048777 -0.093435 -0.018258
0.004888 -0.037753 -0.071775
0.065476 0.021378 -0.047777
-0.072006 0.007934 0.081145
0.014562 -0.069887 0.012402
0.108760 -0.069908 -0.034685
0.039693 -0.056258 0.034872
-0.004141 -0.025663 -0.005931
0.089406 -0.052326 -0.015222
-0.003969 0.020978 0.084064
0.025293 -0.064157 -0.039982
0.123691 -0.015892 -0.025143
0.109031 -0.021178 -0.051236
0.027341 0.043155 0.037135
-0.006613 -0.043657 0.010577
0.018165 0.009957 -0.033867
0.042973 -0.002859 -0.007250
0.006015 -0.084719 -0.004428
0.037044 0.023268 -0.014542
0.048520 -0.002145 -0.034425
0.065443 0.003502 -0.017718
0.007421 -0.038208 -0.035465
0.034247 0.031495 -0.039737
-0.040909 0.029498 0.024697
0.121508 -0.044907 -0.029617
0.026342 0.003857 -0.020931
-0.024208 -0.073570 0.067296
0.101755 -0.085032 0.002898
0.015478 -0.107058 0.021517
0.022143 -0.111339 0.055986
-0.005683 -0.052903 -0.056261
0.063100 -0.046189 -0.021280
0.084872 -0.033014 0.019334
0.158867 -0.118444 -0.019255
0.079992 -0.019355 0.014317
0.077447 -0.017604 0.011527
-0.022256 -0.124247 -0.026430
0.028865 -0.014991 -0.033354
-0.095367 0.013091 0.021365
0.053707 -0.060148 -0.002243
0.004203 0.007336 0.024934
0.077891 -0.052062 0.078411
0.041594 -0.085200 -0.046225
0.072569 -0.039005 0.064190
-0.040374 0.042131 -0.014153
-0.010267 -0.008759 -0.066413
0.040813 -0.040897 -0.002410
0.008945 -0.001180 -0.044421
0.037925 -0.064924 0.010444
0.017067 0.050887 0.001755
0.113022 0.031393 0.030585
0.045333 0.004221 -0.012889
0.026342 0.029055 0.013082
-0.007208 -0.102688 -0.013830
0.062942 -0.050870 -0.010833
0.036020 -0.028781 -0.077719
0.065802 -0.030042 0.031219
-0.006517 -0.022246 -0.006796
0.064553 -0.146542 0.102217
0.097279 -0.003080 0.042989
-0.034490 -0.047382 0.007654
0.104125 0.007967 -0.004142
0.025056 0.049650 0.013305
0.037907 -0.031192 -0.020521
0.090667 -0.094949 0.001036
0.037621 -0.036640 0.091559
0.115427 0.019630 -0.025973
-0.058001 -0.028962 0.006589
0.058630 -0.044841 0.009826
0.127522 0.010923 0.066483
0.056085 -0.033812 0.011611
0.142268 0.028573 -0.014537
0.044270 -0.063594 -0.009729
0.031048 -0.002391 0.063603
0.013500 -0.041616 -0.060541
0.014584 -0.087843 0.045378
0.102961 -0.045017 -0.031676
-0.037757 -0.014775 -0.016760
0.087416 -0.005666 0.047994
0.063572 -0.008873 -0.004977
-0.054315 -0.094195 0.010035
-0.016477 0.012065 0.067624
0.022941 -0.012821 -0.063297
0.030930 -0.080372 0.069063
0.020981 0.027598 -0.020297
0.069758 -0.029366 0.052151
0.016247 -0.128429 -0.037022
-0.003377 -0.062953 0.039145
0.006622 -0.002502 -0.011511
0.024323 0.038298 -0.007846
0.015216 -0.076197 0.048982
0.045254 -0.060113 -0.017661
0.010595 -0.103429 -0.022062
0.059197 0.033680 0.002633
0.046963 -0.019066 -0.003098
-0.014878 -0.012855 0.030016
-0.099530 -0.116382 0.003616
0.087684 -0.032067 -0.018569
0.031344 -0.057424 -0.039559
0.009347 -0.086612 -0.024275
0.071274 0.053662 0.047612
0.114749 -0.029625 0.010899
0.023569 -0.042586 0.103631
0.083529 -0.026218 0.012131
-0.072422 -0.048437 0.014177
-0.005935 -0.140365 0.044712
0.063569 -0.079204 -0.004765
-0.044277 -0.048495 -0.039510
0.072793 -0.058056 0.024273
0.003550 -0.002110 -0.061628
0.046015 0.005058 -0.000516
-0.050476 -0.050034 0.008770
0.026264 -0.024975 0.042550
-0.038445 -0.037061 0.038266
-0.038963 -0.029554 0.020913
-0.001683 -0.035585 0.023778
0.077900 -0.007764 0.046767
0.037883 -0.063181 -0.016510
0.072873 -0.023071 0.002126
0.104919 0.140519 0.025303
0.059032 0.019731 -0.044151
-0.037642 0.073507 0.010236
-0.039319 0.115516 -0.016167
-0.033422 0.088041 -0.029484
0.033971 0.082816 -0.066309
0.041154 0.127935 -0.009988
-0.062796 0.183167 0.050249
0.032466 0.138738 0.046704
0.039197 0.105005 0.054255
0.046583 0.024702 0.067906
0.034480 0.118282 -0.024402
0.019106 0.191270 -0.034085
-0.016252 -0.032992 0.003506
0.035387 0.182694 -0.052106
0.144519 0.103622 0.027210
-0.041870 0.156439 -0.006123
0.057540 0.174578 0.016960
-0.059348 0.188146 0.059342
-0.009975 0.123576 0.013183
-0.017020 0.118846 -0.109070
0.017361 -0.008038 -0.062726
0.014377 0.101918 0.010428
-0.039721 0.190576 -0.060660
-0.027975 0.089338 0.033337
-0.026559 0.103301 -0.033550
0.061671 0.153300 -0.004754
0.016041 0.131930 -0.025555
-0.010908 0.057059 0.013347
-0.010991 0.106141 0.049024
-0.011112 0.045777 -0.017527
0.046071 0.115074 0.032031
0.069503 0.105926 -0.017805
0.016991 0.195328 0.036174
0.006765 0.125830 -0.028923
0.056991 0.148505 0.040872
0.030591 0.038674 -0.030395
-0.001597 0.144947 -0.022211
-0.008208 0.109692 0.040658
0.023151 0.038090 0.002040
0.044449 0.130742 0.046114
-0.007932 0.058885 -0.044998
0.044240 0.044398 0.058217
0.002483 0.116735 0.020806
0.006997 0.142291 0.006854
0.028907 0.034769 0.023920
0.033846 0.112615 -0.049744
-0.030380 0.136827 -0.026104
0.023584 0.066191 -0.014595
0.065604 0.123917 0.002393
-0.033160 0.103475 0.058189
0.036605 0.112998 -0.053420
-0.036214 0.230355 -0.076114
0.070486 0.061400 0.070149
0.052984 0.104954 -0.036041
0.058670 0.117838 0.019523
0.067180 0.174446 0.020381
0.035090 0.113172 -0.076169
0.001085 0.218055 -0.027407
0.081829 0.081468 -0.045629
-0.023291 0.068320 0.007098
0.072882 0.110582 -0.024615
0.060745 0.123490 0.037787
0.009009 0.142454 0.021396
0.011465 0.142690 -0.048965
0.014616 0.161714 -0.045481
-0.068972 0.114092 -0.009376
-0.053191 0.072557 -0.073906
-0.013743 0.147989 0.052286
0.040913 0.127377 0.020922
-0.069650 0.130300 0.000742
-0.001171 0.002880 -0.000449
0.029486 0.157523 -0.042787
0.043107 0.177604 -0.068652
-0.031658 0.153604 -0.052570
-0.044519 0.053842 0.043207
0.030854 0.148353 0.005561
-0.013167 0.214513 -0.030734
0.078428 0.032561 0.020564
0.002224 0.089259 0.045809
0.069955 0.122891 -0.014365
0.011497 0.140362 -0.006002
-0.044422 0.065070 0.023607
-0.010335 0.175323 -0.076153
0.030983 0.141781 0.019923
-0.008703 0.054773 0.060083
0.122829 0.139157 -0.037828
0.047749 0.093881 -0.030914
0.034609 0.043586 -0.004328
0.025537 0.129985 -0.005764
0.077080 0.041670 0.029739
-0.090071 0.188920 -0.022882
0.033397 0.096845 -0.030474
-0.001346 0.121577 -0.007767
0.008555 0.023690 0.031635
-0.054966 0.129669 0.080802
-0.020873 0.181835 0.032107
0.008333 0.155917 -0.018118
-0.006521 0.131358 0.041095
0.074055 0.192090 0.061995
0.000286 0.059313 0.021537
-0.024339 0.134027 0.018716
0.075650 0.044359 -0.025236
-0.075534 0.224539 0.010003
0.077908 0.150167 0.001038
0.034281 0.038127 -0.027214
0.049850 0.037962 0.032281
-0.033463 0.154083 0.011672
0.016688 0.130442 0.015909
-0.040982 0.227937 -0.038205
-0.156340 0.121092 0.023807
-0.008455 0.084957 0.026458
0.030488 0.081419 0.071991
0.041212 0.065046 -0.012027
-0.050118 0.112761 0.013317
0.017161 0.034674 -0.021324
0.026888 0.155770 -0.010168
-0.031013 -0.025915 0.062560
0.027624 0.096106 -0.009135
0.023168 0.127791 0.035682
0.014277 0.144022 0.015187
0.060565 0.176934 -0.012607
-0.056293 0.013943 0.014379
0.144585 0.212786 -0.013953
0.033296 0.180485 0.042939
0.014057 0.087060 0.021825
-0.075719 0.087586 -0.001051
0.113619 0.152917 -0.067664
-0.067996 0.139779 0.040853
-0.014282 0.013321 0.004993
0.009270 0.128356 0.020651
-0.043067 0.165110 -0.040971
0.043952 0.068736 -0.103981
0.076117 0.008023 -0.020456
-0.093063 0.067261 -0.015449
-0.017221 0.142903 0.005795
-0.036410 0.134034 -0.020182
0.009059 0.158111 -0.124492
0.039952 0.178950 0.061934
-0.064491 0.101994 0.047207
0.025457 0.090688 -0.056586
-0.063187 0.072938 -0.063648
0.038298 0.110080 -0.078041
0.052011 0.075313 -0.086451
0.081292 0.157034 -0.008387
0.048678 0.101126 -0.016087
0.038399 0.199636 -0.013457
-0.075794 0.054331 0.072597
0.107736 0.056023 0.057076
0.061898 0.055462 0.057089
0.056285 0.204955 -0.042247
0.053593 0.114975 -0.004323
0.023864 0.074231 0.023356
0.133342 0.044023 -0.021330
-0.058441 0.114410 -0.061116
-0.002758 0.022667 -0.012464
0.024530 0.144951 -0.004641
-0.031172 0.050627 0.015383
-0.016064 0.237609 0.012898
0.036039 0.158496 -0.001181
-0.070121 0.035492 -0.006885
-0.080615 0.018202 -0.041088
0.000409 0.094027 -0.023556
0.116007 0.094892 -0.025579
-0.052653 0.079460 -0.063941
0.017076 0.156007 0.015125
0.044619 0.245852 0.071070
0.164712 0.134767 -0.024117
0.138450 0.105792 0.005859
0.081795 0.162484 -0.031612
0.018818 0.064316 0.048442
0.059183 0.116965 0.058665
-0.012378 0.095956 0.076489
0.019822 0.115192 0.017621
-0.008711 0.171659 0.017761
0.067810 0.005180 -0.033060
-0.004905 0.096531 0.044816
-0.079530 0.079251 0.019777
0.047159 0.117677 0.004765
-0.018834 0.123760 0.032388
0.015354 0.127592 0.014651
0.047733 0.092962 0.043257
-0.034426 0.132254 0.086126
0.042809 0.009250 -0.017888
-0.029254 0.069843 -0.000959
-0.008700 0.130928 -0.026011
-0.025805 0.030763 -0.016397
-0.020061 0.130725 -0.019642
0.051417 0.162937 0.066120
0.049088 0.119370 0.018328
0.008754 0.098254 0.057851
-0.070977 0.060362 -0.006403
-0.010039 0.071409 0.029743
0.056918 0.093620 0.133299
0.071655 0.092779 -0.012394
0.065449 0.084623 0.017255
-0.016540 0.124029 -0.104122
0.077627 0.036603 0.065939
0.047862 0.159630 -0.024845
-0.017389 0.034439 -0.048721
0.024953 -0.001717 -0.027539
-0.051944 0.193488 0.017181
0.034763 0.056709 -0.000255
0.021414 0.126368 -0.024858
0.070595 0.089901 0.000315
0.050486 0.108659 -0.004348
0.034182 0.250176 0.069028
0.062697 0.181850 0.098739
0.067238 0.028099 -0.077714
0.017257 0.163412 0.030815
0.017234 0.146379 -0.033476
0.016617 0.064701 0.004807
0.104458 0.093040 -0.000592
0.161774 0.148590 0.001395
0.088415 0.188295 0.063438
0.016339 0.026695 -0.009220
0.010316 0.111460 0.016198
0.029042 0.194057 0.041168
0.032759 0.052696 -0.045881
0.132130 0.082039 0.042856
0.031041 0.246289 -0.019081
-0.020451 0.117541 -0.004597
0.037731 0.124350 -0.035257
0.098273 0.148400 0.015446
-0.015648 0.087160 -0.086437
-0.002141 0.095634 -0.002206
0.032765 0.071018 0.023177
0.057523 0.160757 -0.004206
-0.003710 0.137484 0.029953
-0.057403 0.097137 0.028959
0.033571 0.152343 0.010772
-0.026097 0.157794 -0.006724
0.039239 0.059273 0.005779
-0.035049 0.113921 0.005449
0.066031 0.087984 -0.104719
-0.005653 0.206325 0.022923
0.097184 0.118264 0.018310
-0.045232 0.120108 0.024972
0.030318 0.054175 -0.008558
0.039285 0.109273 0.004156
0.070594 0.188608 -0.031088
0.111016 0.101459 -0.066906
0.094313 0.182666 -0.028790
-0.065835 0.166267 -0.000588
-0.005474 0.117455 0.025703
-0.039431 0.056910 -0.119733
0.087153 0.149150 0.028450
0.043251 0.141240 0.022434
0.033031 0.101468 -0.031173
0.082031 0.155486 0.042888
0.012394 0.151128 0.040384
-0.003133 0.082390 0.040482
0.063383 0.083818 0.014187
0.065399 0.186329 -0.038370
-0.009121 0.067855 -0.030763
0.015274 0.094580 -0.028248
0.097712 0.086633 -0.115796
0.050149 0.193755 -0.010264
-0.023990 0.122301 -0.060587
0.052626 0.112815 0.063855
0.066245 0.153395 0.047729
-0.064634 0.178728 0.025384
-0.030934 0.093930 0.040743
-0.036199 0.131785 -0.076421
0.036682 0.012064 -0.024615
0.011485 0.126767 -0.038717
-0.075868 0.042636 -0.070209
-0.011909 -0.011603 -0.042987
0.041444 0.194212 0.043067
-0.020715 0.176541 0.034152
0.014413 0.022066 -0.008973
0.069969 0.129349 0.016358
0.084103 0.136787 -0.066428
-0.012993 0.082901 0.030621
-0.009891 0.143984 0.042663
0.031761 0.090832 0.016477
-0.097918 0.116078 0.033798
-0.052539 0.014501 0.002636
-0.082372 0.187640 0.042314
0.022254 0.158363 0.020176
0.022584 0.096600 -0.027990
-0.000412 -0.024828 -0.023301
-0.063391 0.109721 0.010100
0.016316 0.258430 0.053157
0.071073 0.056615 0.011672
-0.055289 0.075466 -0.089734
-0.058830 0.141536 0.006789
0.068842 0.094335 0.071752
0.051184 0.168840 0.037637
0.094985 0.166063 -0.095669
0.067334 0.199453 -0.028951
-0.085648 0.017015 -0.003497
0.008600 0.090613 -0.064634
-0.023915 0.031004 0.045985
-0.004520 0.112833 0.009299
-0.059740 0.154177 -0.013201
0.040177 0.064252 -0.043092
-0.059161 0.074380 -0.002427
0.076577 0.082110 0.028676
0.045829 0.175580 0.011844
-0.034312 0.093741 -0.009266
-0.051450 0.087574 -0.011374
-0.103587 0.085611 0.001428
0.049497 0.135413 0.012552
0.062163 0.125943 -0.018163
0.139421 0.108308 0.011057
0.023561 0.009417 0.034689
0.052684 0.086111 0.035273
0.131600 0.135904 0.053292
0.041813 0.134883 0.082067
-0.012824 0.062694 0.045061
-0.015151 0.091559 0.053594
0.052033 0.135695 0.038027
0.013024 0.163263 0.028123
0.015867 0.064539 -0.008126
0.005276 0.086444 -0.004294
0.004976 0.132909 0.007348
0.060061 0.061661 0.022657
-0.011195 0.029381 0.036978
-0.040536 0.037405 -0.011886
0.039742 0.096635 -0.035617
0.087857 0.240529 -0.008940
-0.014582 0.122530 -0.044920
0.006563 0.207030 -0.032034
-0.011220 0.144287 0.013261
0.013567 0.047638 0.023110
-0.041034 0.021776 -0.016846
-0.017774 0.052451 -0.102963
-0.025044 0.128516 0.057353
-0.006428 0.116447 -0.097306
-0.071559 0.066046 0.128057
-0.097599 0.149333 0.144705
-0.150552 0.281006 0.144366
-0.115451 0.114686 0.170311
-0.092350 0.094526 0.215315
-0.157288 0.107265 0.171471
-0.101530 0.173166 0.178326
-0.145185 0.271882 0.132837
-0.093518 0.116962 0.183864
-0.208812 0.148032 0.151609
-0.222138 0.173651 0.176412
-0.093823 0.173341 0.249405
-0.121753 0.202978 0.091551
-0.257288 0.130389 0.200456
-0.196824 0.241591 0.237829
-0.232829 0.101539 0.203012
-0.244953 0.245348 0.290594
-0.215903 0.237853 0.195542
-0.130348 0.119473 0.136666
-0.123809 0.198322 0.151514
-0.137928 0.155039 0.238347
-0.178003 0.139160 0.212730
-0.145196 0.104136 0.098019
-0.159816 0.147054 0.259753
-0.124519 0.073395 0.211370
-0.167741 0.169179 0.143710
-0.168677 0.150207 0.146123
-0.161535 0.112022 0.186448
-0.224840 0.107364 0.144081
-0.220829 0.120510 0.121148
-0.212887 0.230961 0.195389
-0.214718 0.212412 0.173782
-0.256878 0.173700 0.162845
-0.157729 0.124898 0.203941
-0.289830 0.144931 0.235023
-0.106303 0.173717 0.148469
-0.313404 0.170569 0.203809
-0.238775 0.189266 0.098582
-0.115590 0.317432 0.099879
-0.193127 0.186576 0.181656
-0.186809 0.165065 0.111120
-0.133271 0.110369 0.174492
-0.252449 0.205163 0.130014
-0.089932 0.078814 0.245954
-0.243959 0.162093 0.212516
-0.178222 0.160292 0.143730
-0.231755 0.145384 0.128938
-0.153826 0.221096 0.147375
-0.199217 0.063620 0.131933
-0.211381 0.117287 0.143398
-0.173948 0.009790 0.033933
-0.247440 0.113197 0.211538
-0.078625 0.127116 0.126308
-0.164882 0.060929 0.078905
-0.180343 0.196613 0.289785
-0.147039 0.179801 0.100254
-0.220019 0.158932 0.139351
-0.163541 0.202414 0.224135
-0.261351 0.247811 0.207062
-0.140246 0.120437 0.171560
-0.211893 0.144153 0.163780
-0.065277 0.182727 0.260581
-0.145444 0.177247 0.228326
-0.036338 0.239457 0.103669
-0.203492 0.062281 0.129726
-0.139236 0.197943 0.040361
-0.226256 0.121203 0.097220
-0.181326 0.146948 0.101821
-0.163934 0.074028 0.197873
-0.184547 0.216691 0.275313
-0.182292 0.168551 0.243088
-0.180511 0.154864 0.126770
-0.139801 0.216217 0.140225
-0.131654 0.168665 0.169574
-0.131432 0.187242 0.097451
-0.230189 0.150179 0.194444
-0.111998 0.121718 0.105425
-0.206778 0.192453 0.244662
-0.077360 0.136048 0.071971
-0.145498 0.187280 0.181456
-0.319159 0.165927 0.227805
-0.241002 0.075827 0.183167
-0.166971 0.261601 0.107125
-0.241434 0.212305 0.231680
-0.081594 0.002405 0.152534
-0.137818 0.208456 0.110859
-0.116316 0.189019 0.150548
-0.311605 0.249015 0.167879
-0.201283 0.064933 0.223892
-0.190645 0.244504 0.225552
-0.257337 0.125980 0.176543
-0.133893 0.215307 0.150592
-0.062044 0.160268 0.116618
-0.148833 0.220531 0.019373
-0.215034 0.086382 0.072801
-0.313715 0.165175 0.317423
-0.142833 0.190954 0.143706
-0.165015 0.023995 0.137437
-0.249798 0.187248 0.324717
-0.146081 0.108794 0.104879
-0.136441 0.121666 0.208446
-0.118777 0.153627 0.136649
-0.227679 0.119913 0.141328
-0.165059 0.118650 0.162204
-0.151959 0.006343 0.043633
-0.218735 0.133195 0.119166
-0.051160 0.106452 0.190421
-0.176622 0.096824 0.275349
-0.291062 0.132062 0.147617
-0.242798 0.090076 0.177209
-0.161893 0.120580 0.207274
-0.171057 0.246394 0.172022
-0.118976 0.147408 0.258559
-0.098665 0.155084 0.165729
-0.287808 0.062697 0.137254
-0.169549 0.248905 0.093957
-0.184771 0.115381 0.157094
-0.249948 0.167404 0.279573
-0.098378 0.103996 0.231540
-0.208345 0.132840 0.143734
-0.229211 0.142344 0.221760
-0.112862 0.250386 0.172483
-0.255927 0.161399 0.182728
-0.061371 0.125076 0.177117
-0.184470 0.232975 0.209369
-0.225589 0.134751 0.133914
-0.287003 0.246567 0.124184
-0.296836 0.216260 0.113449
-0.088935 0.055267 0.189484
-0.080077 0.214161 0.110907
-0.218451 0.136206 0.143187
-0.168233 0.021382 0.162877
-0.173654 0.132796 0.140168
-0.174524 0.110801 0.080313
-0.207954 0.171132 0.194925
-0.230921 0.109186 0.205773
-0.253737 0.168689 0.139440
-0.090218 0.245134 0.201963
-0.138752 0.188541 0.142650
-0.148059 0.138376 0.133128
-0.177646 0.127784 0.244168
-0.201424 0.200764 0.161699
-0.114985 0.111317 0.197939
-0.128706 0.098366 0.159541
-0.221164 0.195487 0.085718
-0.187040 0.222755 0.084324
-0.143127 0.152905 0.183026
-0.153213 0.035589 0.079519
-0.189118 0.207435 0.121071
-0.264157 0.111307 0.163456
-0.196523 0.132225 0.170883
-0.203597 0.153521 0.146100
-0.183578 0.083241 0.159944
-0.098064 0.139874 0.082265
-0.162799 0.117921 0.129121
-0.197989 0.162767 0.198594
-0.115703 0.098638 0.089214
-0.213918 0.156979 0.142097
-0.138903 0.181989 0.175104
-0.113832 0.272048 0.212658
-0.158897 0.213240 0.111273
-0.213577 0.106254 0.312090
-0.207901 0.074066 0.189180
-0.203575 0.073491 0.226842
-0.072553 0.111406 0.140599
-0.216888 0.150187 0.208151
-0.081331 0.093512 0.072729
-0.275574 0.141588 0.145814
-0.253631 0.162316 0.183821
-0.147121 0.068532 0.082255
-0.216287 0.247810 0.103146
-0.165437 0.188687 0.227692
-0.246690 0.075351 0.125671
-0.091231 0.236816 0.131624
-0.307781 0.216474 0.107887
-0.125992 0.196698 0.214274
-0.288718 0.309885 0.099053
-0.185119 0.100788 0.114061
-0.142659 0.180569 0.178412
-0.094197 0.143726 0.122941
-0.184484 0.144194 0.087147
-0.116590 0.030440 0.146359
-0.045049 0.220863 0.032117
-0.087446 0.177133 0.132318
-0.244372 0.213625 0.121382
-0.169059 0.092420 0.168030
-0.185188 0.139904 0.302021
-0.204625 0.154795 0.128962
-0.154236 0.110495 0.224460
-0.247643 0.169384 0.024907
-0.115454 0.112289 0.137114
-0.195307 0.109736 0.160459
-0.109112 0.197170 0.207650
-0.179073 0.040006 0.182726
-0.105779 0.143541 0.171284
-0.011867 0.121574 0.164969
-0.139031 0.122466 0.250228
-0.142472 0.203468 0.231966
-0.221972 0.118232 0.265817
-0.132164 0.023437 0.081491
-0.185550 0.160214 0.082466
-0.211107 0.046061 0.206336
-0.173440 0.133355 0.206198
-0.074209 0.126846 0.127841
-0.136034 0.059067 0.168233
-0.166518 0.101207 0.221183
-0.179861 0.049348 0.059199
-0.269740 0.130982 0.193528
-0.064121 0.071739 0.120243
-0.232260 0.029720 0.148698
-0.220672 0.144468 0.144385
-0.169360 0.030941 0.116763
-0.307014 0.093402 0.132399
-0.227946 0.132398 0.162373
-0.134674 0.161494 0.149769
-0.174651 0.100569 0.117207
-0.244052 0.135684 0.169328
-0.185338 0.126369 0.115481
-0.234994 0.188456 0.149548
-0.118674 0.144142 0.169911
-0.186945 0.195030 0.082249
-0.199273 0.069202 0.177636
-0.253331 0.143035 0.129641
-0.226883 0.338723 0.109204
-0.182480 0.141719 0.157810
-0.130000 0.166000 0.175265
-0.130556 0.093426 0.082115
-0.136989 0.153749 0.164858
-0.219491 0.126254 0.099116
-0.120144 0.155526 0.212269
-0.172264 0.136639 0.234080
-0.174399 0.131381 0.188385
-0.147847 0.134032 0.237338
-0.132589 0.235712 0.184823
-0.111269 0.177746 0.198285
-0.123600 0.103368 0.105046
-0.207933 0.141361 0.227442
-0.284412 0.173112 0.335381
-0.200241 0.188671 0.167231
-0.122743 0.124034 0.056382
-0.117727 0.150916 0.090549
-0.091086 0.158582 0.198842
-0.219639 0.091834 0.235124
-0.274737 0.221346 0.194362
-0.308774 0.122261 0.026338
-0.188088 0.082312 0.212079
-0.074070 0.182297 0.099998
-0.111009 0.109446 0.155889
-0.199687 0.053738 0.143727
-0.107893 0.099752 0.146751
-0.108663 -0.047852 0.065947
-0.146405 0.136842 0.209085
-0.169486 0.209348 0.094180
-0.146682 0.121294 0.210734
-0.221698 0.100788 0.231471
-0.156406 0.113019 0.184227
-0.237525 0.158208 0.095029
-0.112222 0.151279 0.245659
-0.186959 0.087265 0.129171
-0.148548 0.111482 0.179664
-0.072216 0.251347 0.159494
-0.163141 0.159959 0.218649
-0.231075 0.210016 0.178209
-0.091798 0.239393 0.123425
-0.243484 0.107587 0.263228
-0.163871 0.196373 0.157206
-0.211104 0.221015 0.136477
-0.175834 0.094792 0.133266
-0.179216 0.101096 0.191658
-0.162939 0.080088 0.176409
-0.146197 0.227875 0.161337
-0.072469 0.046441 0.101151
-0.199362 0.130999 0.166462
-0.170752 0.238557 0.171293
-0.107364 0.092488 0.264263
-0.195934 0.110425 0.110522
-0.130884 0.167646 0.133652
-0.190194 0.019971 0.192055
-0.118370 0.168751 0.097271
-0.249567 0.088330 0.176915
-0.218367 0.259620 0.112470
-0.215840 0.103196 0.238223
0.029821 0.123041 0.062908
-0.168026 0.008104 0.295893
-0.119588 0.150490 0.044356
-0.081351 0.207905 0.095340
-0.242720 0.122003 0.044306
-0.237708 0.094029 0.100496
-0.164156 0.071019 0.122147
-0.199959 0.151410 0.261209
-0.186706 0.011611 0.060910
-0.137637 0.182038 0.221308
-0.082775 0.130970 0.130101
-0.225009 0.083780 0.199512
-0.109407 0.089978 0.241393
-0.258929 0.173663 0.158009
-0.209476 0.160580 0.137241
-0.141769 0.141368 0.111597
-0.072614 0.004197 0.209115
-0.151627 0.210515 0.265994
-0.134807 0.188217 0.244963
-0.097359 0.233974 0.143389
-0.197510 0.211984 0.157173
-0.270738 0.163398 0.220437
-0.265997 0.204789 0.160202
-0.270666 0.115215 0.216353
-0.166881 0.272115 0.125376
-0.155136 0.182688 0.068215
-0.184369 0.100703 0.101042
-0.091039 0.225889 0.212170
-0.166850 0.217103 0.110684
-0.243385 0.201283 0.221257
-0.269378 0.274022 0.205515
-0.154654 0.130141 0.269238
-0.168683 0.121653 0.158164
-0.223696 0.154352 0.124612
-0.085343 0.188774 0.289624
-0.017608 0.097516 0.081538
-0.225451 0.179974 0.135049
-0.187577 0.080109 0.148423
-0.170960 0.166368 0.110993
-0.230489 0.127507 0.183046
-0.337744 0.187933 0.321911
-0.127147 0.066581 0.143632
-0.105529 0.069261 0.052833
-0.204692 0.164412 0.125651
-0.270549 0.226392 0.166113
-0.041350 0.096987 0.082061
-0.206490 0.162491 0.178067
-0.206423 0.216072 0.203833
-0.284467 0.118274 0.176103
-0.134290 0.077061 0.181429
-0.166357 0.218880 0.087342
-0.140034 0.148727 0.133044
-0.136069 0.162029 0.040122
-0.046920 0.075028 0.209052
-0.203091 0.071606 0.163742
-0.129412 0.159919 0.241568
-0.135994 0.195807 0.092775
-0.127513 0.169243 0.206044
-0.166002 0.106079 0.122232
-0.151811 0.117590 0.126899
-0.072052 0.288909 0.155876
-0.209814 0.210128 0.193272
-0.097621 0.228460 0.121855
-0.097023 0.155730 0.108426
-0.248974 0.059489 0.161063
-0.190529 0.193440 0.144639
-0.164302 0.153034 0.224440
-0.251007 0.176271 0.155600
-0.107181 0.076935 0.146457
-0.140245 0.190964 0.228723
-0.084975 0.163741 0.155896
-0.141477 0.121138 0.205967
-0.138054 0.028857 -0.017303
-0.221233 0.113248 0.108022
-0.135281 0.191494 0.265050
-0.285648 0.196694 0.183506
-0.209334 0.134296 0.250515
-0.089393 0.159806 0.160549
-0.124048 0.216436 0.012310
-0.103905 0.201399 0.268862
-0.217788 0.096949 0.205351
-0.240784 0.154230 0.243366
-0.220501 0.243712 0.128784
-0.162793 0.052865 0.062330
-0.142995 0.162023 0.198887
-0.146553 0.224330 0.167215
-0.206455 0.144698 0.162417
-0.116459 0.131393 0.154968
-0.126974 0.155960 0.073798
-0.161026 0.184135 0.254559
-0.168355 0.108245 0.152698
-0.152377 0.180076 0.212584
-0.218012 0.044380 0.054574
-0.247967 0.266495 0.144941
-0.091114 0.112765 0.199979
-0.120541 0.135931 0.155092
-0.290798 0.076308 0.191645
-0.155170 0.188244 0.198310
-0.241196 0.122213 0.209449
-0.263106 0.125275 0.168538
-0.082853 0.140550 0.086839
-0.161040 0.156374 0.191813
-0.221818 0.137954 0.083545
-0.248900 0.273260 0.232125
-0.219829 0.124441 0.151558
-0.208378 0.114462 0.211196
-0.233004 0.176613 0.121331
-0.243871 0.200653 0.172243
-0.145130 0.081449 0.175522
-0.070883 0.035049 0.201109
-0.194705 0.151601 0.158299
-0.212076 0.154913 0.183332
-0.168287 0.318201 0.137977
-0.142386 0.271469 0.174857
-0.252301 0.243518 0.223231
0.155576 0.263063 -0.279751
0.011483 0.125707 -0.361952
0.151631 0.131889 -0.295486
0.094979 0.188409 -0.399282
0.170150 0.198462 -0.293767
0.063181 0.207783 -0.302031
0.074738 0.194409 -0.297382
0.171920 0.149804 -0.252716
0.105227 0.254462 -0.334013
0.031537 0.187761 -0.428262
0.082317 0.215631 -0.400385
0.035191 0.172363 -0.302006
0.084157 0.212956 -0.289209
0.176289 0.083634 -0.341544
0.036370 0.136656 -0.272332
0.112759 0.093202 -0.470476
0.162963 0.164718 -0.289005
0.138554 0.082715 -0.312097
0.037596 0.122423 -0.388019
0.222389 0.090496 -0.317361
0.044344 0.164789 -0.291135
0.185397 0.070701 -0.405055
0.148531 0.244298 -0.323404
0.174521 0.094571 -0.289167
0.152670 0.161547 -0.298501
0.180007 0.117526 -0.440469
0.143620 0.225668 -0.304657
0.009645 0.134464 -0.245736
0.039377 0.157341 -0.285166
0.193950 0.069783 -0.257346
0.178222 0.186786 -0.354360
0.015325 -0.003537 -0.189856
0.135160 0.231833 -0.308924
0.238507 0.208961 -0.261181
0.156414 0.064364 -0.186969
0.115919 0.040387 -0.355667
0.162720 0.147087 -0.444752
0.025740 0.229623 -0.180302
0.180518 0.185840 -0.299993
0.077704 0.128520 -0.291089
0.141355 0.115524 -0.329978
0.233736 0.117723 -0.268734
0.172400 0.278160 -0.275367
0.053151 0.103881 -0.264415
0.127406 0.089460 -0.357836
0.149668 0.094430 -0.328089
0.143974 0.099437 -0.427076
0.258519 0.248764 -0.337513
0.186447 0.174366 -0.267771
0.019662 0.201383 -0.313090
0.135283 0.053557 -0.404692
0.186356 0.106821 -0.393837
-0.013370 0.179013 -0.346749
0.191351 0.202777 -0.312256
0.134195 0.325244 -0.284287
0.111666 0.192958 -0.454003
0.085361 0.123601 -0.351119
0.052471 0.221056 -0.306100
0.060840 0.135683 -0.374274
0.213014 0.145085 -0.170832
-0.004779 0.230476 -0.259189
0.210039 0.143750 -0.422305
0.245631 0.105478 -0.321407
0.082829 0.148471 -0.288858
0.123584 0.179723 -0.254312
0.153909 0.087572 -0.273925
0.098991 0.232791 -0.255771
0.134333 0.112090 -0.273775
0.191576 0.177790 -0.327308
0.263757 0.009505 -0.473938
0.100729 0.069289 -0.318106
0.230180 -0.028730 -0.366733
0.167700 0.100224 -0.307675
0.092208 0.186149 -0.403155
0.090249 0.070255 -0.274359
0.233575 0.189275 -0.263472
0.114444 0.205828 -0.385367
0.070320 0.103053 -0.328511
0.215386 0.240657 -0.171841
0.317668 0.178252 -0.352081
0.116481 0.219426 -0.398579
0.175272 0.055737 -0.394308
0.127262 0.111994 -0.398523
0.102414 0.280100 -0.300082
0.076682 0.234238 -0.280679
0.044591 0.089078 -0.306218
0.152561 0.204310 -0.283618
0.153546 0.156764 -0.208938
0.119496 0.174584 -0.222850
0.185478 0.152267 -0.310296
0.191731 0.041789 -0.336507
0.095649 0.213630 -0.315149
0.322738 0.108626 -0.302183
0.178920 0.188134 -0.205069
0.163734 0.088857 -0.370157
0.236688 0.125230 -0.286147
0.145991 0.170697 -0.288100
0.046552 0.097656 -0.278187
0.172398 0.241378 -0.251602
0.135844 0.121950 -0.419813
0.131991 0.179146 -0.272721
0.130832 0.172881 -0.350385
0.226826 0.018487 -0.316121
0.136717 0.171300 -0.329497
0.087730 0.275866 -0.338999
0.156969 0.121619 -0.337199
0.173429 0.163263 -0.303957
0.246112 0.215294 -0.275207
0.156336 0.119598 -0.279344
0.088333 0.190510 -0.313386
0.150505 0.153016 -0.371496
0.069719 0.219666 -0.407330
0.150349 0.109843 -0.259193
0.147165 0.162802 -0.430246
0.201779 0.139783 -0.230588
0.128249 0.270113 -0.238532
0.201580 0.203460 -0.242775
0.126262 0.118316 -0.230824
0.054654 0.117469 -0.364328
0.045485 0.112988 -0.213639
0.161583 0.191163 -0.343256
0.168064 0.202582 -0.242172
0.140483 0.243343 -0.250117
0.117891 0.220916 -0.392356
0.111360 0.131248 -0.292730
0.123438 0.120667 -0.406588
0.142608 0.144486 -0.334652
0.113854 0.134850 -0.350537
0.119320 0.164114 -0.299524
0.125177 0.198739 -0.305211
0.091404 0.167725 -0.364870
0.123967 0.059526 -0.253957
0.159304 0.172927 -0.301585
0.104884 0.189029 -0.308348
0.171218 0.091538 -0.392574
0.048843 0.107279 -0.450691
0.269972 0.185903 -0.248450
0.150485 0.154322 -0.285409
0.148245 0.240001 -0.251125
0.155711 0.124585 -0.268209
0.127883 0.056433 -0.327623
0.054937 0.123154 -0.271074
0.269304 0.144103 -0.332755
0.040388 0.138869 -0.354234
0.043973 0.211278 -0.237118
0.144200 0.013982 -0.430628
0.205948 0.193422 -0.340194
0.129197 0.130860 -0.373539
0.058476 0.108965 -0.371058
0.139583 0.273320 -0.228698
0.013594 0.179398 -0.259562
0.261992 0.119568 -0.244117
0.105753 0.102301 -0.299737
0.211304 0.125631 -0.318508
0.044164 0.184044 -0.425567
0.250364 0.153273 -0.329366
0.209824 0.148955 -0.176606
0.196549 0.055138 -0.283959
0.007062 0.106806 -0.412980
0.136881 0.210066 -0.256179
0.191522 0.107568 -0.291669
0.149948 0.194472 -0.391743
0.136403 0.098981 -0.349270
0.110004 0.190437 -0.334665
0.228490 0.155182 -0.277902
0.170965 0.176936 -0.237917
0.215129 0.285219 -0.222216
0.143619 0.253784 -0.341556
0.220714 0.153121 -0.296691
0.246878 0.153494 -0.268109
0.084595 0.213976 -0.327300
0.160061 0.124610 -0.358218
0.118225 0.115809 -0.372025
0.134742 0.125389 -0.351709
0.121999 0.076742 -0.374970
0.241779 0.111948 -0.398482
0.207263 0.152891 -0.222991
-0.016861 0.103198 -0.342712
0.235343 0.156117 -0.410557
0.094417 0.165379 -0.340598
0.082486 0.106468 -0.227500
0.141337 0.058279 -0.359996
0.103066 0.103809 -0.330121
0.216496 0.066643 -0.400895
0.159921 0.033390 -0.421813
0.161088 0.244813 -0.265905
0.162276 0.109331 -0.315798
0.203446 0.091335 -0.303391
0.153571 0.199342 -0.282738
0.040873 0.187459 -0.281384
0.164067 0.143280 -0.275083
0.153237 0.282726 -0.198963
0.177199 0.170330 -0.245491
0.186044 0.232287 -0.298971
0.043529 0.143681 -0.254279
0.072132 0.120492 -0.334030
0.122519 0.101317 -0.335374
0.135868 0.106732 -0.267549
0.093923 0.198999 -0.243279
0.074603 0.162730 -0.309596
0.125236 0.274808 -0.250849
0.120213 0.171013 -0.329100
0.212182 0.157306 -0.259302
0.147986 0.059690 -0.379116
0.118534 0.103867 -0.269762
0.255572 0.217872 -0.314405
0.174544 0.183630 -0.318235
0.154394 0.151631 -0.333511
0.169375 0.149398 -0.324534
0.221365 0.152503 -0.269891
0.158690 0.224924 -0.248538
0.105475 0.092313 -0.447660
0.059368 0.254756 -0.285184
0.264965 0.193191 -0.339459
0.177941 0.300207 -0.275868
0.064331 0.121208 -0.430132
0.212250 0.164377 -0.261820
0.196427 0.149648 -0.194314
0.132441 0.112535 -0.327348
0.069277 0.300814 -0.251864
0.037618 0.170113 -0.384201
0.218968 0.067166 -0.328621
0.127628 0.271993 -0.114451
0.152985 0.153604 -0.316308
0.031857 0.208367 -0.283546
0.112954 0.246459 -0.422856
0.099035 0.160212 -0.275223
0.052277 0.132795 -0.367806
0.097872 0.168756 -0.266807
0.169204 0.263586 -0.291162
0.139370 0.177964 -0.350284
0.027583 0.245526 -0.334596
0.120201 0.141839 -0.349931
0.154211 0.199097 -0.256388
0.242789 0.074262 -0.358674
0.311708 0.180366 -0.145334
0.157440 0.132396 -0.418778
0.153266 0.069694 -0.345219
0.208424 0.181629 -0.354630
0.180595 0.179555 -0.294205
0.224053 0.061767 -0.433057
0.024333 0.081006 -0.351929
0.126154 0.155409 -0.354673
0.174998 0.191884 -0.252748
0.083840 0.123260 -0.335047
0.167597 0.058054 -0.350686
0.217137 0.012711 -0.377282
0.145928 0.144999 -0.388836
0.169849 0.068324 -0.282281
0.093979 0.210007 -0.256428
0.159376 0.135098 -0.266679
0.082046 0.182358 -0.342169
-0.295860 0.193343 -0.046184
-0.181426 0.210457 -0.040299
-0.185414 0.191230 -0.077248
0.007970 0.194702 -0.052350
-0.156462 0.184986 0.028966
-0.193661 0.094302 0.015016
-0.061658 0.245460 -0.152390
-0.246257 0.101250 -0.032990
-0.110067 0.155641 -0.057790
-0.231924 0.092767 -0.035897
-0.195989 0.120309 -0.093082
-0.098752 0.171219 0.025712
-0.224304 0.228297 -0.039363
-0.173500 0.157697 -0.051673
-0.160522 0.153022 -0.017375
-0.045696 0.136341 -0.037251
-0.138269 0.082793 0.019337
-0.174325 0.188591 -0.020443
-0.125257 0.124204 0.130410
-0.139776 0.053992 0.000509
-0.101133 0.151536 0.015185
-0.151480 0.156856 0.081947
-0.174503 0.193561 -0.042415
-0.253677 0.159001 0.030412
-0.235360 0.045840 0.090920
-0.227097 0.121029 0.020361
-0.122688 0.143097 -0.024810
-0.135040 0.144408 0.141131
-0.038495 0.167119 -0.064371
-0.125780 0.119784 -0.019080
-0.114152 0.159264 0.102092
-0.048757 0.128822 0.021547
-0.119145 0.145390 0.029681
-0.224257 0.228760 -0.061143
-0.218436 0.204348 -0.059052
-0.167344 0.220350 0.047364
-0.111967 0.171504 0.068392
-0.081409 0.180232 0.038486
-0.345611 0.234161 -0.009418
-0.168204 0.185153 -0.040122
-0.007968 0.205190 -0.067672
-0.281703 0.224952 -0.023053
-0.040569 0.173784 -0.018362
-0.226188 0.182633 0.068502
-0.062627 0.194092 0.041885
-0.145825 0.190520 0.021366
-0.167726 0.135068 -0.002234
0.023794 0.073137 -0.005080
-0.240680 0.137961 0.009905
-0.180831 0.134879 0.042600
-0.193627 0.135295 -0.015390
-0.104404 0.196614 -0.055314
-0.153842 0.101005 0.078155
-0.154597 0.229997 0.015792
-0.080909 0.236527 0.069046
-0.145914 0.070137 0.038629
-0.107138 0.237109 -0.025725
-0.221509 0.168030 0.044580
-0.053286 0.234876 -0.068742
-0.023751 0.107146 -0.004233
-0.167321 0.166331 0.003780
-0.113013 0.147549 0.068474
-0.077212 0.129420 -0.016574
-0.072573 0.217982 0.002610
-0.080364 0.124736 0.011189
-0.178085 0.160025 -0.037639
-0.141471 0.253840 0.090020
-0.186443 0.088017 -0.015470
-0.105232 0.127223 0.008803
-0.241927 0.199275 -0.007867
-0.324165 0.174612 0.014740
-0.112884 0.286027 -0.098130
-0.100103 0.169494 -0.011688
-0.167074 0.196402 -0.033934
-0.273354 0.143918 -0.009841
-0.191149 0.148513 0.063600
-0.228014 0.212725 -0.053541
-0.113608 0.165946 -0.035299
-0.189357 0.145146 0.083897
-0.159917 0.147108 -0.046747
-0.231187 0.119704 -0.067855
-0.146164 0.191248 -0.042971
0.009489 0.132836 0.051629
-0.216750 0.235922 0.099020
-0.144026 0.050741 0.081308
-0.187661 0.190213 0.047227
-0.148637 0.081858 -0.006004
-0.186906 0.069090 0.011253
-0.112522 0.082454 0.055451
-0.293458 0.294495 0.004364
-0.179543 0.211663 -0.016750
-0.224947 0.267908 0.011489
-0.247462 0.161289 -0.006215
-0.150396 0.195142 0.016097
-0.255746 0.347435 -0.067745
-0.164058 0.184812 -0.057559
-0.134747 0.149208 0.044798
-0.365669 0.079472 0.010642
-0.231305 0.220503 -0.013654
-0.203012 0.126274 0.046615
-0.116551 0.077993 0.081298
-0.152991 0.176504 0.078490
0.033471 0.088300 -0.057161
-0.230580 0.138945 0.034950
-0.237317 0.140634 0.074174
-0.254419 0.227646 -0.055993
-0.134204 0.101419 0.052018
-0.121803 0.227225 0.010554
-0.117566 0.077259 0.076852
-0.323933 0.183426 -0.016259
-0.186858 0.214887 0.009128
-0.169870 0.132923 -0.053321
-0.164234 0.246555 0.068976
-0.135942 0.055153 0.109304
0.026315 0.109478 0.095806
-0.241679 0.246845 0.100200
-0.196517 0.167928 -0.024996
-0.183231 0.080355 0.109197
-0.115104 0.236352 0.067168
-0.147530 0.168936 0.037969
-0.082725 0.085817 0.003527
-0.204365 0.129340 0.061618
-0.135073 0.096568 0.063421
-0.166398 0.128857 0.120395
-0.192347 0.211469 0.031448
-0.022936 0.217465 0.047914
-0.231371 0.129481 0.045500
-0.144242 0.168540 0.024719
-0.330306 0.301505 0.059365
-0.167022 0.247731 -0.024969
-0.140693 0.049658 -0.049238
-0.161177 0.129980 -0.073695
-0.194754 0.164405 0.106095
-0.026458 0.108465 0.024987
-0.125620 0.141050 0.001014
-0.087414 0.024764 0.036739
-0.179852 0.157085 -0.058520
-0.171567 0.246330 0.034043
-0.207667 0.091287 -0.042634
-0.286931 0.280160 -0.020635
-0.136500 0.181495 -0.014610
-0.058080 0.211987 0.002948
-0.011957 0.207074 -0.108063
-0.126999 0.171891 -0.023937
-0.051525 0.092679 0.105048
-0.104002 0.244378 0.027735
-0.066042 0.127299 0.072576
-0.193323 0.222703 0.007340
-0.263449 0.258607 0.025144
-0.195485 0.203718 0.065868
-0.103553 0.052051 0.072964
-0.318914 0.182722 0.039069
-0.158834 0.178331 -0.103468
-0.114335 0.131798 -0.025112
-0.199151 0.225492 0.022467
-0.261700 0.072740 -0.061962
-0.124234 0.147111 0.040552
-0.098190 0.137878 -0.038274
-0.187863 0.113093 -0.007818
-0.178321 0.308722 0.023622
-0.280419 0.120684 0.037363
-0.227114 0.242772 -0.002397
-0.143517 0.113345 0.116788
-0.053851 0.155862 0.084189
-0.262027 0.129026 0.062468
-0.152747 0.216496 0.036106
-0.237684 0.239077 0.080969
-0.024038 0.198854 0.098367
-0.135168 0.206545 0.057368
-0.239011 0.138745 0.118419
-0.192216 0.237340 -0.018722
-0.033646 0.198719 -0.011955
-0.150839 0.266966 0.104380
-0.174053 0.137253 -0.003336
-0.114089 0.244624 -0.022758
-0.129077 0.092984 0.089214
-0.079800 0.031319 0.017877
-0.127981 0.208079 -0.004590
-0.254658 0.192827 -0.067226
-0.048260 0.163585 -0.033080
-0.111737 0.143297 -0.042999
-0.100838 0.118653 -0.027282
-0.210419 0.062758 0.046405
-0.346372 0.280497 0.048025
-0.300785 0.168040 -0.079516
-0.259481 0.176085 0.068330
-0.102990 0.125208 -0.023405
-0.114947 0.121785 0.048965
-0.093647 0.244386 -0.004112
-0.169205 0.094593 -0.046461
-0.173572 0.030514 0.049182
-0.107592 0.097789 0.138754
-0.283081 0.297095 -0.004314
-0.077808 0.193426 0.069059
-0.177998 0.179870 0.074859
-0.208395 0.148925 -0.048133
-0.120930 0.089220 0.059207
-0.226581 0.222388 -0.020576
-0.138758 0.091231 0.088737
-0.175179 0.176830 0.014408
-0.161485 0.178685 0.067026
-0.203616 0.285834 0.000194
-0.209542 0.168508 -0.027103
-0.114623 0.218600 0.026715
-0.274707 0.069771 -0.051275
-0.140059 0.153199 0.154774
-0.100534 0.168130 -0.056167
-0.083535 0.115955 0.030793
-0.226602 0.238103 0.029128
-0.164651 0.164748 -0.001070
-0.063888 0.253960 0.031922
-0.141933 0.160624 -0.040241
-0.303281 0.090010 -0.074414
-0.106996 0.083650 0.151325
-0.173087 0.167681 -0.058805
-0.151257 0.129133 -0.029282
-0.118345 0.085031 0.029636
0.000081 0.198485 0.008048
-0.194690 0.110334 0.020215
-0.068317 0.055384 0.068664
-0.196952 0.170895 0.043965
-0.135106 0.176854 0.016856
-0.179019 0.094391 0.138345
-0.180312 0.098847 0.033339
-0.119005 0.110458 -0.001829
-0.113869 0.259100 0.038820
-0.259463 0.151860 0.032849
-0.203742 0.164625 0.047881
-0.156162 0.199303 -0.045555
-0.107894 0.127271 -0.074939
-0.036602 0.124694 0.055563
-0.133876 0.192289 -0.002711
-0.205810 0.254137 0.030839
-0.177053 0.151920 0.064269
-0.184668 0.066115 0.062190
-0.201576 0.307031 0.026254
-0.256356 0.264596 0.004792
-0.261905 0.154806 -0.071160
-0.003165 0.201171 -0.007238
-0.195359 0.196801 0.122725
-0.073846 0.170276 0.012944
-0.100463 0.109424 0.002362
-0.116311 0.206479 0.030581
-0.168722 0.184882 0.020887
-0.009670 0.041423 0.115120
-0.145745 0.179977 0.005712
-0.189350 0.239646 -0.057970
-0.101601 0.152564 -0.008369
-0.015712 0.162187 -0.031726
-0.142369 0.094299 0.016313
-0.281103 0.129622 0.004598
-0.118288 0.133602 0.023644
-0.184497 0.028681 0.080797
-0.207289 0.139301 -0.032174
-0.129620 0.144264 0.066418
-0.191299 0.109913 0.058121
-0.192252 0.153690 -0.036633
-0.205389 0.130871 0.027004
-0.160348 0.074971 -0.026026
-0.104038 0.072435 -0.014849
-0.289485 0.166001 0.016656
-0.276911 0.130851 0.025309
-0.317727 0.217024 0.062712
-0.199300 0.081371 0.071905
-0.195934 0.235073 0.108619
-0.309828 0.201256 -0.021548
-0.178660 0.133558 0.082809
-0.232700 0.193032 0.024811
-0.134602 0.103374 -0.048985
-0.235566 0.150130 0.038972
-0.235233 0.132404 0.099281
-0.197722 0.013086 -0.012816
-0.131901 0.196253 -0.031974
-0.263396 0.230109 -0.025145
-0.112597 0.181232 -0.014320
-0.357390 0.080499 0.060347
-0.117332 0.242722 -0.009481
-0.258337 0.208000 -0.068579
-0.230307 0.187085 -0.055188
-0.124647 0.138488 0.038691
-0.146814 0.225450 0.122647
-0.216330 0.186070 -0.045488
-0.142276 0.222168 0.022454
-0.104018 0.105125 0.025341
-0.152793 0.187465 0.064432
-0.156078 0.093580 -0.025845
-0.201306 0.244187 0.023107
-0.110796 0.165324 0.059761
-0.165900 0.176438 -0.007949
-0.153421 0.125790 0.035340
-0.024792 0.157738 -0.055324
-0.059840 0.225100 0.094807
-0.288827 0.051233 -0.164992
-0.099855 0.162252 -0.108517
-0.121457 0.290791 0.035075
-0.262317 0.217671 -0.014645
-0.235744 0.127391 -0.032227
-0.201708 0.185447 -0.012355
-0.178565 0.168211 0.050094
0.000749 0.142413 -0.005110
-0.028911 0.293842 0.026044
-0.104039 0.139119 0.099966
-0.109652 0.133059 0.039506
-0.249029 0.134973 0.071797
-0.026454 0.261227 0.041353
-0.372652 0.206590 -0.057500
-0.099464 0.072415 0.026869
-0.202799 0.152745 -0.085291
-0.170520 0.061718 -0.015283
-0.108101 0.336450 0.019957
-0.170680 0.155175 0.020308
-0.198779 0.162895 -0.002603
-0.089791 0.034429 0.079352
-0.058773 0.190156 0.048947
-0.126824 0.057845 0.078339
-0.240509 0.221587 -0.020984
-0.038339 0.171430 0.024602
-0.148083 0.106726 0.077087
-0.245065 0.114410 -0.078951
-0.243860 0.193343 -0.007223
-0.218948 0.176771 0.014583
-0.148999 0.053719 0.062177
-0.087382 0.145099 0.026943
0.035862 0.115256 0.001675
-0.274949 0.133985 0.061531
-0.146367 0.239646 0.036577
-0.128524 0.176171 -0.055973
-0.090702 0.145202 0.010993
-0.203322 0.187571 0.015230
-0.089157 0.179794 0.048093
-0.122945 0.145192 0.016358
-0.181430 0.161535 0.004761
-0.408061 0.131209 -0.019165
-0.124100 0.125595 0.066286
-0.180652 0.155011 0.044456
-0.096254 0.187399 0.047335
-0.334852 0.180669 0.017516
-0.198554 0.194832 0.081633
-0.237137 0.159694 -0.099123
-0.173959 0.093428 0.056906
-0.309142 0.219364 -0.072808
-0.044169 0.222294 -0.141370
-0.277453 0.143559 0.027108
-0.149430 0.142157 0.027927
-0.112322 0.112768 0.035830
-0.128518 0.232982 -0.004078
-0.112899 0.141309 -0.010296
-0.178469 0.225578 0.066992
-0.111284 0.090660 0.040158
-0.255770 0.235147 0.026909
-0.218398 0.113673 -0.053577
-0.093653 0.169535 -0.013598
-0.173855 0.171710 -0.119396
-0.153022 0.134644 0.053303
0.035684 0.135005 0.013478
-0.202305 0.200077 -0.060915
-0.326137 0.154510 0.115209
-0.225024 0.225976 -0.081950
-0.138570 0.208260 0.064228
-0.136083 0.237255 0.118036
-0.152952 0.245805 0.028264
-0.209107 0.227749 0.007551
-0.276692 0.117009 0.019041
-0.133457 0.236913 -0.009016
0.006569 0.089840 -0.042939
-0.199217 0.004585 -0.007315
-0.112962 0.076903 0.041335
-0.179763 0.236827 0.070919
-0.194444 0.175885 0.005436
-0.199379 0.203112 -0.021466
-0.123684 0.111711 0.014509
-0.238600 0.197961 0.025537
-0.249076 0.162000 0.016952
-0.181510 0.134907 0.097740
-0.236535 0.150732 -0.105188
-0.138200 0.172716 0.006280
-0.205121 0.233858 -0.077194
-0.007521 0.143996 0.068169
-0.290689 0.139194 0.009020
-0.288948 0.247368 -0.066425
-0.135401 0.113846 -0.073499
-0.184212 0.235279 0.060194
-0.044421 0.181769 -0.048578
-0.347825 0.141766 -0.061886
-0.228071 0.037885 0.082422
-0.232441 0.209408 -0.037136
-0.255393 0.045699 -0.002488
-0.136547 0.069246 -0.067765
-0.198929 0.237386 0.054506
-0.181169 0.212853 -0.045780
-0.145778 0.121116 0.122780
-0.183625 0.179957 0.051611
-0.178781 0.335285 -0.016583
-0.082735 0.170139 -0.092375
-0.002143 0.204930 -0.133423
-0.214640 0.160835 -0.062938
-0.278595 0.182866 0.028285
-0.073931 0.009165 0.041954
-0.093331 0.188920 0.032514
-0.070601 0.186644 -0.014017
-0.101437 0.184160 0.048059
-0.196390 0.084768 0.077910
-0.218288 0.105307 -0.031882
-0.213894 -0.017842 -0.004418
-0.181000 0.131719 -0.019869
-0.188816 0.195233 -0.055816
-0.204480 0.084115 -0.072486
-0.179478 0.241535 0.092536
-0.234343 0.194544 0.040688
-0.177795 0.109807 -0.054690
-0.174178 0.230982 -0.076870
-0.245766 0.134358 0.124105
-0.017701 0.176861 -0.011220
-0.094494 0.229488 -0.023368
-0.117526 0.220572 0.037800
-0.120247 0.159500 0.031855
-0.200911 0.204362 0.010473
-0.180570 0.125392 0.031621
-0.142606 0.165254 0.024440
-0.297334 0.194529 -0.016191
-0.118539 0.067252 -0.058194
-0.251854 0.254153 -0.020200
-0.183400 0.149671 -0.044559
-0.199005 0.240770 0.112793
-0.243280 0.146940 -0.130718
-0.154656 0.161188 -0.112548
-0.044022 0.260059 -0.041318
-0.241033 0.204443 -0.009170
-0.269745 0.188394 0.025966
-0.076561 0.169553 -0.027393
-0.124812 0.129211 -0.064424
-0.286166 0.124471 0.070935
-0.107233 0.117564 0.044704
-0.103023 0.048800 0.026467
-0.319833 0.110453 -0.016685
-0.213681 0.117448 0.059063
-0.169537 0.140960 -0.026097
-0.214763 0.232775 -0.023988
-0.202477 0.120328 -0.020240
-0.047533 0.239139 -0.112018
-0.158996 0.223242 0.126831
-0.197000 0.165762 -0.073255
-0.138009 0.141754 -0.026231
-0.275870 0.239029 -0.063425
-0.091352 0.277156 0.019028
-0.164075 0.239173 0.006570
-0.191301 0.155900 -0.016677
-0.219872 0.255806 -0.091293
-0.157016 0.145401 0.012856
-0.180475 0.179835 0.081847
-0.168051 0.072332 0.067044
-0.103383 0.059080 -0.104860
-0.046221 0.156328 -0.032056
-0.131145 0.195466 0.129461
-0.116459 0.199354 0.013569
-0.170876 0.181229 0.030903
-0.073932 -0.018901 0.119134
-0.181190 0.140675 -0.017905
-0.184294 0.158156 -0.062772
-0.009864 0.157042 0.040983
-0.118426 0.314286 -0.043222
-0.230468 0.209842 -0.068772
-0.191482 0.151807 0.008787
-0.188223 0.053362 0.010844
-0.201905 0.167438 0.058030
-0.140160 0.097607 0.138611
-0.059525 0.149662 0.067609
-0.174985 0.203558 0.017069
-0.184686 0.149478 -0.002276
-0.136916 0.169284 -0.068035
-0.193536 0.189869 -0.048573
-0.162362 0.218804 -0.091050
-0.249852 0.205846 -0.064858
-0.340187 0.250904 -0.060317
-0.170361 0.190697 -0.112740
-0.072092 0.158128 0.042878
-0.213402 0.219655 0.101272
-0.237606 0.188332 0.022837
-0.154240 0.070908 0.026418
-0.154094 0.208118 0.017096
-0.173091 0.197285 -0.066579
-0.116119 0.105248 0.061761
-0.224662 0.020963 0.052107
-0.158532 0.057639 0.073394
-0.187573 0.054478 0.094244
-0.278385 -0.033231 -0.108035
-0.163777 0.068019 -0.111596
-0.086729 0.119923 0.049385
-0.233667 0.165442 0.000772
-0.222711 0.186117 0.056504
-0.133861 0.132237 0.092993
-0.319536 0.255593 0.061010
-0.130904 -0.000934 0.052511
-0.120687 0.137892 0.062066
-0.064277 0.096038 0.079524
-0.164800 0.199906 0.015050
-0.208761 0.220636 -0.046372
-0.260010 0.090447 -0.035380
-0.224744 0.061454 -0.118410
-0.241598 0.201772 0.033172
-0.182876 0.254517 0.001106
-0.197262 0.168384 -0.034234
-0.198965 0.154458 -0.039796
-0.281652 0.256797 0.063188
-0.095925 0.206486 0.083052
-0.127405 0.075896 0.089441
-0.115108 0.309220 -0.058618
-0.194488 0.171114 0.079774
-0.185321 0.134146 0.091495
-0.180835 0.142142 -0.008476
-0.104370 0.343842 -0.080026
-0.098155 0.231197 0.049966
-0.194214 0.160356 0.008943
-0.165876 0.158766 0.122924
-0.288929 0.149473 0.134151
-0.066853 0.054775 0.080329
-0.156224 0.170335 -0.046943
-0.150568 0.200208 -0.060651
-0.193309 0.157538 -0.038280
-0.174577 0.119108 -0.030607
-0.221288 0.117110 0.113341
-0.159926 0.174018 0.040214
-0.139882 0.209113 -0.012462
-0.041856 0.184210 -0.029450
-0.305591 0.253293 0.002140
-0.038851 0.144202 0.058045
-0.179481 0.159643 0.039926
-0.189283 0.173367 0.072322
-0.239918 0.233144 -0.114303
-0.202490 0.170481 -0.039475
-0.105532 -0.026177 0.007005
-0.154186 0.157316 0.100945
-0.179326 0.141075 -0.125306
-0.077081 0.150335 0.063686
-0.330439 0.122303 0.056078
-0.137490 0.147746 -0.016357
-0.109356 0.132533 0.025837
-0.276302 0.132840 0.016293
-0.222829 0.145415 0.033966
-0.269443 0.075995 0.026973
-0.132027 0.089989 -0.041735
-0.053938 0.091142 0.066590
-0.168418 0.155179 -0.058640
-0.128457 0.133093 0.052586
-0.180069 0.209802 0.004318
-0.140811 0.335869 -0.040524
-0.162740 0.210086 0.033025
-0.223727 0.227730 -0.026439
-0.140493 0.220509 0.089309
-0.243469 0.125436 0.020110
-0.023604 0.091333 0.027918
-0.155911 0.234556 -0.031005
-0.231578 0.059319 0.068363
-0.250437 0.266922 -0.011683
-0.232289 0.249216 0.030824
-0.210370 0.160429 -0.124452
-0.185203 0.158717 -0.003650
-0.122561 0.228787 0.056962
-0.139482 0.207128 0.051054
-0.201334 0.280730 -0.070856
-0.304603 0.108067 0.070509
-0.235467 0.143190 0.028164
-0.116138 0.188601 0.009517
-0.202407 0.193760 -0.011333
-0.191952 0.144779 0.002380
-0.033859 0.106873 -0.036234
-0.141063 0.081223 0.017512
-0.151004 0.255679 -0.004451
-0.231657 0.184346 -0.098654
-0.204929 0.084573 -0.061372
-0.211011 0.091504 0.049550
-0.211359 0.231526 -0.040420
-0.206550 0.077232 0.081050
-0.129812 0.215477 0.103336
-0.272453 0.190894 -0.031972
-0.165112 0.064205 0.080463
-0.191562 0.235111 0.026557
-0.109400 -0.048975 -0.120826
0.066233 0.047943 -0.088343
0.114531 -0.042765 -0.195751
0.009185 0.021987 -0.088597
0.121338 0.024345 -0.135283
-0.049615 -0.083450 -0.103473
0.006050 -0.046324 -0.091240
0.025611 -0.107013 -0.085461
-0.156015 -0.048771 -0.072306
0.042394 -0.020542 -0.094992
-0.018825 0.003521 -0.119334
0.097360 -0.040032 -0.117129
0.021465 -0.086137 -0.094780
0.060706 0.000799 -0.082943
-0.039368 -0.147881 -0.058399
0.007204 -0.092417 -0.174038
0.069603 -0.017937 -0.188446
0.012141 -0.018457 -0.115938
-0.043773 -0.045469 -0.089676
0.121826 -0.042719 -0.147218
-0.028879 -0.069269 -0.144893
0.056642 -0.103841 -0.147687
0.024070 -0.080587 -0.118856
-0.035860 -0.059939 -0.113628
0.107611 -0.015603 -0.044140
0.037369 -0.059064 -0.070252
0.136275 -0.021242 -0.181375
0.024485 -0.009372 -0.038254
-0.007029 -0.049834 -0.190356
0.001005 -0.072902 -0.146805
0.019486 -0.111603 -0.040734
-0.006999 -0.050116 -0.109415
0.056807 -0.047555 -0.123691
0.013538 -0.085762 -0.054848
0.141772 -0.053176 -0.096387
-0.021730 -0.063714 -0.116181
0.054899 -0.074601 -0.120787
0.120140 0.005859 -0.139931
0.082024 -0.053421 -0.172522
0.019405 0.017931 -0.107865
-0.025499 -0.061503 -0.142409
0.022393 -0.012097 -0.080177
0.079299 -0.042660 -0.105763
0.019877 -0.008115 -0.121582
-0.100029 -0.078226 -0.094663
0.026556 0.000164 -0.088995
0.120505 -0.027347 -0.072679
0.062609 -0.050585 -0.139530
0.051264 -0.004456 -0.132572
0.081881 -0.017906 -0.132664
0.165058 -0.079137 -0.055686
0.075858 -0.034440 -0.177419
0.163677 -0.051178 -0.138639
0.226891 -0.070789 -0.175726
0.038305 -0.060846 -0.202197
0.041897 -0.107135 -0.081924
-0.022638 -0.083752 -0.034592
0.068306 -0.028078 -0.155249
0.039986 -0.051378 -0.052719
-0.007380 -0.087409 -0.159100
0.055349 0.000380 -0.131807
-0.009277 -0.005037 -0.049249
0.057213 -0.121733 -0.149482
0.125011 -0.053929 -0.084998
-0.015350 -0.089534 -0.232934
0.094854 -0.064936 -0.113813
0.041019 -0.032831 -0.190611
0.044013 0.004695 -0.179336
-0.017135 -0.050528 -0.062887
0.101904 0.006754 -0.079116
0.028630 -0.004764 -0.114152
0.014349 -0.063933 -0.124815
-0.015281 -0.059899 -0.140348
0.056536 -0.116636 -0.085764
-0.074781 -0.098419 -0.172581
-0.037353 -0.070612 -0.133369
-0.005186 -0.042532 -0.088345
0.018266 -0.007830 -0.151626
0.019253 -0.040579 -0.140005
0.082181 -0.022054 -0.097698
0.006225 -0.084916 -0.056737
0.100656 -0.061590 -0.131737
0.001521 -0.061189 -0.159529
0.068632 -0.007234 -0.105953
-0.009506 -0.087742 -0.128159
0.020463 -0.084349 -0.185116
0.066777 -0.045777 -0.093307
0.069177 -0.023956 -0.104505
0.076716 -0.049173 -0.053791
-0.006135 0.002543 -0.179896
-0.004865 -0.048874 -0.148761
0.039733 -0.092344 -0.245530
0.032747 -0.005484 -0.050365
0.116647 -0.062959 -0.055304
0.080056 0.003717 -0.160351
0.118991 -0.019170 -0.095511
0.085819 -0.034814 -0.190116
-0.018228 -0.095135 -0.099383
0.042972 -0.060998 -0.135605
0.114006 -0.040710 -0.099176
0.060184 -0.022857 -0.166504
0.033292 -0.062615 -0.067513
0.027554 -0.078073 -0.124401
0.031708 -0.044618 -0.131244
0.062323 -0.014781 -0.157678
0.138416 -0.062745 -0.080964
-0.035089 0.021679 -0.135818
-0.000111 -0.074498 -0.089003
0.053470 -0.025018 -0.009031
0.057164 -0.030085 -0.113429
-0.078481 -0.028428 -0.075849
0.055569 -0.059332 -0.170985
0.096395 -0.064521 -0.110390
0.053630 -0.059572 -0.175794
0.070465 -0.032612 -0.095274
0.091697 -0.063772 -0.140232
0.051953 0.017300 -0.140185
0.114498 -0.042955 -0.142292
0.044461 -0.059711 -0.132085
0.008369 -0.059014 -0.057764
0.080166 -0.059353 -0.131805
0.165306 -0.059683 -0.138675
0.093329 0.021526 -0.039422
0.065549 -0.027081 -0.067398
0.115460 -0.092249 -0.113595
0.059094 -0.092689 -0.114152
-0.110625 -0.124188 -0.023595
0.049781 -0.036226 -0.051926
0.168686 -0.130674 -0.114530
-0.026626 0.003112 -0.064700
0.138973 -0.072608 -0.122404
0.084401 -0.056069 -0.062552
0.073875 0.004737 -0.021671
0.107805 -0.030186 -0.100337
-0.045515 -0.013488 -0.144339
0.188000 -0.054463 -0.089970
0.102141 -0.092981 -0.105364
-0.040979 0.021903 -0.141077
-0.031637 -0.076200 -0.102635
0.056527 -0.073566 -0.122355
0.088443 -0.038461 -0.128073
-0.026221 -0.033984 -0.134024
-0.021406 -0.109740 -0.101015
0.063448 -0.030324 -0.096587
0.011111 -0.063855 -0.087648
0.034631 -0.053698 -0.180055
0.086904 -0.009276 -0.124524
0.122344 -0.121681 -0.096468
0.081526 -0.023669 0.002875
-0.029108 -0.037190 -0.133299
-0.052420 -0.035446 -0.107288
0.015166 -0.089665 -0.095373
-0.041341 -0.097167 0.005692
0.074641 -0.080279 -0.162898
0.088839 -0.105815 0.019104
0.057564 -0.029693 -0.133933
0.118064 0.023048 -0.035082
0.036586 -0.031111 -0.049930
-0.002757 -0.103962 -0.215380
0.029117 -0.014037 -0.061249
0.010347 -0.104196 -0.095901
-0.029905 -0.009186 -0.062129
-0.111558 -0.077964 -0.172360
0.021032 0.016388 -0.148835
0.152923 -0.126793 -0.110113
0.085217 -0.067786 -0.097485
0.001996 -0.046954 -0.079037
0.062946 -0.025652 -0.104768
0.117524 0.001463 0.002454
0.032741 -0.099028 -0.059752
-0.023494 0.011186 -0.201736
-0.006089 -0.083844 -0.051426
0.044676 -0.078662 -0.106374
0.007778 -0.048715 -0.176724
0.081076 -0.012278 -0.152867
0.067467 -0.105555 -0.157365
0.123561 -0.104475 -0.077395
-0.045649 -0.035579 -0.129179
0.114590 -0.068487 -0.069088
0.042658 -0.067234 -0.079733
0.140461 -0.026472 -0.089066
0.006574 -0.035764 -0.116744
0.078779 -0.027278 -0.049438
-0.033448 -0.030938 -0.178043
0.010540 -0.103698 -0.132119
0.033026 -0.055622 -0.122097
0.014751 -0.147052 -0.141923
0.024546 -0.064812 -0.146290
0.000988 -0.055915 -0.055558
0.048106 -0.029491 -0.071404
0.063850 -0.025054 -0.068005
0.054131 -0.062540 -0.171619
0.044733 -0.102603 0.003168
0.094102 -0.144286 -0.070002
0.060105 -0.026667 -0.113745
0.063720 -0.028914 -0.154707
0.101553 -0.078643 -0.082548
0.037586 -0.052692 -0.173677
0.096772 -0.093136 -0.118089
0.037347 -0.021663 -0.162502
0.063655 -0.047424 -0.108708
0.045476 -0.117525 -0.070318
0.098913 -0.025259 -0.103080
-0.006442 -0.005600 0.005126
0.064339 -0.072477 -0.071939
0.090284 -0.061855 -0.084447
0.019471 -0.098356 -0.085815
0.183040 -0.116200 -0.094118
0.001005 -0.028449 -0.053096
0.119083 -0.033324 -0.022157
0.000599 -0.050631 -0.179646
0.122649 -0.061783 -0.004821
0.139464 -0.094486 -0.092423
0.070510 -0.085759 -0.046273
0.031858 -0.024324 -0.151794
0.059872 -0.090833 -0.138849
-0.009691 -0.068559 -0.189192
-0.105092 -0.026693 -0.087168
0.024964 -0.030314 -0.109110
0.041852 -0.130852 -0.156261
-0.013230 -0.080195 -0.121183
0.069004 -0.057646 -0.050626
0.045015 -0.107052 -0.063642
0.046256 -0.091162 -0.056733
0.131453 -0.021268 -0.078647
0.057748 -0.035170 -0.078576
-0.015341 -0.017172 -0.063089
0.041437 -0.044007 -0.109221
0.046804 -0.048834 -0.225050
0.048745 -0.120488 -0.039891
0.073918 -0.011927 -0.092251
0.018643 -0.042703 -0.093757
0.017223 -0.008821 -0.053694
-0.019125 -0.088578 -0.130784
0.142791 -0.095927 -0.106770
0.093509 -0.035776 -0.100736
0.126966 -0.027203 -0.145653
0.056912 -0.074625 -0.173899
0.098387 -0.109392 -0.074011
0.048904 -0.001843 -0.165765
0.001792 -0.111021 -0.052287
0.096140 -0.031605 -0.152632
0.072830 -0.126452 -0.048651
0.067671 -0.019529 -0.162110
0.053572 0.009401 -0.219002
0.094905 -0.026735 -0.078122
-0.005860 -0.087681 -0.102502
0.108118 -0.105423 -0.069791
0.028298 -0.040012 -0.012035
0.058481 -0.054201 -0.075190
0.102862 -0.023173 -0.134422
0.112319 -0.078488 0.005038
0.039013 -0.012278 -0.134828
0.062340 -0.062665 -0.098014
-0.017217 -0.103668 -0.076464
0.000834 -0.071135 -0.085777
0.116904 -0.055295 -0.184591
-0.000735 0.019183 -0.058525
0.005327 -0.087372 -0.107098
0.108820 -0.035200 -0.096467
-0.020005 -0.084347 -0.050683
0.096532 -0.028958 -0.089867
0.006287 -0.056900 -0.135639
0.111996 0.022477 -0.151960
0.026636 -0.057272 -0.053509
-0.066368 -0.078848 -0.109511
0.086683 -0.059406 -0.124603
-0.061031 -0.061755 -0.063522
-0.022484 -0.078891 -0.133750
0.021446 -0.023311 -0.032453
-0.008645 0.007337 -0.141227
0.063305 -0.005483 -0.030794
0.152031 -0.036808 -0.106360
0.035909 -0.062259 -0.188911
0.114270 -0.063231 -0.137474
0.109780 -0.109037 -0.142920
-0.044585 -0.163349 -0.071217
0.106124 -0.154770 -0.116369
0.042245 -0.078774 -0.124977
-0.019750 0.010178 -0.148709
0.060435 -0.072850 -0.103975
-0.032902 -0.124945 -0.078871
0.017213 -0.061906 -0.092938
-0.061173 -0.010377 -0.002697
0.028843 -0.094442 -0.170493
0.009807 0.002727 -0.147529
0.041734 -0.103666 -0.098143
0.087511 -0.041221 -0.119197
-0.001947 -0.078216 -0.206907
0.131542 -0.053645 -0.098525
-0.074769 -0.025446 -0.128038
0.003884 -0.029928 -0.050246
-0.030613 -0.084270 -0.078151
0.149840 -0.116367 -0.089774
0.073515 -0.097502 -0.042824
0.070616 -0.094502 -0.037617
0.150269 -0.104364 -0.057712
-0.004650 -0.008151 -0.124272
0.058020 -0.084188 0.008430
0.008112 -0.012215 -0.085553
0.044230 -0.089486 -0.058482
0.064408 -0.034188 -0.029385
0.002513 -0.062744 -0.120796
0.007003 -0.011731 -0.148229
0.062525 -0.045358 -0.088780
-0.081904 -0.063464 -0.030230
0.046382 -0.069415 -0.108778
0.048425 -0.001952 -0.104609
-0.063416 -0.010351 -0.058890
0.118063 -0.085017 -0.067737
0.168410 -0.071407 -0.104072
0.031865 -0.019354 -0.088339
0.079480 -0.067426 -0.084790
0.144346 -0.082211 -0.149609
0.059618 -0.084816 -0.100432
0.028955 -0.073316 -0.121537
0.016197 -0.121601 -0.041548
0.001374 -0.047651 -0.226711
0.004076 -0.059543 -0.061008
0.000326 -0.048580 -0.098130
-0.011052 -0.053089 -0.064691
0.099349 -0.016917 -0.158927
-0.056685 -0.052733 -0.146107
-0.031711 -0.037090 -0.140859
0.075841 -0.071585 -0.119354
0.040718 -0.049474 -0.041219
0.062312 -0.061689 -0.191771
0.069102 -0.047538 -0.049469
0.016521 -0.034912 -0.117064
0.066882 -0.087072 -0.099976
0.068279 -0.037504 -0.103703
0.004654 -0.104120 -0.093499
-0.026039 -0.059595 -0.148130
0.096969 -0.070219 -0.123351
0.050938 -0.116200 -0.132470
0.060018 -0.057358 -0.131692
-0.012525 0.009219 -0.098460
0.049876 -0.037307 -0.168969
-0.051632 -0.036160 -0.042968
-0.009011 -0.111060 -0.140746
-0.007136 -0.056946 -0.078379
0.020270 -0.016638 -0.120010
0.023161 -0.029509 -0.126355
0.142773 -0.026701 -0.055116
0.118714 -0.096501 -0.120287
-0.071859 -0.089990 -0.117832
-0.017173 -0.080519 -0.101109
-0.059959 -0.040250 0.010904
0.116405 -0.034280 -0.166315
-0.050513 -0.007967 -0.210684
-0.101469 -0.040239 -0.187469
0.004504 0.030434 -0.194093
0.042667 -0.041747 -0.135481
0.019625 -0.022786 -0.247488
-0.034179 -0.063417 -0.060259
0.081901 -0.104355 -0.110698
0.099403 -0.023792 -0.094245
0.025950 -0.000313 -0.250721
0.178725 -0.079867 -0.028066
0.120542 -0.082416 -0.140266
-0.038875 -0.082341 -0.106173
0.104085 -0.123764 -0.142756
-0.045404 -0.104392 -0.025915
0.042022 -0.107418 -0.048533
0.097935 -0.027031 -0.108561
0.024257 -0.015066 -0.138600
0.026630 -0.034619 -0.091638
-0.054051 -0.070225 -0.095450
0.115000 -0.069816 -0.066597
0.047600 -0.103402 -0.070278
0.035932 0.003793 -0.144692
0.002128 -0.108452 -0.131052
0.050012 -0.035892 -0.134196
0.116377 -0.037335 -0.077843
0.081638 -0.001682 -0.107371
0.147811 -0.043795 -0.109990
0.021609 -0.003300 -0.158598
0.017417 -0.054886 -0.118759
0.058529 -0.013820 -0.132593
-0.026825 -0.067620 -0.159174
0.089875 -0.020231 -0.135556
0.088368 -0.093088 -0.088178
0.015282 -0.031769 -0.148302
0.112008 -0.090446 -0.094247
0.013110 -0.020845 -0.203953
-0.031032 -0.121534 -0.158014
0.068452 -0.019466 -0.062931
0.133154 -0.012810 -0.096212
0.122062 -0.027239 -0.129077
0.164774 -0.076675 -0.061993
0.147449 -0.087578 -0.096630
0.021509 -0.012936 -0.008615
0.035818 -0.083743 -0.113299
0.174783 -0.083124 -0.102249
0.115815 -0.046570 -0.112381
0.056101 -0.070955 -0.057288
0.097708 -0.091864 -0.154085
0.011100 -0.106371 -0.059820
0.026413 -0.040574 -0.160760
0.091375 -0.018920 -0.105922
0.000819 -0.096010 -0.057914
0.091099 -0.007992 -0.111850
0.037590 -0.034429 -0.199702
0.045562 -0.007359 -0.155695
-0.005601 -0.116928 -0.157619
0.069232 0.004768 -0.121672
0.125537 0.199560 0.127359
0.049917 0.113731 0.126939
0.098776 0.231508 0.181166
0.069625 0.142287 0.121670
0.104407 0.067923 0.099126
0.231424 0.256018 0.166676
0.061943 0.181019 0.094397
0.177280 0.146065 0.116806
0.092182 0.149672 0.057756
0.130040 0.116694 0.130339
0.051012 0.175135 0.178257
0.139167 0.072536 0.212274
0.022246 0.225993 0.263305
0.041879 0.077934 0.160299
0.129466 0.075231 0.161794
0.028769 0.157203 0.121767
0.130258 0.104049 0.213036
0.033698 0.241641 0.226001
0.079127 0.073400 0.039219
0.251354 0.135297 0.129346
0.122740 0.207620 0.188548
0.087966 0.211868 0.164352
0.084020 0.206768 0.227960
0.036375 0.220192 0.230730
0.098186 0.169867 0.092537
0.113225 0.324387 0.094517
0.129834 0.214206 0.199153
0.154838 0.266191 0.310325
0.192206 0.263800 0.150142
0.047214 0.251564 0.121919
0.145996 0.150349 0.239746
0.058918 0.269612 0.242584
0.184054 0.178311 0.191742
0.152845 0.031332 0.066580
0.207711 0.224701 0.037968
0.180886 0.192742 0.254523
0.248219 0.207961 0.185902
0.170998 0.211904 0.106294
0.258406 0.191838 0.016639
0.220321 0.196046 0.057459
0.302862 0.193372 0.090034
0.036092 0.300004 0.076228
0.136663 0.229923 0.088291
0.250292 0.169479 0.126477
0.003815 0.181943 0.172005
0.026846 0.232381 0.131930
0.255771 0.086738 0.221667
0.188517 0.028534 0.132410
0.216126 0.213678 0.113977
0.075976 0.059192 0.133235
0.022404 0.194635 0.166899
0.105680 0.081743 0.253020
0.177002 0.101321 0.079979
0.171165 0.191080 -0.045268
0.139588 0.148391 0.148593
0.124723 0.238290 0.132856
0.272593 0.288625 0.235200
0.064766 0.107264 0.155020
0.197699 0.087894 0.066243
0.046682 0.072284 0.153865
0.208914 0.155747 0.129240
0.060467 0.146926 0.058828
0.086725 0.096947 0.109537
0.152308 0.211441 0.068616
0.137720 0.139708 0.236505
0.054344 0.299947 0.212481
0.101677 0.212225 0.151853
0.101089 0.200685 0.254936
0.060557 0.091309 0.194176
0.206461 0.021580 0.172732
-0.023318 0.107333 0.140246
0.171428 0.100865 0.235782
0.161108 0.098673 0.200892
0.171816 0.180544 0.086083
0.091903 0.130411 0.135841
0.084633 0.236067 0.007309
0.105451 0.245574 0.216858
0.048014 0.027732 0.177839
0.144879 0.308277 0.186241
0.104001 0.062351 0.290938
0.044507 0.333380 0.038916
0.170375 0.177495 0.113966
-0.012466 0.236505 0.201211
0.080019 -0.078958 0.330893
0.300043 0.181692 0.109944
0.009828 0.242351 0.196490
0.220182 0.254486 0.209996
0.033103 0.408942 0.130209
0.110102 0.236773 0.062053
0.134697 0.052711 0.150292
0.023043 0.192481 0.213317
0.241105 0.194935 0.320910
0.098735 0.182111 0.098428
0.195748 -0.003327 0.212118
0.131089 0.247469 0.188550
0.238678 0.039485 0.196036
0.082612 0.163994 0.209773
0.194449 0.159058 0.157147
0.209961 0.115735 0.220458
0.166560 0.208778 0.052783
0.006853 0.141475 0.138016
0.041707 0.225480 0.130224
0.201101 0.051808 0.136588
0.105140 0.108816 0.042820
0.073490 0.185590 0.135701
0.196065 0.053369 0.194838
0.090095 0.088354 0.079027
0.051109 -0.002858 0.193550
-0.002199 -0.046537 0.122798
0.225275 0.042207 0.128829
0.234968 0.066256 0.169585
0.062758 0.134574 0.200887
0.077351 0.184225 0.288696
0.075337 0.243435 0.098373
0.045316 -0.062732 0.187999
0.258447 0.139731 0.108155
0.050883 0.180759 0.152996
0.181543 0.079821 0.199441
0.344705 0.179218 0.123460
0.103935 0.200910 0.100466
0.148058 0.138399 0.085196
0.203701 0.190850 0.071297
0.217786 0.174417 0.150039
0.166097 0.163448 0.212321
0.101802 0.223277 0.020067
0.113504 0.080601 0.255380
0.160941 0.177549 0.260143
0.190516 0.223998 0.047790
0.155990 0.081537 0.150632
0.112142 0.265767 0.022891
0.098634 0.091724 0.112602
0.063376 0.166323 0.150403
0.186066 0.117209 0.154907
0.163494 0.091611 0.059984
0.161589 0.104370 0.138055
0.082050 0.324278 0.179381
0.099559 0.074347 0.181946
0.102288 0.282494 0.056767
0.225604 0.100882 0.109415
0.073643 0.258753 0.184593
0.128452 0.120231 0.246035
0.260047 0.035635 0.224251
0.167649 0.194046 0.145705
0.162155 0.210221 0.149748
0.026897 0.133766 0.211022
0.140027 0.161743 0.148213
0.069590 0.165284 0.081247
0.170988 0.196195 0.135439
0.082697 0.086236 0.200204
0.105036 0.244737 0.157046
0.022805 0.161785 0.106867
0.146761 0.198663 0.148421
0.170527 0.228526 0.198758
0.013870 0.283504 0.192739
0.124711 0.186906 0.079808
0.209369 0.298973 0.075078
0.002112 0.196808 -0.119051
0.109422 0.058116 0.111035
0.038595 0.132477 0.128968
-0.008260 -0.010478 0.152850
0.232929 0.030305 0.178744
0.259032 0.231144 0.148478
0.124019 0.151669 0.224639
0.090287 0.089373 0.109659
0.171217 0.259862 0.266388
-0.042504 0.113533 0.156593
0.316206 0.106032 0.192063
0.037978 0.116986 0.159289
0.083466 0.304547 0.095095
0.114395 0.305402 0.191820
0.115187 0.103877 0.204656
0.075965 0.229616 0.301615
0.200995 0.183609 0.262237
0.046147 0.129774 0.073715
0.260260 0.206801 0.171295
0.150350 0.191684 0.157021
0.064694 0.196021 0.183969
0.157605 0.170958 0.135356
0.096846 0.209938 0.164403
0.102150 0.155203 0.155344
0.061013 0.154842 0.240184
0.059952 0.162859 0.125037
0.161031 0.156127 0.115450
0.116358 0.249971 -0.127369
0.003454 0.072881 0.212942
0.073566 0.239608 0.218249
0.153996 0.228279 0.206332
0.028130 0.268700 0.239212
0.098002 0.269686 0.189669
0.250230 0.059826 0.207660
0.104812 -0.029232 0.254516
0.081863 0.188425 0.138716
0.076398 0.093936 0.167462
0.296936 0.038954 0.098290
0.103471 0.107323 0.222698
0.163797 0.152026 0.074780
0.105480 0.218877 0.250986
0.296785 0.207131 0.116190
0.057536 -0.002105 0.253438
0.072055 0.219895 0.117443
-0.025363 0.336200 0.252997
0.223246 0.168583 0.086853
0.043646 0.130470 0.159324
0.151370 0.230341 0.052419
0.181873 0.145179 0.167356
0.142639 0.133400 0.213634
0.135195 0.022617 0.045142
0.102298 0.181599 0.119384
0.231477 0.240218 0.115301
0.062735 0.160452 0.168490
0.222238 0.028707 0.230784
0.108589 0.285032 0.063895
0.143849 0.244475 0.146158
0.195983 0.194050 0.157435
0.219726 0.208035 0.140175
0.140569 0.046092 0.026585
0.030603 0.178158 -0.020831
0.040374 0.221223 0.111707
0.100602 0.133592 0.299087
0.101199 0.273210 0.020982
0.177610 0.076250 0.068954
0.176028 0.020272 0.125025
0.156844 0.145694 0.066980
0.178932 0.027413 0.143679
0.053249 0.166152 0.258267
0.044368 0.243483 0.200217
0.164932 0.059565 0.162298
0.178501 0.087611 0.145488
0.157336 0.154113 0.189532
0.185182 0.022792 0.204569
0.205607 0.230055 0.161419
0.172155 0.302586 0.133972
0.132394 0.203035 0.141055
0.069738 0.107611 0.034860
0.114068 0.158950 0.209941
0.099389 0.310014 0.063722
0.173805 0.173069 0.069235
0.059826 0.311808 0.176853
0.146592 0.120282 0.161845
0.050286 0.062149 0.121896
0.025237 -0.075678 0.213904
0.165509 0.099670 0.225749
0.150894 0.048533 0.172046
0.204017 0.320199 0.212282
0.083419 0.131473 0.102904
0.160515 0.105655 0.220003
0.204193 0.283429 0.172044
0.162234 0.118366 0.034645
0.067661 0.049824 0.108102
0.025883 0.151302 0.270891
0.100413 0.125709 0.020353
0.176246 0.011303 0.120339
0.046049 0.116066 0.192926
0.126535 0.228941 0.130867
0.260478 0.086416 0.309862
0.153623 0.133493 0.121812
0.095347 0.302214 0.103462
0.098906 0.018517 0.085150
0.128506 0.140646 0.210384
0.090745 0.238428 0.238439
0.061584 0.306314 0.200316
0.098507 0.217485 0.169409
0.110582 0.108276 0.125043
0.126869 0.071920 0.094317
0.221452 0.235650 0.089607
0.085590 0.104049 0.139943
0.143881 0.212373 0.073862
0.107672 0.220765 0.102112
0.192572 0.090743 0.120404
0.214721 0.059053 0.196526
0.110047 0.151821 0.231871
0.086317 0.166146 0.049185
0.116188 0.120054 0.131872
0.137968 0.252916 0.186773
0.254339 0.126746 0.087973
0.157718 0.085281 0.026115
-0.018181 0.180369 0.150167
0.111517 0.025153 0.115816
0.085016 0.140424 0.207541
0.085346 0.177523 0.098763
0.216249 0.170148 0.189052
0.131744 0.012784 0.115246
0.139364 0.194794 0.147464
0.091383 0.301408 0.111101
-0.001462 0.001089 0.190249
0.153908 0.074672 0.130795
0.167987 0.222468 0.059591
0.240597 0.131682 0.133070
-0.007051 0.136453 0.153459
0.071344 0.059752 0.157696
0.098536 0.110402 0.181003
0.195927 0.301661 0.144989
0.112345 0.159250 0.166260
0.294246 0.117705 0.314820
0.107130 0.123801 0.182665
0.098713 0.246495 0.083246
0.135169 0.225325 0.284448
0.009511 0.019824 0.196054
0.162017 0.183969 0.138949
0.074238 0.270556 0.109271
0.179849 0.232393 0.055021
-0.007041 0.260104 0.132652
0.202052 0.177178 0.059102
0.063529 0.138652 0.169635
0.070773 0.088914 0.136009
0.113190 0.160986 0.118848
-0.031269 0.149755 0.223115
0.275613 0.243104 0.165949
0.113918 0.261532 0.215505
0.186877 0.184962 0.252752
0.119800 0.099142 0.117730
0.270737 0.214155 0.156440
0.164202 0.117742 0.169471
0.145713 0.148254 0.209856
0.165608 0.172110 0.106056
0.016821 0.241578 0.118537
0.002792 0.296460 0.155481
0.090942 0.068380 0.365617
0.126656 0.093630 0.102696
0.007128 0.110777 0.133865
0.098300 0.234441 0.164873
0.072946 0.175682 0.246263
0.123189 0.157003 0.153467
0.197585 0.184113 0.174223
0.149419 0.297303 0.108779
0.102850 0.174957 0.149331
0.080549 0.228840 0.028501
0.160385 0.215183 0.204288
0.011582 0.045142 0.161962
0.093706 0.182366 0.088604
0.081004 0.118664 0.305011
0.083948 0.230065 0.122638
0.024885 0.193043 0.142542
0.032218 0.308302 0.120035
0.172655 0.193344 0.119625
0.130888 0.092373 0.260849
0.080934 0.213331 0.348389
0.120287 0.256317 0.140599
0.174183 0.164750 0.214397
0.097831 0.114629 0.203099
0.133707 0.180277 0.164854
0.096255 0.007814 -0.003984
0.131080 0.178897 0.316662
0.179432 0.242693 0.082306
0.101134 0.187150 0.224108
0.184845 0.269689 0.115091
0.115435 0.275457 0.175048
0.090988 0.187369 0.197554
0.179762 0.170718 0.135233
0.137000 0.092340 0.141493
0.156264 0.175314 0.138873
0.081729 0.145216 0.089475
0.108150 0.318415 0.251331
0.101376 0.247746 0.106722
0.153672 0.232647 0.104514
0.038873 0.133760 0.175418
-0.027748 0.240218 0.131882
0.147159 -0.035661 0.183673
-0.004465 0.089205 0.048855
0.192373 0.229367 0.170987
0.001535 0.079940 0.108570
0.264686 0.143285 0.157141
0.182957 0.271124 0.168886
0.107326 0.184652 0.173164
0.154624 0.168384 0.150215
0.140532 0.190870 0.161056
0.118750 0.141323 0.101358
0.108052 0.093263 0.114430
0.031167 0.187448 0.137927
0.073291 0.256289 0.266414
0.027343 0.221760 0.126397
0.162592 0.244390 0.127709
0.237006 0.203010 0.065748
0.178415 0.155156 0.120243
0.165546 0.281374 0.192511
0.208549 0.082696 0.168395
0.221270 0.100377 0.122808
0.034708 0.134024 0.158947
0.006735 0.107029 0.262777
0.201293 0.288521 0.143052
0.136665 0.137322 0.114934
0.162870 0.143896 0.106507
0.078984 0.131130 0.093778
0.078136 0.015125 0.217516
0.187736 0.110492 0.031924
0.129373 0.242922 0.174947
0.245736 0.157192 0.259596
0.083979 0.238231 -0.135883
0.195523 0.016756 -0.001538
0.052653 0.190555 -0.011446
0.154788 0.027543 -0.218257
0.225141 0.144624 -0.170088
0.104184 0.107934 -0.164320
0.038321 0.218679 -0.026830
0.161093 0.278090 0.025124
0.145358 0.431716 -0.100330
0.081634 0.099424 -0.168735
0.195937 0.171538 -0.186489
0.109138 0.188027 -0.252628
0.159818 0.027289 -0.264701
0.106211 0.048079 -0.232880
0.356997 0.030931 -0.189214
0.098740 0.235384 -0.100073
0.105500 0.277513 -0.082707
0.205507 0.192512 -0.151846
0.144804 0.171382 -0.137816
0.314332 0.309098 -0.211141
0.274159 0.368708 -0.251948
0.164146 0.204727 -0.028916
0.109751 0.122896 -0.086908
-0.013293 0.122195 -0.053160
0.183279 0.077117 -0.081418
0.026662 0.118697 -0.129080
0.169464 0.141908 -0.151270
0.175892 0.159075 -0.202208
0.155620 0.084271 -0.166356
0.016285 0.160359 -0.090009
0.177207 0.105389 -0.067113
0.156034 0.129025 -0.185985
0.214757 0.022921 -0.116590
0.105749 0.029954 -0.093808
0.120480 0.153282 -0.206838
0.030607 0.205738 -0.086502
-0.005197 0.291271 -0.010499
0.121460 0.006465 -0.192027
0.080733 0.253788 -0.191858
0.062822 0.155178 -0.145719
-0.059697 0.151175 -0.142704
0.139314 0.105471 -0.356697
0.149081 0.121265 -0.134034
0.085808 0.109609 -0.056346
0.157796 -0.040157 -0.196800
0.174117 0.105859 -0.185755
0.067385 0.295465 -0.173961
0.165367 0.082977 -0.117496
0.123945 0.106434 -0.159339
0.176451 0.132688 -0.129728
0.243720 0.175203 -0.236683
0.198331 0.239405 -0.053988
0.073821 -0.031720 -0.080522
0.186435 0.170330 -0.164379
0.139243 0.120435 -0.189669
0.083064 0.134177 -0.216177
0.135367 0.277928 -0.125606
0.052359 0.196588 -0.131079
0.035191 0.117256 -0.144717
0.347276 0.084772 -0.095489
0.228711 0.228042 -0.142054
0.146068 0.248709 -0.095586
0.252766 0.120144 -0.224753
0.014415 0.027135 -0.256385
0.220155 0.142169 -0.191202
0.064542 0.132693 -0.096350
0.079899 0.021975 -0.190879
0.041151 0.012313 -0.086459
0.105610 0.242719 -0.083577
0.023380 0.194232 -0.233043
0.175630 0.199356 -0.170268
0.294523 0.154902 -0.161338
0.122265 0.277672 -0.091800
0.161884 0.280797 -0.172327
0.055082 0.156190 -0.186202
0.252990 0.181243 -0.092757
0.073115 0.274044 -0.131795
0.060627 0.139444 -0.132696
0.127108 0.219388 -0.169980
0.089810 0.224108 -0.013672
0.086804 0.198941 -0.069141
0.196032 0.082517 -0.182334
0.097367 0.036861 -0.113571
0.072159 0.159131 -0.076274
0.111567 0.311151 -0.146810
-0.023712 0.029138 -0.107939
0.245236 -0.112265 -0.194315
0.032703 -0.034629 -0.138158
0.248861 0.082328 -0.118283
0.125937 0.202107 -0.173808
0.001043 0.255010 0.019027
0.013221 0.156255 -0.147797
0.138050 0.029631 -0.156830
0.293112 0.213221 -0.202585
0.054312 0.044430 -0.193233
0.238337 0.100887 -0.207136
-0.001708 0.129323 -0.133535
0.145856 0.086602 -0.108916
0.091239 0.161483 -0.204665
0.080219 0.086685 -0.143522
0.184336 0.267234 -0.145800
0.118402 0.153394 -0.066366
-0.002877 0.055367 -0.114895
0.080309 0.360687 -0.063774
0.120563 0.104587 -0.111740
0.035502 0.197632 -0.037008
0.073761 -0.059695 -0.254956
0.262749 0.080386 -0.195915
0.036886 0.204879 -0.096847
0.260677 0.352602 -0.305853
0.042702 0.179975 -0.079191
0.037420 -0.013355 -0.100579
0.097521 0.022182 -0.106525
0.246079 0.339788 -0.152137
0.389999 0.114058 -0.165095
0.224583 0.161832 -0.275767
0.245244 0.119881 -0.175610
0.090876 0.020850 -0.185776
0.097444 0.098999 -0.232388
0.151032 0.120038 -0.120839
0.084568 0.348632 -0.080436
0.151270 -0.032185 -0.122069
0.131179 0.137285 -0.210753
0.143195 0.025605 -0.129102
0.161703 0.121661 -0.230855
0.005761 0.221994 -0.076121
0.119925 0.247188 -0.214818
0.084445 0.104682 -0.133067
0.179478 0.199779 -0.127682
0.150751 0.236514 -0.167906
0.260447 0.192615 -0.178708
0.092226 0.040284 -0.123878
0.056346 0.176121 -0.118788
0.038589 0.184755 -0.189355
0.090811 0.231060 -0.139428
0.054147 0.150771 -0.084894
0.207919 0.240438 -0.129216
0.148598 0.066978 -0.139721
0.080152 0.095652 -0.083948
0.103767 0.107845 -0.143484
0.062580 0.242492 -0.012257
0.120172 0.129992 -0.215651
0.164223 -0.004283 -0.270583
0.153431 0.271305 -0.247262
0.170377 0.349240 -0.162356
0.093028 0.316481 -0.191976
0.141738 0.092208 -0.201788
0.118693 0.057607 -0.160866
0.193717 0.098343 -0.094077
0.146630 0.177047 -0.160436
0.112815 0.072912 -0.155057
0.100949 0.184825 -0.149628
0.182070 0.013947 -0.057734
0.073914 0.180077 -0.210728
0.162145 0.244205 -0.084941
0.149110 0.105925 -0.037002
0.051974 0.165420 -0.201237
0.123734 0.207842 -0.201254
0.100483 0.268607 -0.135894
0.109475 0.243897 -0.183548
0.064211 0.214932 -0.238595
0.147169 0.090386 -0.144939
0.072878 0.127641 -0.254004
0.183268 0.186330 -0.198501
0.138476 0.128530 -0.125358
0.212763 0.097320 -0.214767
0.108043 0.269191 -0.100232
0.210062 -0.003741 -0.164881
0.026864 0.087254 -0.082755
0.156858 0.175305 -0.235086
0.114826 0.182619 -0.164095
0.276031 0.232997 -0.197972
0.120877 0.060779 -0.181047
0.096094 0.118447 -0.130779
0.145709 0.153379 -0.124715
0.083369 0.018681 -0.035502
0.083518 0.118033 -0.112051
0.046498 0.228430 -0.218737
0.074390 0.120759 -0.058192
0.019986 0.112748 -0.117084
0.105866 0.177529 -0.119791
0.057565 0.140201 -0.039688
0.085397 0.020488 -0.140599
0.082114 0.169153 -0.178136
0.125068 0.201501 -0.152115
0.058655 0.068926 -0.117746
0.070100 0.062934 -0.127965
0.055808 0.143138 -0.170005
0.010443 0.077098 -0.242781
0.198418 0.160718 -0.229466
0.177626 0.126530 -0.197472
0.101548 0.243786 -0.028398
-0.022173 0.159456 -0.067918
0.020357 0.136274 -0.080593
0.006864 0.188892 -0.159073
0.134889 0.202348 -0.187271
0.132862 0.214600 -0.231959
0.046476 0.053885 -0.217266
0.115122 0.059835 -0.165337
0.135393 0.046271 -0.203464
0.124802 0.086407 -0.192795
0.036936 0.016845 -0.012187
0.051174 0.175990 -0.144126
0.095371 0.142973 -0.081026
0.011353 0.181531 -0.116200
0.183208 0.181385 -0.154460
0.220078 0.185937 -0.229545
0.158621 0.082207 -0.178274
0.043381 0.159053 -0.139424
0.171665 0.099863 -0.216774
0.073166 0.059743 -0.079585
-0.035261 0.150225 -0.098205
0.085366 -0.018790 -0.227482
-0.039171 0.042589 -0.025620
0.131015 0.066008 -0.186527
0.139265 0.149275 -0.144108
0.265096 0.137508 -0.105585
0.120598 0.072839 -0.202570
0.066878 0.201443 -0.183450
0.114251 0.200233 -0.086818
0.133259 0.223490 -0.087754
0.304908 0.326837 -0.214806
0.020344 0.344954 -0.112867
0.108356 0.123222 -0.127454
0.139687 0.061628 -0.121957
0.124722 0.125958 -0.129670
0.056613 0.267528 -0.230546
0.094856 0.116624 -0.095449
0.019779 0.193608 -0.125766
0.229523 0.102278 -0.091899
0.070676 0.008046 -0.177777
0.110552 0.057928 -0.168207
0.265032 0.135060 -0.174824
0.032457 0.217521 -0.128815
0.208638 0.136254 -0.053477
0.290278 0.004954 -0.225132
0.172946 0.295634 -0.108410
0.124791 0.086747 -0.151964
0.137604 0.136368 -0.152272
0.073406 0.076482 -0.166030
0.051514 0.133882 -0.242484
0.098694 0.106717 -0.182716
0.090321 0.167483 -0.129842
0.169214 0.225420 -0.116290
0.117062 0.069030 -0.170914
0.086910 0.133925 -0.108047
0.209137 0.255234 -0.252802
0.130837 0.137571 -0.122538
0.264127 0.150466 -0.217015
0.140205 0.073306 -0.190656
0.034444 0.244158 -0.138777
0.005759 0.159184 -0.135089
0.064400 0.192041 -0.132731
0.361905 0.197687 -0.147278
0.181660 0.208400 -0.244158
0.305814 0.085344 -0.208600
0.211703 0.348865 -0.137345
0.179254 0.092543 -0.164107
-0.014972 0.376874 -0.221413
0.106411 0.229515 -0.234977
0.125037 0.027117 -0.213905
0.153950 0.172559 -0.194676
0.170702 0.105642 -0.108531
0.199873 -0.028688 -0.149528
0.126730 0.306788 -0.168313
0.181608 0.080073 -0.138050
0.090791 0.145568 -0.185282
0.196192 0.148288 -0.080996
0.133337 0.363440 -0.048485
-0.020980 0.176887 -0.041668
0.113146 0.219302 -0.084183
0.151182 0.163437 -0.250958
0.188241 0.055716 -0.122959
0.052015 0.201854 -0.324755
0.181499 0.059650 -0.159803
0.081227 0.149644 -0.164655
0.090361 0.142105 -0.098828
0.123283 0.292230 -0.265459
0.065719 0.240487 -0.194924
0.120562 0.086431 -0.192109
0.099062 0.231738 -0.149029
0.053315 0.164094 -0.217339
0.226344 0.106054 -0.174838
0.051063 0.110971 -0.144789
0.220713 0.003006 -0.147401
0.160237 0.204260 -0.232310
0.008545 0.142484 0.002751
0.126255 0.199520 -0.216563
0.241010 0.197434 -0.110894
0.026741 0.198409 -0.142653
0.025447 0.184627 -0.151516
0.148220 0.070928 -0.090544
0.218055 0.260318 -0.281716
0.061185 0.211669 -0.058962
0.238907 0.189707 -0.210374
0.165567 0.037672 -0.137495
0.097861 0.186508 -0.154006
0.264228 0.081788 -0.140916
0.153489 0.217782 -0.196342
0.164226 0.146218 -0.055977
0.081548 0.111969 -0.077773
0.087227 0.109427 0.028321
0.087762 0.205083 -0.241556
0.187261 0.142021 -0.145489
0.135297 0.025305 -0.162339
0.107850 0.077758 -0.229802
0.184901 0.144535 -0.032364
0.051911 0.239222 -0.099947
0.096841 0.049233 -0.136800
0.042959 0.222521 -0.108255
0.166132 -0.114721 -0.122888
0.001943 0.379384 -0.051895
0.122275 0.123247 -0.143171
0.137008 0.118550 -0.188425
0.089014 0.174646 -0.150762
0.196327 0.290322 -0.156180
0.073485 0.188606 -0.152768
0.127131 0.357850 -0.179115
0.192049 0.146939 -0.054555
0.223081 0.278879 -0.101777
-0.039465 0.232623 -0.033828
0.164039 0.074200 -0.077928
0.100624 0.223155 -0.139604
0.184888 0.323193 -0.161149
0.233514 0.208050 -0.081630
0.110321 0.206914 -0.150674
0.183110 0.204772 -0.030080
0.055177 0.111107 -0.117264
0.146130 0.127564 -0.271216
0.110610 0.071278 -0.138877
0.183943 0.141385 -0.142830
0.198927 0.096445 -0.257529
0.095372 0.126433 -0.153115
0.259917 0.234183 -0.145423
0.219748 0.134517 -0.177002
0.090119 0.058786 -0.196489
0.313177 0.163727 -0.214199
0.031726 0.049763 -0.214492
0.136445 0.266234 -0.156682
-0.008581 -0.050155 -0.069348
0.136437 0.034856 -0.188921
0.071547 0.105130 -0.190338
0.072244 0.130759 -0.151041
0.132464 0.235998 -0.123531
0.201140 0.183767 -0.144413
0.100796 0.225727 -0.153925
0.146795 0.062920 -0.127023
0.243192 0.076814 -0.136278
0.113841 0.228725 -0.025141
0.102406 0.178258 -0.197451
0.263386 0.235357 -0.057986
-0.030657 0.359063 -0.031341
0.151832 0.201006 -0.071413
0.236527 0.184169 -0.145121
0.230558 0.168893 -0.083213
0.251556 0.174483 -0.141095
0.204006 0.205363 -0.186774
0.118169 0.033321 -0.055733
0.158396 0.202124 -0.147236
-0.029785 0.127244 -0.054105
0.143663 0.209417 -0.072274
0.082889 0.170266 -0.040710
0.046815 0.147319 -0.060575
0.076645 0.236869 -0.206526
0.021640 0.102871 -0.145638
0.140667 0.105969 -0.253800
0.037786 0.231320 -0.113493
0.204280 0.212669 -0.156526
0.126946 0.120667 -0.068429
0.137565 0.138309 -0.204802
0.149689 0.131524 -0.024828
0.065001 0.189525 -0.157302
0.168104 -0.007018 -0.107414
0.204123 0.038965 -0.151059
0.117576 0.014439 -0.241440
0.057431 0.039353 -0.073760
-0.063576 0.228845 -0.129188
0.058644 0.288848 -0.135367
0.117680 0.179110 -0.146681
0.029008 0.123029 -0.316745
0.261930 0.063228 -0.127110
0.119128 0.134974 -0.088307
0.130474 0.150650 -0.106901
0.140721 0.130168 -0.189226
0.253364 0.203959 -0.116998
0.091694 0.218082 -0.053058
0.101306 0.085936 -0.136652
0.121307 0.118398 -0.044692
0.055725 0.263505 -0.116211
0.190481 -0.013282 -0.223736
0.101551 0.153606 -0.131595
0.158787 0.231039 -0.055695
0.004573 0.215366 -0.127763
0.054063 0.107450 -0.180497
0.213768 0.255372 -0.137001
0.026264 -0.087433 -0.197098
0.142835 0.115170 -0.106779
-0.033158 0.166605 -0.087311
0.127594 -0.049946 -0.180004
0.070295 0.302463 -0.111185
0.066614 0.242938 -0.243793
0.043096 0.129494 -0.069288
0.015124 -0.298816 -0.011459
0.028397 -0.317386 0.053703
0.000915 -0.319526 -0.116922
0.030219 -0.277485 0.130359
-0.020063 -0.311716 0.009806
0.006922 -0.270723 0.016464
0.019974 -0.348841 0.045574
-0.003956 -0.272632 0.113348
-0.016637 -0.238300 -0.169804
0.020365 -0.097345 -0.089352
0.006540 -0.183263 -0.030473
-0.004501 -0.165879 -0.170063
0.013886 -0.232442 0.036838
0.068402 -0.352898 0.235533
0.007870 -0.117446 -0.037333
0.022622 -0.223857 -0.036850
0.001627 -0.472918 -0.061596
0.033448 -0.229717 -0.062395
-0.007190 -0.248155 0.048276
0.005030 -0.193131 -0.037468
-0.025692 -0.195640 -0.013170
-0.027853 -0.324575 0.040341
-0.003897 -0.221281 0.047432
-0.003899 -0.388235 0.054855
-0.011730 -0.281838 -0.067435
-0.009072 -0.288837 0.067874
0.003619 -0.393563 0.054527
-0.020540 -0.148086 0.006817
0.005675 -0.269775 -0.042268
0.013010 -0.296425 0.006735
0.000332 -0.327878 -0.127387
-0.013899 -0.171118 0.072502
0.004690 -0.300714 -0.035396
0.005040 -0.239932 0.004917
0.017116 -0.190526 0.124859
-0.019176 -0.308556 -0.037054
0.016559 -0.300470 0.023989
-0.001596 -0.241738 0.083805
0.005278 -0.354453 0.080798
0.009980 -0.341145 0.059421
-0.012905 -0.196355 0.054307
0.023142 -0.241301 0.082601
-0.006153 -0.266447 -0.115136
-0.004663 -0.255068 -0.020030
0.043500 -0.256258 0.144372
-0.003645 -0.240232 -0.038970
0.002722 -0.320473 -0.043670
-0.016849 -0.373182 0.048129
0.000059 -0.258185 0.083007
0.009586 -0.136455 0.106589
0.007283 -0.247222 0.045615
-0.012748 -0.370782 -0.051780
-0.003111 -0.341213 0.016248
0.002599 -0.273246 -0.038153
-0.000216 -0.313435 -0.096555
-0.026629 -0.237570 0.111850
-0.014006 -0.213468 0.104529
-0.003125 -0.296042 -0.082289
-0.016959 -0.279513 0.095881
0.007078 -0.192905 -0.075723
-0.027134 -0.265941 -0.050503
0.009125 -0.279273 -0.094215
0.023900 -0.186319 -0.049544
-0.009764 -0.216372 0.144848
0.008242 -0.214014 -0.078518
-0.031621 -0.331640 0.145380
-0.000736 -0.153012 0.108591
0.007179 -0.286285 -0.120580
0.029792 -0.222488 -0.049936
0.001029 -0.255540 0.062638
0.002232 -0.250775 0.141961
0.016289 -0.374896 0.009781
-0.012863 -0.306592 0.003202
-0.006633 -0.330961 -0.001217
-0.002597 -0.185325 0.016350
0.035240 -0.349584 -0.023427
-0.001167 -0.300624 0.053345
-0.017799 -0.206930 0.066954
-0.034729 -0.278428 -0.089212
-0.045267 -0.188954 -0.015481
0.007108 -0.198456 0.066654
-0.006731 -0.197042 0.029823
-0.019058 -0.307235 -0.034577
0.029253 -0.260418 0.112167
-0.014108 -0.340862 -0.124924
0.021300 -0.347475 -0.161741
-0.051372 -0.187678 0.028322
-0.001084 -0.255932 -0.026256
-0.003014 -0.228377 0.065374
-0.001093 -0.191367 0.040275
0.023992 -0.284674 0.018695
0.022774 -0.296048 0.003131
0.013927 -0.247462 -0.035884
0.055147 -0.246714 -0.092539
-0.000518 -0.344319 -0.021562
-0.013296 -0.314144 -0.018274
0.013400 -0.297823 0.011055
0.009352 -0.222070 -0.081664
-0.038371 -0.241762 0.105900
0.002652 -0.412866 0.079119
-0.000100 -0.206358 0.087117
0.009875 -0.290703 -0.074722
0.011936 -0.261659 0.015633
-0.020159 -0.216700 -0.014945
0.005246 -0.282541 0.007609
0.015952 -0.223693 0.026667
-0.013130 -0.140409 0.029909
-0.021905 -0.125200 -0.016671
0.025643 -0.312876 0.066131
-0.005134 -0.335325 0.100563
-0.000777 -0.228506 0.001386
0.017904 -0.266961 0.099123
-0.028853 -0.274545 0.019035
0.029102 -0.339444 0.022909
-0.009817 -0.258033 0.026515
-0.030386 -0.292037 -0.110727
-0.032796 -0.238538 -0.033089
0.001343 -0.091779 -0.014154
0.002085 -0.225492 -0.081084
0.020397 -0.270912 0.014491
-0.029914 -0.260617 -0.069473
0.018737 -0.173465 0.032419
0.004804 -0.288366 -0.005878
0.017175 -0.284107 -0.103442
-0.012524 -0.213935 0.098006
-0.010308 -0.223172 0.070718
0.014267 -0.319852 -0.039876
-0.006935 -0.270057 -0.149609
0.009825 -0.252213 -0.074022
-0.004912 -0.159798 0.092325
-0.004917 -0.212744 -0.086965
0.036510 -0.381793 0.089865
-0.005008 -0.241816 -0.000487
-0.014744 -0.229922 0.046840
0.002008 -0.193762 0.022108
0.010605 -0.252469 -0.110863
0.003448 -0.239044 0.098261
-0.027849 -0.237202 -0.172432
-0.011222 -0.298848 -0.050662
-0.000129 -0.267007 0.003980
-0.005011 -0.345585 -0.090459
0.041080 -0.219623 0.157127
-0.024378 -0.193810 0.077845
-0.007172 -0.313091 -0.142076
0.037453 -0.333199 -0.009228
0.003250 -0.287314 0.076264
-0.009791 -0.261604 0.076658
0.041124 -0.226328 -0.103160
-0.016172 -0.255666 0.092398
0.014141 -0.336561 0.069824
0.042157 -0.310592 0.007664
0.002604 -0.310190 0.029740
0.014077 -0.246665 0.113333
-0.030330 -0.314318 0.059239
-0.003672 -0.164705 -0.067997
-0.001284 -0.421517 0.002850
0.031059 -0.357327 0.068730
-0.013932 -0.161284 -0.016341
0.017007 -0.203317 0.074912
0.001437 -0.339487 0.057356
0.033723 -0.240565 0.061228
-0.039737 -0.290809 0.064828
0.011743 -0.251543 -0.143446
0.003975 -0.335097 -0.169598
-0.018863 -0.170679 -0.034524
0.020811 -0.278601 -0.022961
-0.015473 -0.208836 0.137896
0.011045 -0.268552 -0.129615
-0.005181 -0.287509 0.031226
0.033925 -0.272519 0.018361
-0.000542 -0.425240 -0.074397
0.005575 -0.266193 -0.021914
-0.005125 -0.211762 0.135851
-0.012582 -0.224024 -0.016579
-0.023823 -0.182919 0.070658
0.002641 -0.251887 0.081639
-0.010356 -0.364179 -0.063692
-0.020422 -0.251010 -0.003674
-0.022047 -0.190872 -0.060881
-0.032255 -0.273722 -0.056997
0.030207 -0.308846 0.028471
0.041191 -0.110986 0.026260
0.002608 -0.017389 -0.046211
0.002940 -0.315980 0.044966
-0.020879 -0.338608 0.008862
-0.005351 -0.180701 0.061398
0.020098 -0.272145 0.108080
-0.012745 -0.146340 -0.012131
-0.024675 -0.172434 -0.091114
-0.015364 -0.403677 -0.032835
0.001528 -0.203398 0.070524
-0.022600 -0.317039 -0.058152
0.009371 -0.366675 -0.022517
0.026827 -0.214854 -0.034856
-0.001909 -0.227957 0.038832
-0.020391 -0.258776 0.046404
0.011840 -0.275035 -0.062583
0.042775 -0.302619 0.006041
0.022786 -0.338359 -0.006744
0.031015 -0.217319 0.026025
-0.008602 -0.236257 0.012816
-0.007105 -0.209124 -0.032328
-0.000586 -0.281662 0.041884
-0.010476 -0.327367 0.036945
-0.034431 -0.260417 0.087684
-0.003156 -0.282831 -0.031945
0.013730 -0.331765 -0.053189
-0.005234 -0.295045 0.148224
-0.001645 -0.249863 0.004453
0.013644 -0.230648 0.037591
-0.009846 -0.313773 0.052925
0.022294 -0.281348 -0.071601
-0.006766 -0.312706 -0.027297
-0.007548 -0.266337 0.002980
0.047809 -0.278182 0.080958
0.004550 -0.224300 -0.094753
0.000719 -0.350359 0.131961
0.019161 -0.361720 0.132854
0.004548 -0.257243 -0.045568
-0.022222 -0.371850 -0.000882
-0.009872 -0.271385 0.006130
-0.027882 -0.403019 0.030947
0.034820 -0.199465 0.006991
-0.016979 -0.261974 -0.048467
-0.013699 -0.329602 0.030084
0.000124 -0.221817 -0.078490
-0.036824 -0.261025 -0.052889
0.001242 -0.307044 -0.029335
0.017046 -0.237087 -0.019384
-0.003907 -0.223028 -0.077011
-0.012441 -0.334619 -0.005898
-0.010079 -0.236134 0.083802
-0.007680 -0.156050 0.003577
0.036924 -0.374180 0.028854
-0.009297 -0.295592 0.032213
0.002434 -0.271705 -0.122055
-0.006814 -0.246314 0.050969
-0.023429 -0.239480 0.062280
0.058586 -0.415765 0.117433
-0.032345 -0.312769 0.029991
0.049932 -0.178405 -0.133242
0.004543 -0.293234 -0.049496
-0.032523 -0.235514 -0.023428
0.012174 -0.219394 0.075841
-0.002991 -0.272974 0.006492
-0.001195 -0.375017 -0.079629
0.010485 -0.263496 0.104897
0.012534 -0.259288 0.081280
0.011828 -0.191925 -0.014933
-0.030829 -0.252225 -0.059499
0.016819 -0.303987 -0.033245
0.031668 -0.220109 -0.130314
0.017448 -0.211689 -0.033768
-0.002584 -0.331824 0.036443
-0.011189 -0.310849 -0.159721
0.008996 -0.254964 -0.058371
-0.019874 -0.298035 0.006446
-0.021169 -0.241421 0.107638
0.053479 -0.262672 0.062180
0.032481 -0.287859 0.061076
-0.014796 -0.269587 -0.124878
0.026250 -0.275802 -0.110799
0.005189 -0.349921 0.006734
-0.008491 -0.382247 -0.055838
0.030810 -0.321317 0.093328
0.007264 -0.220101 0.069893
-0.018848 -0.262986 0.092724
-0.044046 -0.338510 0.049533
-0.006883 -0.199271 0.025746
0.009373 -0.380933 -0.086745
-0.001504 -0.294541 -0.006779
-0.054743 -0.283137 -0.077418
-0.003559 -0.284638 0.057447
0.001236 -0.233748 -0.080038
-0.004470 -0.206899 0.122433
-0.005457 -0.280380 -0.016528
0.021133 -0.297860 -0.084269
-0.011272 -0.252220 -0.134356
0.012687 -0.096466 0.084417
-0.010117 -0.199940 0.067445
0.007264 -0.194743 -0.011898
-0.012923 -0.249919 -0.074387
-0.002166 -0.179821 0.095707
-0.023007 -0.208142 -0.014339
-0.019146 -0.261032 -0.090303
0.009446 -0.255393 0.052353
-0.046273 -0.230119 -0.108005
0.018872 -0.363972 0.053654
-0.026602 -0.253027 -0.126751
0.038256 -0.319810 -0.012911
0.016554 -0.302743 -0.101147
-0.018268 -0.312398 0.021850
-0.029459 -0.232119 0.089125
-0.016908 -0.271584 0.069324
-0.053237 -0.275996 -0.052031
0.011650 -0.270919 0.063171
0.062350 -0.253376 -0.006006
0.021399 -0.253186 -0.069606
-0.001373 -0.259837 -0.047738
-0.008447 -0.218482 0.026105
0.046156 -0.075177 0.063388
0.019474 -0.243100 -0.061388
-0.024389 -0.289400 -0.013218
-0.002339 -0.300212 -0.109808
0.007311 -0.319976 -0.004588
0.033877 -0.215075 0.023180
0.035842 -0.285508 -0.054468
-0.024559 -0.298448 0.118097
-0.011043 -0.266985 0.029244
-0.020269 -0.214624 0.017585
0.012039 -0.190184 -0.022588
0.026769 -0.331199 0.109072
0.001544 -0.370033 -0.002817
-0.019992 -0.293374 0.025235
0.019847 -0.269279 0.049079
-0.011999 -0.271483 0.061852
-0.012299 -0.297169 -0.030148
-0.019501 -0.239686 0.094769
0.041895 -0.280981 -0.001847
0.026904 -0.143405 0.197003
-0.000809 -0.250294 -0.074291
0.022529 -0.231930 0.033570
0.019070 -0.217043 0.047287
0.009981 -0.293814 0.040036
0.021377 -0.092347 0.150444
0.013537 -0.318828 -0.059283
-0.004855 -0.363885 -0.013810
0.009006 -0.301021 0.037858
-0.003092 -0.447618 0.287744
0.002636 -0.295604 0.061758
0.052530 -0.249568 -0.044205
0.008283 -0.253358 -0.038464
-0.026708 -0.302973 0.069237
-0.007179 -0.273467 -0.082857
0.034960 -0.324315 -0.011264
0.023768 -0.287507 0.095579
-0.005482 -0.181187 -0.107877
-0.001257 -0.307212 -0.048825
-0.001283 -0.400601 -0.003634
0.004340 -0.379118 -0.090783
0.010766 -0.160570 0.064957
-0.015099 -0.330863 0.064378
0.021140 -0.151679 -0.024736
-0.004661 -0.335748 -0.100069
-0.002671 -0.277435 -0.082372
-0.036603 -0.315322 0.121371
0.001054 -0.264620 0.020653
0.019485 -0.222183 0.136413
-0.000758 -0.335376 -0.040652
0.014287 -0.233191 0.004223
0.021296 -0.253063 -0.008508
0.006137 -0.205806 -0.074079
-0.018933 -0.238471 -0.000541
0.000902 -0.162204 -0.020958
0.036323 -0.191316 0.038812
-0.008177 -0.278754 -0.135669
-0.010514 -0.321754 0.027763
-0.005054 -0.215682 0.053049
0.029298 -0.258398 0.127355
-0.007523 -0.101544 0.148024
0.002219 -0.244631 0.035798
-0.064251 -0.304170 0.014215
0.022109 -0.238218 -0.076508
0.007750 -0.304224 0.128438
0.015794 -0.271707 0.072776
0.006593 -0.271600 -0.145713
0.018208 -0.296369 0.151658
0.015463 -0.254476 -0.067461
-0.020072 -0.193252 0.006109
-0.012995 -0.309369 0.010734
-0.033274 -0.329024 0.069829
0.015035 -0.273321 0.029247
-0.024069 -0.214966 -0.014159
0.048127 -0.333271 -0.027851
0.003312 -0.212684 -0.019850
-0.008727 -0.164921 -0.039977
-0.005887 -0.263253 0.013009
-0.008514 -0.261867 0.084932
-0.002822 -0.218388 -0.098795
0.016415 -0.169282 -0.061671
0.006509 -0.145917 0.174460
-0.042063 -0.254032 0.098799
0.025571 -0.201541 -0.074194
-0.001922 -0.345623 0.055824
-0.010553 -0.182072 0.042251
0.015020 -0.332603 0.051151
0.011717 -0.317835 0.074360
0.031063 -0.240925 -0.021562
0.022841 -0.196744 0.044558
0.006865 -0.333156 0.075805
-0.014771 -0.368549 -0.016029
0.018987 -0.251546 -0.023863
0.013788 -0.269007 0.047801
-0.024558 -0.224818 -0.012054
-0.034978 -0.269527 0.066967
-0.004256 -0.216219 0.003966
-0.010230 -0.329841 0.103403
-0.032833 -0.383743 -0.095578
0.014555 -0.254522 -0.049305
0.015543 -0.261539 -0.100142
0.001075 -0.450934 -0.033993
0.024798 -0.377714 -0.033670
-0.012425 -0.286274 -0.004235
0.020881 -0.232250 -0.220746
-0.004739 -0.221645 0.120120
0.007718 -0.266028 -0.008422
0.006478 -0.203771 -0.030318
-0.004564 -0.249860 -0.043362
-0.003603 -0.217908 0.008532
-0.000076 -0.196527 -0.009904
0.024809 -0.221413 0.054516
-0.010565 -0.328451 0.111209
-0.005616 -0.293749 -0.053512
-0.014106 -0.150583 0.063689
0.007305 -0.233057 -0.119491
-0.024618 -0.279033 -0.000826
0.013245 -0.239627 0.200806
0.012522 -0.204497 -0.021095
0.008290 -0.319950 -0.006432
-0.010247 -0.286978 -0.062965
-0.015002 -0.305630 0.012656
0.015564 -0.269626 0.009799
0.021483 -0.185880 -0.057253
0.002963 -0.270568 0.148172
-0.019538 -0.351237 -0.079873
0.053902 -0.209399 0.027633
-0.008099 -0.253968 -0.051302
0.034808 -0.290937 0.219675
0.033550 -0.253152 0.155931
-0.008615 -0.199391 0.004304
0.318053 -0.033394 0.164535
0.046905 -0.002899 0.184705
0.241341 0.115234 0.144276
0.199261 -0.041483 0.149499
0.170947 0.080001 0.089382
0.148710 -0.089307 0.111365
0.237944 -0.037915 0.153283
0.329977 0.066655 0.206496
0.093291 -0.078923 0.103345
-0.093549 0.080909 0.165018
0.084303 -0.033816 0.127526
0.103939 -0.048735 0.108841
0.092758 -0.015239 0.085661
0.116026 0.049922 0.109828
0.056833 0.001326 0.143997
0.257158 0.004538 0.150259
0.075937 -0.031707 0.056827
0.198289 -0.076993 0.172310
0.115275 0.029466 0.141343
0.091341 0.038851 0.152303
0.206010 -0.020170 0.138913
0.124052 -0.076758 0.198473
0.040971 0.036617 0.134909
0.130198 0.009831 0.190432
0.132925 0.001872 0.144298
0.212864 0.035381 0.108256
0.186592 -0.112046 0.198845
0.148534 -0.103323 0.129496
0.076423 -0.003733 0.160722
0.140323 -0.100531 0.147939
0.196620 -0.041740 0.208013
0.082851 -0.017442 0.101945
0.153064 -0.052213 0.171679
0.169543 -0.074125 0.156724
0.088165 -0.006741 0.073338
0.118774 0.068587 0.194625
0.084055 0.052773 0.112012
0.191786 -0.103597 0.104889
0.177824 -0.115653 0.111767
0.203986 -0.058837 0.120885
0.129313 0.027998 0.128950
0.237159 -0.122393 0.098959
0.061033 -0.045298 0.136099
0.231918 -0.106062 0.142484
0.058319 -0.088359 0.133970
0.093040 0.008452 0.108606
0.118399 -0.040493 0.099271
0.099718 -0.128259 0.182951
0.048907 -0.018649 0.110476
0.229281 0.082335 0.062691
0.126476 -0.093495 0.136579
0.158641 -0.024451 0.139760
0.192628 0.023042 0.189407
0.169811 -0.156878 0.123147
0.204946 -0.060243 0.175709
0.116252 -0.033401 0.180882
0.316208 -0.082373 0.182547
0.095925 -0.012831 0.130571
0.258614 -0.080061 0.264578
0.057257 -0.043103 0.200454
0.139020 -0.061116 0.123957
0.154613 0.011626 -0.017780
0.359487 -0.080267 0.098129
0.008196 -0.043260 0.136628
0.077393 -0.013967 0.060550
0.157275 -0.063073 0.077488
0.299749 -0.033334 0.251685
0.000998 -0.094712 0.111083
0.200385 -0.082418 0.185396
0.158381 -0.042243 0.152519
0.110250 0.046384 0.107043
0.181768 -0.176499 0.183547
0.280351 0.022061 0.111152
0.118373 0.009297 0.022491
0.223922 -0.029745 0.140653
0.210355 -0.046219 0.044494
0.170594 -0.064478 0.139152
0.104994 -0.047238 -0.028451
0.183760 -0.061236 0.102770
0.288612 -0.069568 0.175281
0.190427 0.076848 0.140787
0.079032 0.053597 0.134367
0.263658 -0.013029 0.135614
0.266218 -0.020652 0.151771
0.050793 -0.075741 0.186019
0.037771 -0.088322 0.139961
0.272500 -0.008209 0.187941
0.108772 -0.092579 0.162728
0.128719 -0.061982 0.127644
0.183887 -0.185207 0.144905
0.157257 -0.031393 0.158933
0.308930 -0.071076 0.091903
0.183568 -0.015349 0.184712
0.136280 -0.135052 0.077735
0.149281 0.011003 0.108169
0.233357 -0.029969 0.144627
0.140414 0.026510 0.116863
0.114801 -0.116867 0.210789
0.219142 -0.162747 0.162572
0.181319 -0.107445 0.046280
0.199054 -0.073607 0.248694
0.247054 -0.035878 0.193971
0.135598 0.016556 0.127829
0.249826 0.005629 0.183258
0.087473 -0.001681 0.120517
0.125333 -0.061538 0.084939
0.123688 0.063941 0.062709
0.091350 -0.003137 0.022377
0.129560 0.049358 0.009414
0.102055 -0.050844 0.181250
0.286475 -0.034651 0.138364
0.180815 -0.070523 0.104772
0.203074 -0.060727 0.076210
0.097228 -0.084230 0.182989
0.106955 0.060412 0.173434
0.119829 -0.113178 0.224961
0.219977 -0.019623 0.166323
0.269396 0.022581 0.098644
0.162307 0.021509 0.126824
0.071099 -0.023613 0.055357
0.138182 -0.067074 0.146248
0.281984 0.028972 0.154307
0.100714 -0.090217 0.133967
0.244940 -0.069340 0.075652
0.177380 0.034279 0.146689
0.242841 0.030427 0.140569
0.163046 -0.066281 0.148222
0.242990 -0.144944 0.171165
0.325749 -0.001994 0.196969
0.128366 0.038140 0.040931
0.162785 -0.042320 0.238197
0.131968 -0.072313 0.035492
0.210073 -0.007353 0.133155
0.105975 -0.088212 0.073797
0.109047 -0.049384 0.195134
0.291769 -0.012456 0.163068
0.121214 -0.169313 0.175316
0.254499 -0.009835 0.077910
0.068623 -0.133553 0.133213
0.170786 -0.042934 0.258127
0.268246 -0.049531 0.176771
0.196212 0.011487 0.136405
0.134516 -0.091869 0.181811
0.134795 -0.019960 0.145079
0.050841 0.093711 0.020959
0.189261 -0.176108 0.182823
0.284889 0.112185 0.148226
0.225255 -0.059667 0.145508
0.066367 -0.041404 0.129492
0.116649 -0.076212 0.098389
0.160093 -0.042267 0.083952
0.199519 0.029048 0.210068
0.215781 -0.112385 0.249617
0.175782 0.035386 0.098068
0.204213 -0.058381 0.110366
0.105385 -0.048542 0.063584
0.147483 -0.010125 0.104004
0.188430 -0.098123 0.094877
0.100952 -0.041713 0.150620
0.018139 -0.017127 0.207619
0.232821 -0.047824 0.104140
0.169618 -0.048219 0.209560
0.022361 -0.020412 0.154011
0.227741 -0.087728 0.147948
0.168733 -0.027381 0.164324
0.168063 -0.012641 0.085588
0.139687 -0.007334 0.071729
0.124591 0.025433 0.180130
0.225508 -0.044664 0.133916
0.300179 -0.023193 0.071674
0.284214 -0.082864 0.147544
0.234231 0.034649 0.095150
0.090222 -0.049275 0.138057
0.305330 0.037093 0.156393
0.170395 0.011311 0.110317
0.157654 -0.149529 0.105384
0.172288 0.065835 0.206139
0.371959 -0.043499 0.062731
0.224380 0.046647 0.151259
0.288937 -0.030435 0.068440
0.252800 -0.086890 0.148584
0.179867 -0.091207 0.140961
0.093354 0.007927 0.239362
0.163559 -0.092882 0.172806
0.121241 0.022376 0.174280
0.192066 0.018091 0.160987
0.181256 -0.087344 0.106445
0.075530 -0.054781 0.092353
0.343223 -0.028378 0.214163
0.111235 -0.192581 0.102663
0.153102 0.035969 0.146449
0.068569 0.047089 0.082555
0.345971 -0.026667 0.132256
0.066681 -0.016165 -0.020316
0.182745 0.025700 0.290588
0.210311 0.011733 0.113368
0.198504 0.037414 0.190080
0.195683 -0.059386 0.184535
0.313721 0.015990 0.147960
0.160502 -0.011832 0.142974
0.035462 -0.085050 0.101679
0.162970 -0.014502 0.097862
0.113829 -0.070478 0.149707
0.124264 -0.134503 0.161868
0.228378 -0.092824 0.180189
0.217450 -0.101063 0.206321
0.139699 -0.043528 0.201501
0.164786 -0.066624 0.189008
0.097899 -0.031956 0.041760
0.164932 -0.010169 0.125661
0.243691 -0.018483 0.123666
0.038610 -0.077198 0.069415
0.054888 0.096110 0.093158
0.152317 -0.039691 0.223607
0.142845 0.036753 0.115877
0.212987 -0.072190 0.145129
0.145895 0.073590 0.143716
0.271874 -0.161120 0.111304
0.134442 -0.105180 0.148375
0.197433 0.039761 0.094321
0.253977 -0.055655 0.096280
0.211409 -0.054300 0.133300
0.271987 -0.015907 0.161043
0.074350 -0.029022 0.148439
0.161314 -0.032209 0.125833
0.204380 -0.033781 0.245206
0.202659 -0.173992 0.142470
0.115356 0.001618 0.216530
0.048964 -0.086812 0.114926
0.285962 0.023567 0.241573
0.089345 0.066881 0.124658
0.077003 -0.020680 0.003253
0.228582 -0.030948 0.121536
0.223828 0.014481 0.199823
0.204254 0.032031 0.139921
0.169276 -0.069455 0.141254
0.124050 -0.141958 0.181412
0.168052 -0.172463 0.127842
0.077220 0.075955 0.044169
0.102852 0.015322 0.098884
0.248353 -0.063597 0.170431
0.162035 -0.075288 0.156629
0.130928 -0.000592 0.131113
0.215844 -0.038521 0.188131
0.207074 -0.041146 0.137925
0.384252 -0.099551 0.154551
0.259920 0.034424 0.161295
0.094959 0.008064 0.236034
0.194363 -0.076680 0.137934
0.222102 -0.054375 0.108812
0.248558 -0.058600 -0.004582
0.256291 -0.031662 0.112484
0.131429 -0.129195 0.185016
0.100223 0.083797 0.120069
0.076492 -0.080603 0.132338
0.176586 0.019877 0.116296
0.190284 -0.110300 0.136999
0.257516 0.000708 0.105665
0.358606 -0.008189 0.123427
0.098634 -0.043863 0.184453
0.147011 -0.003863 0.179256
0.062430 -0.101077 0.132657
0.182731 -0.111182 0.202479
0.159611 -0.031347 0.068222
0.118725 -0.028567 0.194043
0.169696 0.019461 0.126608
0.159802 0.025558 0.195876
0.169845 -0.022862 0.165197
0.210110 -0.046803 0.107117
0.221567 -0.098385 0.141337
0.041874 0.008268 0.175628
0.150044 -0.097064 0.107956
0.204950 -0.038069 0.138703
0.237586 -0.030980 0.192491
0.130820 -0.097168 0.151164
0.121853 -0.108284 0.136528
0.233129 -0.185003 0.230946
0.236308 -0.045060 0.165123
0.291803 0.045499 0.084087
0.130290 0.000915 0.217862
0.375084 -0.041249 0.144340
0.118224 -0.099384 0.146278
0.185343 0.029506 0.157722
0.181251 -0.053113 0.175894
0.135100 -0.105984 0.139714
0.245141 -0.057004 0.033225
0.178288 -0.096308 0.135393
0.073686 -0.020629 0.111454
0.022810 0.036585 0.040313
0.291026 -0.150108 0.186233
0.052075 -0.014043 0.242443
0.148162 -0.078286 0.067012
0.146644 -0.030913 0.142188
0.072024 -0.091076 0.083559
0.215469 0.004985 0.129088
0.130517 -0.015199 0.061544
0.179851 0.009532 0.130829
0.187643 -0.036363 0.097794
0.101660 -0.038732 0.135415
0.233843 0.065101 0.133608
0.232470 0.005527 0.187942
0.163809 -0.076599 0.116113
0.207816 -0.043455 0.150292
0.227789 -0.025696 0.181893
0.171260 -0.062489 0.112499
0.108890 -0.081075 0.113317
0.101236 0.056751 0.220048
0.234411 -0.176214 0.191474
0.214829 0.062315 0.009382
0.020215 -0.077200 0.069914
0.268967 -0.071923 0.140344
0.247756 0.015164 0.156215
0.182047 -0.067601 0.113453
0.182736 -0.145460 0.102911
0.169282 0.072655 0.116912
0.301885 -0.186140 0.142381
0.203306 0.003181 0.132489
0.217637 0.060866 0.154208
0.072726 0.013526 0.087343
0.104126 0.016721 0.126558
0.152899 -0.086465 0.126602
0.190166 -0.152103 0.117567
-0.267374 0.117946 0.207467
-0.135391 0.136098 0.164415
-0.275654 0.003663 0.171040
-0.264238 0.002926 0.177577
-0.095079 0.020984 0.192082
-0.088505 -0.005306 0.160969
-0.096616 0.021998 0.205459
-0.130949 -0.082823 0.115240
-0.041897 -0.036481 0.240517
-0.207520 -0.051407 0.091771
-0.167007 -0.058703 0.110553
-0.191645 -0.040177 0.166924
-0.166480 -0.143054 0.149401
-0.079296 -0.072482 0.092310
-0.080121 0.104522 0.118840
-0.187924 0.062032 0.068512
-0.131407 -0.025029 0.055042
-0.101482 0.071082 0.129096
-0.001450 -0.071497 0.138102
-0.211677 -0.101857 0.097783
-0.159564 0.019734 0.186813
-0.206506 -0.130838 0.173946
-0.007531 -0.128645 0.083687
-0.124150 -0.015301 -0.053068
-0.096998 -0.118199 0.088009
-0.180880 -0.066386 0.150291
-0.125519 0.031933 0.208475
-0.099899 -0.097874 0.062625
-0.194936 -0.030669 0.038314
-0.191043 -0.186334 0.090249
-0.101864 -0.007245 0.161541
-0.169623 -0.030508 0.120073
-0.183144 -0.110340 0.111505
-0.105396 -0.001122 0.076322
-0.093879 -0.131102 0.137342
-0.075147 -0.085099 0.024194
-0.074405 -0.049286 0.215045
-0.128234 0.022289 0.088429
-0.040931 -0.104877 0.193077
-0.177464 -0.067506 0.171139
-0.200364 -0.061310 0.095124
-0.124618 -0.068999 0.036851
-0.108904 -0.079210 0.026402
-0.085935 -0.025395 0.159459
-0.109317 0.037709 0.130307
-0.170929 0.062129 0.163710
-0.016707 -0.082021 0.167134
-0.143028 -0.013611 0.091319
-0.168929 0.006056 0.105073
-0.138177 0.091747 0.229846
-0.102960 -0.012884 0.076221
-0.086050 -0.055844 0.165337
-0.149687 -0.052795 0.207323
-0.094625 -0.099292 0.188159
-0.161172 0.019482 0.111688
-0.160982 0.003826 0.071614
-0.115971 -0.002418 0.156443
-0.118529 -0.033100 0.100483
-0.099079 0.102058 0.192622
-0.205000 0.015964 0.139859
-0.163224 -0.097242 0.144195
-0.046768 -0.062231 0.011003
-0.208491 0.032024 0.250826
-0.179038 -0.007486 0.166790
-0.189947 -0.076713 0.013458
-0.129003 -0.017723 0.148703
-0.122122 -0.022952 0.086857
-0.175764 -0.035703 0.220027
-0.159871 -0.136959 0.056014
-0.168931 0.033863 0.124532
-0.162661 -0.084739 0.034417
-0.147318 0.097461 0.134528
-0.089172 -0.043769 0.162909
-0.302518 -0.080304 0.053609
-0.094898 -0.078351 0.179997
-0.090597 0.025954 0.163235
-0.101597 -0.103261 0.158978
-0.068301 0.038165 0.115071
-0.128393 -0.017331 0.150609
-0.118000 -0.101421 0.196158
-0.116070 -0.045980 0.047454
-0.163683 0.030584 0.160951
-0.201308 0.025398 0.167613
-0.207616 -0.076794 0.187954
-0.124561 -0.006756 0.137231
-0.128916 -0.100082 0.226599
-0.120474 0.040287 0.132704
-0.209419 -0.029885 0.165170
-0.104856 -0.088861 0.166086
-0.136292 0.013043 0.183565
-0.193792 0.023390 0.135733
-0.127332 0.035979 0.103007
-0.089889 -0.087382 0.138333
-0.125633 -0.095851 0.080410
-0.117832 -0.104212 0.017250
-0.138275 -0.001258 0.164687
-0.115139 -0.064874 0.013544
-0.048442 0.059923 0.126818
-0.197437 -0.042232 0.076191
-0.149832 0.022689 0.159099
-0.184967 -0.016694 0.249043
-0.067649 0.079679 0.209633
-0.118460 -0.054563 0.152393
-0.093043 -0.110195 0.111195
-0.084940 0.030761 0.182215
-0.175498 -0.039542 0.158879
-0.145708 -0.053424 0.084078
-0.124811 -0.055362 0.120645
-0.113545 0.012266 0.144198
-0.099955 -0.071491 0.119900
-0.096761 -0.145090 0.012266
-0.154835 -0.133381 0.142531
-0.167547 -0.047273 0.138424
-0.049273 -0.042914 0.134161
-0.112117 0.070807 0.191845
-0.229886 -0.119380 0.090483
-0.161342 -0.043409 0.090195
-0.147290 0.043716 0.237691
-0.080943 0.065238 0.148555
-0.230236 -0.016744 0.192929
-0.054878 -0.031127 0.166114
-0.031159 -0.020765 0.058440
-0.200273 0.016496 0.200360
-0.096288 -0.028400 0.113643
-0.112728 -0.092769 0.152710
-0.194445 0.167662 0.130313
-0.100886 -0.009893 0.147124
-0.153729 0.155985 0.168454
-0.091140 -0.042198 0.094155
-0.120083 0.041561 0.110607
-0.169990 0.037560 0.151068
-0.119896 -0.025504 0.140076
-0.220457 0.026123 0.130616
-0.196436 0.119638 0.136259
-0.007484 -0.050842 0.210850
-0.151134 -0.059076 0.126080
-0.174940 -0.100660 0.155663
-0.219582 -0.149286 0.119507
-0.121623 -0.154647 0.058431
-0.193233 -0.036914 0.100353
-0.219902 -0.054632 0.027680
-0.177223 -0.086724 0.091944
-0.161013 -0.037556 0.057735
-0.199179 0.060112 0.157300
-0.110374 0.043319 0.221948
-0.127773 -0.015721 0.179412
-0.142270 0.038144 0.115290
-0.088317 -0.043835 0.064918
-0.117961 0.044185 0.198925
-0.065421 -0.005069 0.107257
-0.236931 -0.113862 0.148419
-0.147609 0.048993 0.110688
-0.124035 -0.125035 0.192703
-0.221051 0.058387 0.149154
-0.267569 -0.129955 0.132115
-0.062994 0.115114 0.091478
0.026705 -0.075854 0.096614
-0.155685 0.005058 0.040611
-0.129863 0.033548 0.104726
-0.108798 -0.045541 0.217032
-0.238461 -0.019843 0.116040
-0.081749 -0.057723 0.137077
-0.188406 -0.121407 0.129388
-0.282229 0.046352 0.115809
-0.119239 -0.065052 0.107562
-0.160783 -0.050935 0.024924
-0.044068 -0.040478 0.112475
-0.208116 -0.130152 0.121091
-0.123598 0.015311 0.156618
-0.128736 -0.015021 0.109516
-0.063099 -0.056649 0.124824
-0.009653 0.025334 0.138002
-0.156989 -0.173380 0.141509
-0.105528 0.017689 0.067670
-0.171141 -0.077353 0.234626
-0.175170 -0.078633 0.205082
-0.184952 -0.122240 0.103425
-0.146843 -0.080981 0.191360
-0.181089 -0.017564 0.118259
-0.113751 -0.028528 0.063969
-0.078197 0.025396 0.200712
-0.156533 -0.085872 0.075295
-0.150806 0.013507 0.064813
-0.117401 -0.138827 0.082461
-0.129593 -0.106128 0.212383
-0.102736 -0.011026 0.156007
-0.073301 -0.030021 0.083635
-0.183348 -0.120411 0.171823
-0.154499 -0.116736 0.166531
-0.062346 -0.131640 0.208039
-0.106491 -0.088528 0.127428
-0.093427 -0.040565 0.130755
-0.199860 -0.174993 0.177675
-0.202614 0.043554 0.129192
-0.079184 0.053971 0.113898
-0.106577 -0.012456 0.192607
-0.145591 -0.048060 0.101432
-0.145287 -0.037600 0.098770
-0.147480 -0.081468 0.110099
-0.175782 -0.031625 0.123771
-0.177837 -0.039073 0.080796
-0.129104 -0.032966 0.138141
-0.159861 -0.011781 0.192055
-0.136185 0.020836 0.187752
-0.109890 0.011998 0.183327
-0.204750 -0.004739 0.158226
-0.102783 -0.101635 0.068728
-0.101275 -0.113945 0.203557
-0.155624 -0.020963 0.157514
-0.200328 -0.034173 0.160907
-0.118687 -0.105769 0.139285
-0.173533 0.139397 0.183132
-0.087844 0.012065 0.095654
-0.168096 -0.025709 -0.067640
-0.068351 0.065603 0.137822
-0.113373 -0.018814 0.140597
-0.086638 -0.110072 0.157333
-0.116961 -0.080515 0.138086
-0.113137 0.064664 0.112204
-0.066270 0.066593 0.123605
-0.118059 0.084537 0.050978
-0.085532 0.037329 0.084465
-0.056422 0.066313 0.153235
-0.149019 0.026863 0.145783
-0.174281 -0.101515 0.160906
-0.102820 0.026300 0.066521
-0.189594 -0.001817 0.066424
-0.107194 -0.189789 0.142746
-0.176393 -0.115767 0.141797
-0.277405 -0.127067 0.134841
-0.165275 -0.145432 0.174150
-0.153787 0.009983 0.140788
-0.159078 -0.003150 0.177673
-0.170041 -0.080928 0.036491
-0.123640 0.041194 0.144754
-0.189570 0.058407 0.261995
-0.042888 -0.069807 0.227284
-0.082098 0.035409 0.190252
-0.159557 -0.044765 0.044833
-0.199033 0.058426 0.198433
-0.130963 0.048080 0.071603
-0.157386 0.017665 0.114729
-0.117600 0.074601 0.160612
-0.216231 -0.152877 0.127822
-0.107155 -0.048657 0.137373
-0.171393 -0.095338 0.054033
0.004192 -0.073967 0.080550
-0.203285 -0.037563 0.120410
-0.120634 -0.023675 0.095936
-0.151868 -0.055608 0.155263
-0.175195 0.004300 0.181235
-0.118720 0.050855 0.100738
-0.096408 -0.036649 0.178493
-0.094337 -0.047614 0.138577
-0.105019 -0.218684 0.119638
-0.056024 -0.070275 0.125191
-0.215533 -0.053783 0.159445
-0.165375 -0.071645 0.075021
-0.118899 -0.079949 0.142048
-0.125993 0.031869 0.097540
-0.127843 -0.099288 0.058342
-0.124504 -0.142275 0.092181
-0.127037 0.057291 0.128840
-0.245899 -0.139300 0.182384
-0.105519 -0.005711 0.183781
-0.184801 -0.006692 0.129869
-0.150865 0.036178 0.098917
-0.210486 -0.056159 0.292185
-0.129311 0.013754 0.133593
-0.090993 0.052199 0.111563
-0.099702 -0.045812 0.211289
-0.097695 -0.138637 0.108959
-0.120869 -0.028715 0.194905
-0.242814 -0.056035 0.086985
-0.180119 -0.096766 0.181890
-0.033205 0.039817 0.079473
-0.026622 0.085944 0.128599
-0.003295 -0.050822 0.081716
-0.223624 0.014406 0.116592
-0.158479 0.068758 0.161758
-0.190786 -0.130944 0.016348
-0.125240 0.006193 0.038360
-0.144671 0.021758 0.120877
-0.149474 -0.073877 0.120746
-0.283564 -0.085994 0.103918
-0.182635 -0.036652 0.149652
-0.256868 0.043574 0.140960
-0.111534 -0.025495 0.161340
-0.166699 -0.157796 0.158363
-0.113920 -0.116659 0.166481
-0.126139 0.036734 0.197975
-0.096034 -0.007569 0.176228
-0.077641 0.053464 0.137274
-0.122744 -0.144816 0.215741
-0.037525 -0.075614 0.166808
-0.178008 -0.103117 0.180767
-0.076038 -0.041091 0.121270
-0.137255 -0.063960 0.068595
-0.161647 -0.092003 0.071964
-0.181652 0.027417 0.067600
-0.104522 0.047162 0.204746
-0.125291 -0.047520 0.136080
-0.148668 -0.018523 0.086016
-0.002814 -0.019841 0.071791
-0.113301 -0.121119 0.187108
-0.208508 0.025673 0.147612
-0.013173 0.034558 0.182555
-0.054395 0.117419 0.106543
-0.116493 -0.019576 0.055481
-0.178531 -0.077255 0.136328
-0.086087 -0.022276 0.110247
-0.202716 -0.038058 0.188898
-0.164782 0.004971 0.044135
-0.099133 -0.023049 0.093136
-0.142820 -0.083011 0.142132
-0.141490 -0.080121 0.082362
-0.229119 -0.092191 0.031169
-0.075502 -0.065245 0.193530
-0.181534 -0.009940 0.021494
-0.076322 -0.039420 0.077432
-0.203311 -0.084394 0.134333
-0.054116 -0.025335 0.127692
-0.170374 -0.101189 0.155368
-0.179265 -0.046592 -0.008650
-0.023100 0.029269 0.249099
-0.096044 0.004527 0.157208
-0.162718 -0.097532 0.166015
-0.179950 0.042615 0.136217
-0.161549 0.042570 0.176283
-0.020252 -0.014325 0.258513
-0.167198 -0.128634 0.075315
-0.144591 -0.161190 0.117232
-0.127941 0.014712 0.182589
-0.278799 -0.080390 0.146109
-0.135378 -0.160105 0.173292
-0.186987 0.019743 0.192457
-0.163500 -0.091950 0.177225
-0.164623 0.062161 0.163599
-0.180491 -0.151257 0.135793
-0.211088 -0.061447 0.116759
-0.106564 -0.086439 0.161003
-0.157019 -0.055950 0.244440
-0.114667 -0.097334 0.112493
-0.199220 -0.082862 0.112808
-0.086724 -0.157239 0.158749
-0.125460 0.088097 0.310882
-0.114864 0.014961 0.203538
-0.150067 -0.098940 0.073141
-0.106956 -0.060727 0.276601
-0.144743 -0.110006 0.063963
-0.121719 0.107848 0.144071
-0.136251 -0.020448 0.158845
-0.031477 -0.132590 0.143707
-0.038712 -0.079575 0.143942
-0.171831 0.056758 0.121538
0.196869 -0.321982 -0.183041
0.201885 -0.337117 -0.118871
0.197675 -0.289196 -0.145693
0.176605 -0.216889 -0.075256
0.154700 -0.329407 -0.020101
0.204104 -0.194535 -0.044492
0.212093 -0.239326 -0.110963
0.024786 -0.344740 0.030840
0.167398 -0.286105 -0.070131
0.102234 -0.241562 -0.103895
0.038826 -0.287601 -0.051364
0.144738 -0.355879 -0.053014
0.184057 -0.342853 -0.104255
0.154875 -0.238838 -0.072282
0.147351 -0.249783 -0.077405
0.160310 -0.183261 -0.028473
0.112599 -0.215763 -0.158358
0.228532 -0.358758 -0.118991
0.185888 -0.265388 -0.066093
0.187117 -0.322332 -0.119678
0.162214 -0.277219 0.004364
0.241980 -0.219333 -0.026590
0.151599 -0.206019 0.036004
0.201485 -0.261667 -0.063106
0.139882 -0.282555 -0.051446
0.215746 -0.324373 -0.042305
0.125779 -0.281597 -0.061745
0.137273 -0.185353 -0.086384
0.159480 -0.276974 -0.120010
0.230889 -0.451606 -0.312971
0.176983 -0.225869 -0.108861
0.170722 -0.371778 -0.130372
0.087467 -0.259548 0.142404
0.240926 -0.296519 -0.047350
0.257641 -0.265870 -0.164289
0.151065 -0.368480 -0.037450
0.096316 -0.366246 -0.182200
0.244464 -0.344164 -0.134534
0.192024 -0.325330 -0.027757
0.139369 -0.376700 -0.234967
0.171921 -0.283237 -0.003158
0.238712 -0.218697 0.179407
0.145774 -0.429328 -0.215843
0.094626 -0.221035 0.122040
0.148618 -0.373440 -0.073154
0.160663 -0.202983 -0.038958
0.107955 -0.298665 -0.020893
0.122160 -0.238992 -0.028904
0.220561 -0.251273 -0.208457
0.143044 -0.200496 -0.091967
0.163545 -0.301679 -0.114741
0.058457 -0.357284 -0.089547
0.077128 -0.263293 -0.014897
0.184764 -0.278574 0.047884
0.176477 -0.258722 -0.176943
0.078521 -0.215375 -0.018603
0.113993 -0.407868 -0.069127
0.076330 -0.316136 -0.152508
0.221968 -0.262776 -0.025113
0.117307 -0.257661 0.116725
0.123032 -0.213287 -0.123136
0.185299 -0.194694 0.078502
0.117379 -0.274340 -0.001717
0.227931 -0.204854 -0.072160
0.185461 -0.349181 -0.125239
0.131406 -0.237281 -0.023628
0.211938 -0.256024 0.002548
0.160222 -0.310465 -0.316247
0.143732 -0.287810 -0.045628
0.059011 -0.437426 -0.131909
0.147626 -0.241428 -0.059376
0.213954 -0.337590 -0.068088
0.108261 -0.195455 -0.119313
0.276454 -0.203339 -0.149332
0.211801 -0.429799 -0.153880
0.206270 -0.323366 -0.048715
0.197082 -0.314896 -0.133310
0.149485 -0.379849 -0.200402
0.079260 -0.370418 -0.136786
0.144715 -0.289284 -0.013001
0.149203 -0.378662 -0.237943
0.073397 -0.214157 -0.048360
0.112011 -0.305704 -0.146328
0.164365 -0.455289 -0.268369
0.110991 -0.296064 -0.185989
0.158595 -0.275377 -0.095818
0.181120 -0.385394 -0.028525
0.096575 -0.360507 -0.128500
0.060980 -0.319472 -0.231314
0.116021 -0.077200 0.011107
0.159629 -0.321115 -0.116736
0.124615 -0.221666 -0.020258
0.192011 -0.194480 -0.016351
0.172241 -0.207099 -0.043576
0.148660 -0.340634 -0.134357
0.158395 -0.221659 -0.103467
0.096826 -0.226292 0.024470
0.233432 -0.410109 -0.146241
0.109832 -0.264987 0.070570
0.190973 -0.316801 0.040190
0.024729 -0.326391 0.033788
0.077648 -0.225419 -0.113031
0.114746 -0.200579 -0.150887
0.217238 -0.279125 -0.162462
0.097318 -0.205649 0.030504
0.145116 -0.180334 -0.052143
0.153581 -0.295588 -0.063589
0.084932 -0.320830 -0.155069
0.221570 -0.421691 -0.056250
0.167400 -0.289916 -0.149893
0.100673 -0.295515 -0.116928
0.131149 -0.240705 0.051678
0.106601 -0.277124 -0.193960
0.091463 -0.415414 -0.097538
0.159360 -0.409368 -0.140531
0.145120 -0.356575 -0.139020
0.141194 -0.275903 0.004310
0.084286 -0.362545 -0.152788
0.147691 -0.275288 -0.073307
0.215921 -0.270711 -0.071269
0.156910 -0.343389 0.017022
0.125715 -0.368457 -0.158579
0.172622 -0.320969 -0.117871
0.233982 -0.413223 -0.252351
0.189062 -0.272684 -0.359333
0.070991 -0.465378 -0.231904
0.098365 -0.343215 -0.023649
0.135563 -0.281306 -0.212094
0.143685 -0.348368 -0.123197
0.145701 -0.299084 -0.233853
0.157482 -0.273498 -0.071564
0.108485 -0.335637 -0.136311
0.145839 -0.363174 -0.086000
0.174398 -0.257547 -0.154149
0.141086 -0.158700 0.005994
0.246337 -0.344556 -0.029582
0.124689 -0.315344 -0.195071
0.114762 -0.431612 -0.055618
0.098284 -0.288863 -0.125045
0.159104 -0.410681 -0.160086
0.252155 -0.366807 -0.277325
0.179376 -0.323204 -0.162197
0.088026 -0.419756 -0.103879
0.137696 -0.338307 -0.095406
0.160390 -0.391081 -0.155526
0.148742 -0.118389 -0.021762
0.129815 -0.269075 -0.103033
0.174845 -0.326855 -0.146058
0.116095 -0.339876 -0.192764
0.123983 -0.266817 -0.072460
0.102827 -0.255740 0.079039
0.214966 -0.083680 -0.074261
0.218884 -0.282497 -0.087843
0.189328 -0.220597 -0.104227
0.097674 -0.319956 -0.101887
0.107793 -0.284994 -0.073479
0.130317 -0.327521 -0.035102
0.183915 -0.357320 0.001693
0.032687 -0.194124 -0.036764
0.121642 -0.270016 -0.025294
0.194450 -0.174737 -0.053230
0.051835 -0.324907 -0.014193
0.263102 -0.452154 -0.212646
0.106196 -0.302585 0.065012
0.023074 -0.264063 0.020044
0.164040 -0.439964 -0.061055
0.141091 -0.217786 -0.041978
0.191367 -0.313124 -0.066716
0.187340 -0.245613 -0.137993
0.093321 -0.308006 -0.030787
0.176640 -0.183127 -0.083241
0.174986 -0.262696 -0.180310
0.123226 -0.236681 -0.080559
0.131734 -0.331247 -0.072793
0.169241 -0.239425 -0.010532
0.156095 -0.268381 0.018965
0.157994 -0.205868 0.065735
0.100046 -0.282325 -0.071682
0.050237 -0.235936 -0.100939
0.109916 -0.292223 -0.021534
0.150623 -0.241988 0.028444
0.169941 -0.340023 -0.159936
0.130888 -0.228275 -0.059862
0.187241 -0.311930 -0.161311
0.092218 -0.256406 -0.127125
0.199175 -0.334031 -0.089127
0.125723 -0.272779 -0.004580
0.231162 -0.437165 -0.205942
0.085377 -0.252165 -0.082573
0.110661 -0.245844 -0.086434
0.090194 -0.255587 0.058083
0.255622 -0.189209 -0.062884
0.048922 -0.312359 -0.042554
0.141634 -0.223721 -0.039944
0.124490 -0.418906 -0.245120
0.164011 -0.372459 -0.210082
0.215766 -0.284024 -0.001380
0.098468 -0.197813 -0.032791
0.097646 -0.201491 -0.130990
0.145402 -0.393412 -0.075519
0.169071 -0.244129 -0.191040
0.236478 -0.218713 -0.044795
0.283860 -0.305825 -0.080054
-0.138980 0.256639 -0.157584
-0.071614 0.212617 -0.116039
0.084593 0.069760 -0.163740
-0.058358 0.180533 -0.159382
-0.021198 0.225468 -0.291145
-0.019295 0.275114 -0.276223
0.030770 0.126890 -0.210999
0.002660 0.102214 -0.184411
-0.028735 0.134899 -0.347727
-0.084782 0.132874 -0.129616
0.023709 0.185260 -0.202779
-0.066847 0.194386 -0.231358
-0.092220 0.289214 -0.121000
-0.079353 0.021552 -0.250682
-0.024365 0.217488 -0.277077
-0.093110 0.315365 -0.137287
0.042825 0.284534 -0.272127
0.137906 0.186050 -0.243337
0.013979 0.177324 -0.271571
-0.036370 0.165293 -0.195507
-0.097497 0.338869 -0.225986
0.016600 0.072589 -0.166615
-0.018541 0.236481 -0.321185
0.086230 0.075541 -0.151390
0.050742 0.135311 -0.137153
-0.127472 0.209408 -0.176009
-0.018939 0.009949 -0.267878
0.054001 0.114647 -0.219215
-0.014165 0.294156 -0.235249
0.091757 0.243296 -0.173072
-0.020848 0.188081 -0.187703
-0.064718 0.142174 -0.276296
-0.059231 0.170748 -0.103217
-0.065640 0.092138 -0.158248
-0.043339 0.182087 -0.149703
-0.016835 0.235254 -0.203907
-0.060422 0.244474 -0.081086
-0.043400 0.127961 -0.368344
-0.213225 0.282187 -0.201578
-0.063097 0.273165 -0.150326
-0.118907 0.263541 -0.221122
-0.203558 0.090947 -0.170313
-0.054002 0.067297 -0.258662
-0.037942 0.289596 -0.044327
0.128967 0.169679 -0.175007
-0.165055 0.112680 -0.275656
-0.026699 0.247292 -0.225090
-0.033596 0.201734 -0.064558
0.006128 0.208672 -0.186267
-0.068010 0.120845 -0.273470
0.007875 0.162035 -0.278083
0.059835 0.067285 -0.262366
-0.069138 0.051771 -0.182244
-0.142565 0.124339 -0.142016
-0.126574 -0.000625 -0.310122
0.046990 0.137800 -0.315590
-0.114762 0.237389 -0.190853
0.122145 0.109347 -0.230377
-0.036358 0.275830 -0.231946
0.013734 0.084081 -0.172264
-0.040706 0.165381 -0.117446
-0.030631 0.228375 -0.078065
0.004599 0.216276 -0.169324
-0.199811 0.105790 -0.215706
-0.001975 0.079357 -0.251280
0.045664 0.053190 -0.158699
0.097610 0.248285 -0.078088
0.084447 0.189546 -0.048460
0.063410 0.162208 -0.127415
-0.018962 0.142547 -0.173430
0.002952 0.335039 -0.162073
-0.022317 0.216680 -0.292430
-0.082336 0.310337 -0.152568
-0.041999 0.155375 -0.262896
0.010532 0.160194 -0.212761
0.024523 0.144780 -0.148350
-0.103478 0.413339 -0.084221
-0.086920 0.382411 -0.206015
0.125737 0.232045 -0.095990
-0.010415 0.306499 -0.171549
-0.020277 0.195921 -0.023915
-0.062510 0.229096 -0.184176
-0.084344 0.244223 -0.245931
0.088023 0.165866 -0.039284
-0.083111 0.117493 -0.218965
-0.013682 0.316511 -0.208296
-0.048508 0.083733 -0.197604
0.013948 0.081947 -0.309504
-0.082110 0.196036 -0.174964
-0.045369 0.069594 -0.169888
0.081788 0.047568 -0.302399
0.008527 0.039644 -0.196744
-0.056055 0.315373 -0.142079
-0.008610 0.170636 -0.206103
-0.121185 0.316642 -0.157134
-0.049835 0.224381 -0.211559
-0.016527 0.201730 -0.146919
0.029963 0.115248 -0.145901
-0.011517 0.344992 -0.148898
-0.153123 0.284332 -0.086793
-0.103934 0.174296 -0.139322
0.002961 0.183773 -0.254197
0.170316 0.262728 -0.296989
-0.014142 0.116563 -0.160727
-0.053757 0.238481 -0.198998
-0.013689 0.117866 -0.100298
0.050814 0.209410 -0.186820
-0.086653 0.243159 -0.073190
-0.051613 0.201626 -0.155577
0.121928 0.195137 -0.248827
0.017798 0.228558 -0.076777
-0.032801 0.253707 -0.167723
0.042707 0.285299 -0.100588
0.043273 0.146244 -0.222187
-0.114451 0.042513 -0.201555
-0.025612 0.171835 -0.204312
0.002886 0.080964 -0.197444
-0.018580 0.172412 -0.176096
-0.082788 0.127266 -0.132862
-0.151039 0.139158 -0.205492
0.065748 0.169166 -0.204950
-0.121896 0.231462 -0.088168
-0.065279 0.273920 -0.115141
-0.083344 0.234528 -0.195936
-0.083550 0.072650 -0.162985
-0.076313 0.062346 -0.131012
-0.078438 0.139975 -0.223581
-0.009670 0.088156 -0.218960
-0.006706 0.124759 -0.130355
0.004859 0.149237 -0.230381
-0.042502 0.139434 -0.165466
-0.091844 0.195740 -0.154378
-0.065855 0.228475 -0.208420
0.034461 0.160451 -0.233417
-0.067334 0.161511 -0.233240
0.007716 0.129328 -0.205481
-0.047884 0.149692 -0.284183
0.051182 0.188011 -0.078532
0.073835 0.053182 -0.230302
-0.076161 0.167582 -0.104862
-0.121877 0.180499 -0.210853
-0.034657 0.142197 -0.256645
-0.078098 0.226374 -0.190747
0.141413 0.057008 -0.235751
-0.096597 0.129141 -0.208309
0.008691 0.236497 -0.143704
-0.075427 0.116590 -0.077102
0.036794 0.081636 -0.146921
0.040804 0.122660 -0.189545
-0.061801 0.271985 -0.111956
-0.084447 0.260684 -0.277100
0.044038 0.220426 -0.093981
-0.148881 0.216463 -0.139417
-0.112296 0.280521 -0.219770
-0.086094 0.199644 -0.252711
-0.042362 0.200318 -0.375986
0.041019 0.298236 -0.120524
-0.087050 0.178550 -0.154995
-0.027760 0.113796 -0.274297
0.006021 0.328574 -0.063206
0.071508 0.230336 -0.122109
-0.120829 0.154174 -0.375357
0.017016 0.202037 -0.205258
-0.054142 0.275304 -0.080704
0.011674 0.139906 -0.130438
0.062925 0.052595 -0.215359
-0.078526 0.145580 -0.162691
-0.072067 0.286013 -0.247699
0.033824 0.151408 -0.240767
-0.004874 0.191905 -0.169733
0.030981 -0.100597 -0.197643
-0.060205 0.316515 -0.188483
-0.010402 0.129693 -0.107339
-0.118649 0.175946 -0.137063
0.037580 0.237040 -0.133736
0.032545 0.144776 -0.210740
0.067127 0.223506 -0.175033
-0.049323 0.258929 -0.209573
-0.033082 0.081995 -0.236392
0.021350 0.147678 -0.203593
-0.082611 0.192241 -0.233484
-0.012218 0.180896 -0.265836
0.080485 0.226952 -0.154303
0.099430 0.022500 -0.163861
-0.045704 0.340420 -0.087056
-0.031616 0.214973 -0.289211
0.037758 0.074714 -0.262044
-0.040743 0.239607 -0.117280
-0.075226 0.168582 -0.214942
-0.009207 0.064795 -0.314878
0.040455 0.217315 -0.274253
-0.026843 0.070757 -0.311892
0.089446 0.246901 -0.122465
-0.064368 0.331763 -0.100161
0.012489 0.216375 -0.129365
-0.157662 0.146897 -0.150850
-0.065045 0.202439 -0.159194
-0.093709 0.260616 -0.181856
0.111379 0.196644 -0.260117
0.026654 0.138096 -0.149617
-0.172554 0.276112 -0.170314
-0.045288 0.192487 -0.219217
0.018544 0.284444 -0.172630
-0.057169 0.271171 -0.209461
0.028483 0.261947 -0.236421
-0.076970 0.074051 -0.173661
0.100445 0.206961 -0.365722
0.097177 0.067558 -0.161370
-0.055810 0.368857 -0.159653
0.041462 0.349282 -0.024373
0.073499 0.070703 -0.368245
-0.012913 0.051674 -0.276348
-0.081386 0.247439 -0.138789
-0.039645 0.314009 -0.110792
-0.036591 0.328304 -0.175685
-0.073452 0.091613 -0.245185
-0.015571 0.163274 -0.220547
0.055257 0.138115 -0.183653
0.148392 0.076509 -0.166306
0.015834 0.147855 -0.338298
0.062855 0.103993 -0.064296
0.052790 0.197481 -0.168836
-0.128648 0.049072 -0.169635
0.010434 0.275870 -0.303330
-0.129925 0.132378 -0.228902
0.000149 0.138468 -0.155002
-0.025337 0.087564 -0.240896
0.048096 0.236696 -0.114146
-0.125393 0.358706 -0.230341
0.023025 0.104043 -0.266397
-0.048304 0.259259 -0.117946
0.019579 0.127899 -0.267044
-0.081185 0.243751 -0.087565
-0.091576 0.044482 -0.200429
0.161448 0.083114 -0.355358
-0.041377 0.203925 -0.218072
0.083896 -0.056308 -0.212562
-0.009707 0.132900 -0.287146
0.018796 0.087066 -0.214950
-0.021295 0.110701 0.044165
-0.058459 0.134296 -0.080226
0.023650 0.198045 -0.227000
-0.058370 0.184043 -0.163312
-0.037033 -0.035116 -0.124449
-0.093226 0.211601 -0.127503
0.019797 0.064629 -0.187102
0.104730 0.094375 -0.134102
-0.029160 0.264530 -0.245215
0.079787 0.269874 -0.150181
-0.054983 0.204196 -0.199711
0.022532 0.118599 -0.093933
-0.059851 0.346343 -0.115211
0.162430 0.221091 -0.141381
-0.003107 0.325500 -0.202194
-0.086870 0.196421 -0.114608
0.036914 0.209871 -0.307721
-0.068466 0.225704 -0.228415
-0.011590 0.205227 -0.283290
-0.102939 0.207832 -0.300416
-0.082636 0.157731 -0.165104
-0.110753 0.168681 -0.089037
-0.044789 0.239036 -0.053139
-0.108173 0.164906 -0.171591
-0.066550 0.144256 -0.215499
0.000228 0.165484 -0.109404
-0.009670 0.127810 -0.220098
-0.076299 0.227133 -0.196767
-0.011782 0.245493 -0.090694
-0.110931 0.278259 -0.086843
-0.021818 0.059291 -0.166471
-0.073217 0.027363 -0.158473
-0.023221 0.314725 -0.161921
-0.075213 0.216167 -0.207621
0.014578 0.218045 -0.127766
-0.052154 0.110178 -0.199649
0.050926 0.141607 -0.239163
-0.033031 0.451022 -0.125044
0.028580 0.317321 -0.253644
-0.092577 0.141626 -0.196594
0.040462 0.066297 -0.218053
-0.040380 0.211780 -0.120795
-0.019987 0.134815 -0.140088
0.026193 0.188618 -0.246754
0.020483 0.232518 -0.321268
-0.037740 0.236590 -0.031414
0.029601 0.114805 -0.289905
-0.062763 0.067848 -0.196565
0.029341 0.172484 -0.099900
0.038701 -0.034507 -0.250633
-0.025452 0.142678 -0.227925
-0.045406 0.166156 -0.176948
0.070287 0.244880 -0.135433
0.073038 0.161406 -0.202947
-0.109154 0.134637 -0.058945
-0.143843 0.261412 -0.257483
0.035272 0.120423 -0.136087
-0.078079 0.103842 -0.197183
0.035306 0.194845 -0.217766
0.070747 -0.025177 -0.165435
-0.034322 0.192185 -0.163226
-0.065187 0.213773 -0.357027
-0.069561 0.169318 -0.195675
0.034073 -0.020989 -0.197236
0.004174 0.195620 -0.104535
0.101766 0.154100 -0.190105
0.008602 0.144525 -0.179773
-0.126888 0.268160 -0.047126
0.016421 0.357258 -0.264737
-0.045669 0.127309 -0.195968
-0.005046 0.195351 -0.139501
-0.065929 0.248654 -0.244391
0.038144 0.122321 -0.137796
-0.033524 0.154695 -0.069392
-0.011248 0.090327 -0.280930
-0.116043 0.190926 -0.208195
-0.076040 0.169383 -0.153504
0.155586 0.278606 -0.083063
0.036254 0.232141 -0.294662
0.100154 -0.036715 -0.297257
-0.009194 0.249762 -0.254938
-0.045273 0.212747 -0.199077
0.052602 0.012961 -0.267204
-0.063071 0.272369 -0.118151
-0.023707 0.243171 -0.237935
-0.015922 0.196438 -0.232238
-0.086089 0.223739 -0.191108
-0.088107 0.132699 -0.144020
-0.043011 0.187153 -0.152511
0.093396 0.069239 -0.173153
0.030900 0.069759 -0.269132
-0.181726 0.345689 -0.082500
-0.113200 0.131066 -0.269909
0.093436 0.198175 -0.150621
-0.009512 0.269808 -0.191560
-0.016637 0.032747 -0.160573
0.055758 0.096607 -0.284979
0.041345 0.132360 -0.156578
-0.021023 0.279264 -0.252562
0.075359 0.127276 -0.235452
0.125982 0.253496 -0.192042
0.056095 0.070563 -0.154909
-0.025207 0.177369 -0.247839
0.003632 0.044504 -0.134903
0.099598 0.030540 -0.169694
-0.052237 0.117843 -0.174368
-0.103771 0.259629 -0.168616
-0.090538 0.176842 -0.142197
-0.136430 0.143524 -0.151603
-0.100885 0.085307 -0.276399
0.034559 0.278451 -0.142791
-0.090234 0.128880 -0.277815
-0.078417 0.149856 -0.142636
-0.028906 0.186074 -0.242594
-0.044219 0.134157 -0.120828
0.078485 0.255463 -0.141483
-0.039079 0.207506 -0.173352
-0.124138 0.327822 0.138066
0.127513 0.178499 -0.224356
0.070725 0.105513 -0.263628
0.096400 0.099150 -0.271241
-0.013696 0.154406 -0.212739
-0.001603 0.269572 -0.325492
-0.000453 0.037804 -0.216043
-0.123575 0.225288 -0.130587
0.026983 0.160131 -0.227751
-0.086741 0.263257 -0.161012
-0.096723 0.106615 -0.141694
-0.036752 0.239757 -0.262269
0.039630 0.235537 -0.130471
-0.055569 0.088054 -0.277494
-0.012097 0.099330 -0.165888
0.086679 0.121220 -0.225409
0.036398 0.171428 -0.220035
0.017220 0.263038 -0.148923
0.038117 0.187830 -0.185156
-0.077617 0.218722 -0.112706
-0.025144 0.181647 -0.186410
0.083731 0.326427 -0.178335
-0.063605 0.148251 -0.204543
0.070596 0.068318 -0.254301
0.092247 0.160645 -0.207693
-0.013712 0.201396 -0.207514
0.017382 0.142744 -0.194219
0.023719 -0.149254 -0.260817
0.014461 0.241770 -0.095789
-0.068589 0.205766 -0.151225
0.031529 0.052541 -0.100154
-0.099732 0.224463 -0.260860
-0.082734 0.222840 0.004994
0.016693 0.100792 -0.262467
0.014880 0.160164 -0.313668
0.022106 0.236863 -0.214814
-0.012439 0.137662 -0.146758
-0.017365 0.374164 -0.142478
-0.084463 0.134685 -0.129416
-0.078909 0.270296 -0.101377
-0.083464 0.157994 -0.196389
-0.216508 0.258851 0.219980
-0.174461 0.199390 0.287935
-0.169808 0.003049 0.320001
0.036668 0.115411 0.390646
-0.085116 0.102696 0.327431
-0.002530 0.117766 0.282496
-0.073348 0.240621 0.322417
-0.152907 0.129094 0.366989
-0.154862 0.259978 0.211388
-0.198457 0.097780 0.419586
-0.211070 0.225767 0.236871
-0.239554 0.015572 0.390537
-0.139572 0.131598 0.329378
-0.041442 0.212447 0.342752
-0.102166 0.095126 0.346254
-0.184515 0.043745 0.362722
-0.233278 0.155636 0.262844
-0.108087 0.170041 0.397534
-0.163414 0.219146 0.363869
-0.297561 0.132521 0.288785
-0.051455 0.189324 0.363005
-0.110732 0.109200 0.270838
-0.146524 0.189123 0.462680
-0.134889 0.120574 0.339717
-0.186476 0.190529 0.409032
-0.186061 0.103754 0.338680
-0.175461 0.156634 0.370308
-0.147266 0.150462 0.299621
-0.015476 0.095828 0.390255
-0.172037 0.099623 0.427984
-0.149616 0.087085 0.235296
-0.216629 0.093735 0.376664
-0.184306 0.103580 0.472937
0.003654 0.152461 0.449289
-0.158458 0.128673 0.439480
-0.101717 0.092842 0.357957
-0.203280 0.165897 0.327084
-0.198909 0.114027 0.317017
-0.227158 0.096587 0.389769
-0.157076 0.063661 0.413923
-0.051046 0.080116 0.418638
-0.047905 0.217480 0.405100
-0.068339 0.158733 0.278316
-0.202178 0.201096 0.204493
-0.092371 0.213580 0.351746
-0.247381 0.099209 0.371163
-0.074971 0.055939 0.421182
-0.178358 0.167175 0.419917
-0.173282 0.071374 0.310877
-0.025939 0.196100 0.345052
-0.114970 0.196917 0.372282
-0.158823 0.057767 0.277117
-0.129930 0.103865 0.280580
-0.072066 0.126545 0.450788
-0.241223 0.095291 0.213834
-0.181081 0.115665 0.286301
-0.128334 0.163770 0.325239
-0.190309 0.182808 0.264675
-0.049337 0.101086 0.376585
-0.096311 0.122914 0.389908
-0.209193 0.169024 0.356135
-0.131047 0.189702 0.284613
-0.157021 0.078918 0.363488
-0.092214 0.208124 0.274002
-0.159632 0.099740 0.399939
-0.179839 0.259551 0.314285
-0.162215 0.138699 0.371879
-0.204268 0.131361 0.327713
-0.177423 0.212471 0.194846
-0.086920 0.178029 0.425739
-0.064300 0.183804 0.318633
-0.248344 0.231978 0.237087
-0.124493 0.214344 0.339816
-0.207863 0.095783 0.222526
-0.131640 0.114717 0.356284
-0.139183 0.054379 0.441980
-0.133621 0.180670 0.264063
-0.169948 0.135557 0.331167
-0.079462 0.190509 0.295094
0.012565 0.218204 0.251217
-0.203051 0.141166 0.432339
-0.193723 0.236843 0.282027
-0.063753 0.119578 0.324002
-0.189609 0.103790 0.380273
-0.176942 0.089717 0.404631
-0.093032 0.157878 0.376089
-0.173182 0.071053 0.347838
-0.191922 0.263398 0.368462
-0.158209 0.168098 0.284064
-0.186512 0.125276 0.295919
-0.046555 0.131609 0.288620
-0.164617 0.181014 0.365063
-0.119765 0.127656 0.302091
-0.011886 0.205056 0.439954
-0.165064 0.157648 0.272425
-0.233749 0.118329 0.260498
-0.156161 0.158441 0.259851
-0.213747 0.220076 0.389641
-0.148267 0.178984 0.297301
-0.072795 0.173174 0.297693
0.031141 0.201813 0.440980
-0.073290 0.154468 0.295188
-0.123577 0.138917 0.390726
-0.156677 0.201932 0.343387
-0.167516 0.120560 0.373182
-0.243689 0.051015 0.343315
-0.204642 0.171105 0.314027
-0.041982 0.068152 0.423174
-0.179831 0.172830 0.299874
-0.009108 0.208270 0.335862
-0.302890 0.111130 0.382302
-0.051479 -0.006153 0.364387
-0.037538 0.234295 0.361672
-0.174330 0.122763 0.308204
-0.106995 0.104264 0.283882
-0.089692 0.157604 0.325920
-0.079658 0.169457 0.324446
-0.074940 0.100482 0.406902
-0.056340 0.133998 0.342297
-0.190434 0.110410 0.397004
-0.211456 0.123023 0.316181
-0.073205 0.139067 0.349812
-0.181825 0.189872 0.399383
-0.146943 0.125362 0.354931
-0.239563 0.113261 0.264315
-0.034278 0.096546 0.399726
-0.178066 0.091302 0.338367
-0.105339 0.119474 0.298018
-0.193119 0.178461 0.316873
-0.143828 0.118453 0.394184
-0.137492 0.113357 0.274160
-0.050744 0.118150 0.389760
-0.128779 0.124795 0.362020
-0.202641 0.121615 0.262524
-0.283258 0.203684 0.268259
-0.211138 0.211713 0.392471
-0.074544 0.060947 0.412196
-0.141038 0.155003 0.333827
-0.205630 0.153099 0.262812
-0.160815 0.089941 0.295040
-0.107521 0.186147 0.170039
-0.084750 0.161995 0.418300
-0.109818 0.147868 0.361495
-0.154105 0.161972 0.339216
-0.216032 0.104466 0.280285
-0.159638 0.093899 0.353979
-0.046006 0.190515 0.431834
-0.192532 0.130540 0.298388
-0.075053 0.130735 0.337766
-0.264326 0.109069 0.348794
-0.123855 0.150725 0.331401
-0.135474 0.085841 0.448673
-0.125347 0.123068 0.425345
-0.175322 0.144278 0.230535
-0.209740 0.190919 0.317436
-0.273741 0.142033 0.379459
-0.056996 0.108747 0.413687
-0.175459 0.056542 0.364778
-0.171446 0.154163 0.299085
-0.167685 0.150189 0.232244
-0.006718 0.157660 0.332679
0.028379 0.138837 0.361791
-0.045131 0.169927 0.386910
-0.118040 0.074630 0.300327
-0.227013 0.143224 0.307901
-0.065120 0.145721 0.407486
-0.090394 0.208212 0.264726
-0.112637 0.169676 0.313513
-0.093409 0.087256 0.412816
-0.098384 0.152556 0.375544
-0.130142 0.144068 0.300566
-0.355080 0.138392 0.271691
-0.238767 0.074602 0.345155
-0.233463 0.135790 0.322797
-0.083325 0.151547 0.376656
-0.008918 0.077276 0.366437
-0.148046 0.164367 0.300191
-0.217320 0.151335 0.331431
-0.128467 0.123819 0.456001
0.028890 0.164040 0.353676
-0.163510 0.256748 0.310622
-0.163548 0.142952 0.254694
-0.157094 0.142950 0.341245
-0.098353 0.184286 0.228933
-0.060624 0.153412 0.369627
-0.132489 0.207632 0.306780
-0.209865 0.023067 0.327306
-0.102701 0.285183 0.354920
-0.206469 0.154145 0.253340
-0.085348 -0.007979 0.404796
-0.097019 0.155441 0.333503
-0.176545 0.155823 0.231427
-0.095982 0.135848 0.386472
-0.206709 0.072705 0.351263
-0.278850 0.145322 0.355609
-0.168591 0.108832 0.317887
0.041733 0.150727 0.312361
-0.173898 0.176564 0.316070
-0.139126 0.209899 0.259530
-0.203022 0.142531 0.286796
-0.183759 0.148029 0.411556
-0.170381 0.121520 0.345774
-0.114131 0.136893 0.456764
-0.188548 0.082938 0.373740
-0.182765 0.172213 0.382964
-0.196197 0.241025 0.315793
-0.093801 0.182953 0.348121
-0.208828 0.184869 0.245224
-0.011489 0.230711 0.366440
-0.240813 0.067659 0.317851
-0.185773 0.123144 0.281185
-0.170388 0.088460 0.347992
-0.033944 0.192042 0.259468
-0.160765 0.107139 0.371044
-0.144291 0.061846 0.312236
-0.100608 0.146056 0.355009
-0.133397 0.018392 0.287522
-0.095036 0.120851 0.410953
-0.164431 0.057684 0.321882
-0.163990 0.139746 0.286469
0.000524 0.181372 0.306226
-0.111335 0.182548 0.314498
-0.084783 0.174467 0.300642
-0.234985 0.172964 0.252605
-0.104912 0.166312 0.270703
-0.118001 0.244977 0.237373
-0.098824 0.207925 0.331607
0.298476 -0.074215 0.081927
0.354142 0.005851 0.112495
0.304874 -0.077535 0.133671
0.322288 0.066288 0.082322
0.302642 -0.052895 0.076291
0.388257 -0.037819 0.128178
0.299218 -0.120448 0.141683
0.311277 -0.022470 0.162507
0.370823 0.036879 -0.081037
0.286896 -0.056271 0.026434
0.426544 -0.030052 -0.050632
0.355218 0.019327 -0.047859
0.308012 -0.038524 0.010176
0.228876 0.043648 0.001544
0.375284 0.063661 0.100107
0.315018 -0.032192 -0.071395
0.271148 -0.040798 0.070245
0.386411 -0.037798 -0.027761
0.434081 0.041673 -0.094830
0.274340 -0.137614 -0.073476
0.288933 0.022322 0.088706
0.339434 -0.147834 -0.067874
0.262137 -0.087724 0.027522
0.394098 -0.244155 -0.082130
0.414833 -0.050422 -0.019389
0.340821 -0.031547 -0.063265
0.343408 -0.149274 -0.097440
0.403969 -0.062877 -0.119498
0.316842 0.040862 0.007840
0.338170 -0.058702 0.000021
0.370564 -0.027012 0.035268
0.320103 -0.029321 0.059915
0.422192 -0.025645 -0.061165
0.359921 -0.028995 -0.101491
0.307892 -0.025705 0.011973
0.288680 -0.000028 0.085945
0.363406 -0.066142 -0.103662
0.366753 -0.103383 -0.092622
0.230304 -0.098096 0.171672
0.407449 -0.008289 0.039135
0.368831 -0.119752 -0.085192
0.259799 -0.104446 -0.073383
0.294454 -0.033066 0.043788
0.265228 0.083341 0.067953
0.174093 -0.098499 -0.043492
0.379216 -0.129606 0.044313
0.276737 -0.124412 -0.062208
0.455302 0.110699 -0.053816
0.354692 -0.029072 -0.144683
0.342175 0.122945 -0.019159
0.224008 -0.017723 0.077603
0.354470 -0.069728 -0.016968
0.345157 -0.125603 0.100585
0.433615 -0.075636 -0.003674
0.304331 0.031236 0.063785
0.376267 0.058484 0.071835
0.334536 0.049349 0.051335
0.280985 -0.101458 0.057201
0.301955 0.028973 -0.042695
0.365610 -0.012362 0.203107
0.267433 -0.073055 -0.074170
0.348873 -0.040823 -0.042319
0.355979 0.036069 0.018088
0.295317 -0.066137 0.067675
0.370445 -0.076957 -0.017957
0.321224 0.099701 0.005635
0.266137 -0.146798 -0.056242
0.272135 -0.146224 -0.061832
0.416856 -0.033913 -0.113922
0.337766 -0.031508 -0.016194
0.458001 0.074493 -0.185384
0.287386 -0.111201 0.107808
0.347187 -0.045032 -0.015630
0.274326 -0.107455 0.031659
0.357990 -0.017711 -0.163108
0.308137 0.091359 -0.020595
0.364256 0.033699 0.047481
0.392280 -0.036826 0.091564
0.389493 0.011329 0.029525
0.280541 -0.196413 0.202988
0.271060 -0.145926 0.092416
0.334912 -0.014641 -0.037710
0.444308 -0.182583 0.093643
0.346125 -0.046073 0.000223
0.347496 -0.006733 0.018385
0.320682 -0.069582 0.018241
0.370038 -0.011255 -0.017041
0.229294 -0.139246 -0.063750
0.402774 -0.068368 0.023231
0.344561 -0.086718 0.007110
0.413956 0.011283 0.010585
0.419320 0.023204 -0.175256
0.313031 -0.150404 0.039012
0.352695 0.015809 0.187630
0.319408 -0.072454 -0.045397
0.353908 -0.141629 -0.083253
0.389793 0.001204 -0.000896
0.240551 -0.112699 0.016389
0.204233 -0.078423 0.087343
0.297963 -0.060158 0.021685
0.328166 0.017995 0.055139
0.435091 0.085528 0.028162
0.333674 -0.118315 0.001196
0.245071 -0.070854 0.074803
0.301195 0.025599 -0.048464
0.198624 -0.063267 0.042242
0.295948 -0.114770 -0.009344
0.370992 0.008207 -0.017386
0.397270 -0.027073 -0.066831
0.361884 0.015096 0.071225
0.338929 -0.130323 -0.070887
0.336848 -0.163596 0.033588
0.331741 -0.056944 0.032936
0.226745 -0.136652 0.212746
0.371458 -0.002232 0.157005
0.261937 -0.134686 0.026638
0.439452 -0.074176 -0.032359
0.321301 0.100802 0.007822
0.293922 -0.141001 -0.057857
0.221366 -0.031639 -0.049965
0.290639 -0.068859 0.028793
0.334413 -0.047933 0.016916
0.336454 -0.086822 0.188437
0.290775 -0.022472 -0.036412
0.241151 -0.113744 0.017397
0.355535 -0.070441 -0.044859
0.347134 0.046180 -0.039672
0.367281 -0.026712 0.137468
0.293238 0.021365 0.041316
0.300550 0.035470 -0.013853
0.329348 -0.066997 -0.051330
0.301979 -0.013233 0.065352
0.188444 -0.270764 0.000857
0.230885 -0.052872 0.127483
0.334641 -0.015760 0.197293
0.440570 0.063460 -0.005068
0.277931 -0.118262 0.092427
0.353616 -0.129152 0.045283
0.383551 0.034258 0.009118
0.411392 -0.088220 -0.053625
0.507117 -0.031198 0.055446
0.385633 -0.057596 0.021464
0.349611 -0.066589 0.035097
0.336200 -0.000290 0.037611
0.292702 -0.120625 -0.125516
0.352400 -0.099268 -0.116690
0.348259 -0.074794 -0.158732
0.397317 0.115556 -0.062316
0.284528 0.054126 0.019998
0.282552 -0.069511 -0.011964
0.333777 0.003641 0.069390
0.321361 -0.000086 -0.097126
0.342258 0.043913 0.059455
0.353162 0.026827 0.075880
0.359712 -0.167491 0.029143
0.245948 -0.015778 0.027550
0.276494 -0.034173 0.023597
0.348728 0.054248 0.089416
0.397404 0.120681 -0.015500
0.354997 -0.062763 -0.056130
0.356051 0.051970 0.010695
0.407948 0.029827 0.003579
0.324382 -0.099956 -0.070747
0.357967 -0.028034 0.070986
0.330014 0.065772 -0.021399
0.311804 -0.188387 0.103865
0.382853 -0.022417 -0.121149
0.339645 -0.008648 0.077955
0.334172 -0.026103 -0.094966
0.291790 -0.089747 -0.010502
0.403371 -0.031917 -0.012903
0.319353 0.017841 -0.068851
0.302323 0.040787 0.056239
0.208380 0.028884 -0.172835
0.235488 -0.052238 -0.089006
0.317336 -0.012114 -0.058226
0.277061 -0.030382 0.089113
0.361850 -0.082309 0.105994
0.371070 -0.023122 0.146207
0.295875 0.052251 0.090664
0.420984 0.064352 0.006817
0.338143 -0.073679 0.062137
0.376271 -0.199169 0.044395
0.393160 0.035419 0.075497
0.435758 0.070238 0.072063
0.327363 -0.117615 0.048165
0.348322 -0.141396 -0.081945
0.315369 -0.177549 -0.126210
0.273928 -0.045005 -0.015988
0.336613 -0.119965 -0.076807
0.308788 -0.036380 0.131979
0.426765 -0.001345 0.162857
0.387100 -0.068644 -0.029009
0.267654 -0.034339 0.115929
0.265478 -0.111871 0.151402
0.295263 -0.032303 -0.164296
0.321370 -0.037147 -0.069733
0.354378 -0.085851 -0.029601
0.308647 0.009337 -0.033901
0.311641 -0.045171 0.004852
0.298339 -0.086284 -0.056943
0.273660 -0.072039 -0.056603
0.322551 -0.163302 -0.075530
0.271827 -0.018836 0.057032
0.252960 -0.099783 -0.012004
0.340791 0.013602 -0.017732
0.410866 0.015191 0.002143
0.330940 -0.100944 0.126353
0.398917 -0.051783 -0.020688
0.341831 0.027927 -0.008609
0.336341 -0.088232 0.070573
0.309658 -0.210355 -0.062118
0.363060 -0.062197 0.000774
0.328354 -0.119046 0.064553
0.308273 -0.113936 -0.107709
0.371978 -0.114810 0.044980
0.421577 -0.056080 -0.038212
0.315336 -0.129759 -0.025876
0.353308 -0.098375 -0.071956
0.242131 -0.085111 -0.071765
0.241306 -0.149660 0.046788
0.448256 0.059175 0.054392
0.273902 0.121568 -0.024434
0.426409 0.002588 0.053255
0.422794 0.127151 0.105477
0.429119 0.090431 -0.004966
0.265745 -0.094070 0.037331
0.345302 0.020722 -0.070345
0.397223 -0.037120 -0.056713
0.262417 -0.078159 0.008016
0.345564 0.146612 -0.048542
0.351107 -0.016186 0.038757
0.242951 -0.039336 -0.116056
0.320935 -0.048245 0.119816
0.331178 -0.037927 0.010729
0.307638 -0.032976 0.133554
0.350255 0.025340 -0.092363
0.319598 -0.074509 0.055289
0.363318 0.018128 0.074276
0.344091 0.039993 -0.017693
0.275260 -0.050735 0.002031
-0.082011 0.134850 -0.246006
-0.143984 0.100811 -0.344877
-0.158055 0.098173 -0.207571
-0.170361 0.153869 -0.318200
-0.177756 0.083637 -0.410626
-0.108283 0.119871 -0.326052
-0.132382 0.220272 -0.286958
-0.172595 0.169492 -0.347972
-0.165952 0.133738 -0.252180
-0.168421 0.226939 -0.261011
-0.119898 0.156133 -0.308128
-0.195556 0.054671 -0.213562
-0.201946 0.268673 -0.230681
-0.098311 0.186378 -0.345767
-0.136561 0.104697 -0.287092
-0.106482 0.085271 -0.412812
-0.251870 0.187754 -0.179540
-0.084105 0.215083 -0.431230
-0.167815 0.207524 -0.343679
-0.172529 0.116905 -0.301756
-0.217656 0.214704 -0.324554
-0.148524 0.175707 -0.375582
-0.178923 0.205626 -0.233597
-0.065817 0.127625 -0.208702
-0.140794 0.114928 -0.374227
-0.240051 0.086039 -0.394491
-0.223428 0.220228 -0.274601
-0.199259 0.153279 -0.259286
-0.081818 0.156834 -0.336311
-0.201102 0.141102 -0.276545
-0.086543 0.252891 -0.271784
-0.190970 0.235587 -0.195706
-0.149108 0.148878 -0.226068
-0.140160 0.204322 -0.241567
-0.174595 0.161114 -0.225139
-0.167934 0.048378 -0.370782
-0.199274 0.066779 -0.364090
-0.140681 0.240464 -0.205822
-0.171912 0.193662 -0.262012
-0.194884 0.179216 -0.171256
-0.230479 0.177244 -0.176239
-0.238634 0.095982 -0.389603
-0.281135 0.229525 -0.436761
-0.194937 0.147789 -0.274166
-0.182089 0.199025 -0.296570
-0.140474 0.114872 -0.297792
-0.274663 0.140725 -0.411545
-0.175638 0.097260 -0.342397
-0.106407 0.261742 -0.260461
-0.213804 0.121474 -0.251587
-0.252249 0.074614 -0.366578
-0.185121 0.284372 -0.329675
-0.108354 0.069143 -0.324043
-0.247624 0.145683 -0.253681
-0.178965 0.082710 -0.348644
-0.244966 0.027914 -0.335742
-0.089924 0.133921 -0.351804
-0.127910 0.226428 -0.407931
-0.107384 0.143827 -0.332735
-0.113733 0.170184 -0.261961
-0.172126 0.161748 -0.225275
-0.073429 0.135310 -0.258363
-0.207961 0.152885 -0.239360
-0.268874 0.191745 -0.231215
-0.300247 0.186540 -0.247337
-0.034242 0.232186 -0.315915
-0.190083 0.076673 -0.360825
-0.206849 0.224314 -0.276239
-0.041722 0.078807 -0.388279
-0.085796 0.297744 -0.300937
-0.081432 0.242869 -0.219296
-0.101003 0.152616 -0.209972
-0.164156 0.207629 -0.271566
-0.037640 0.204959 -0.274520
-0.128194 0.145222 -0.264757
-0.102013 0.160553 -0.312019
-0.053935 0.104251 -0.334064
-0.038961 0.090389 -0.357465
-0.139953 0.190204 -0.293391
-0.151621 0.124669 -0.299941
-0.155558 0.142467 -0.215957
-0.170135 0.110482 -0.323732
-0.137986 0.187796 -0.202984
-0.128071 0.130642 -0.301267
-0.245658 0.111174 -0.230575
-0.280370 0.274035 -0.215021
-0.125070 0.170576 -0.336638
-0.155884 0.159025 -0.301888
-0.360814 0.058161 -0.209283
-0.163350 0.127534 -0.341936
-0.230519 0.167226 -0.334591
-0.092843 0.149149 -0.269251
-0.153479 0.114499 -0.325042
-0.298661 0.275577 -0.184154
-0.243200 0.085723 -0.272693
-0.173648 0.096104 -0.415343
-0.224363 0.174862 -0.340329
-0.166078 0.116216 -0.349511
-0.157539 0.160328 -0.343243
-0.106893 0.088658 -0.369639
-0.255828 0.133920 -0.291469
-0.195314 0.123969 -0.245186
-0.256948 0.276840 -0.207638
-0.116278 0.238198 -0.237083
-0.163049 0.155083 -0.255885
-0.092716 0.183807 -0.289188
-0.063976 0.141872 -0.510893
-0.210568 0.115885 -0.391189
-0.245280 0.040308 -0.394047
-0.224972 0.071289 -0.359303
-0.229309 0.043387 -0.282802
-0.308789 0.200542 -0.356724
-0.060397 0.087390 -0.347272
-0.166021 0.123694 -0.223563
-0.224824 0.270748 -0.222204
-0.080428 0.180391 -0.233182
-0.178300 0.246371 -0.246039
-0.241107 0.028751 -0.150242
-0.106439 0.191659 -0.359461
-0.273361 0.215864 -0.228534
-0.063084 0.075740 -0.192899
-0.220774 0.285140 -0.278364
-0.162938 0.198644 -0.187096
-0.149300 0.109334 -0.335140
-0.252289 0.148515 -0.189482
-0.224335 0.168882 -0.255993
-0.098753 0.156305 -0.350369
-0.122282 0.134915 -0.282735
-0.117315 0.235927 -0.294329
-0.058070 0.221897 -0.417536
-0.171643 0.150375 -0.290603
-0.237415 0.243571 -0.272503
-0.100811 0.162880 -0.246550
-0.179810 0.208793 -0.297955
-0.104217 0.158133 -0.215281
-0.021328 0.186166 -0.321908
-0.178937 0.148678 -0.243009
-0.216799 0.159779 -0.257562
-0.205949 0.122374 -0.255061
-0.098675 0.206829 -0.391994
-0.301608 0.216145 -0.323965
-0.145889 0.291854 -0.242053
-0.209531 0.150429 -0.227028
-0.206123 0.111450 -0.334281
-0.144490 0.118638 -0.397648
-0.291484 0.168783 -0.257852
-0.219763 0.091440 -0.279132
-0.229720 0.170069 -0.353591
-0.301579 0.174985 -0.190871
-0.188293 0.032842 -0.280795
-0.131715 0.110294 -0.332185
-0.162127 0.166768 -0.406461
-0.147838 0.147292 -0.225219
-0.166515 0.038720 -0.190186
-0.187302 0.152441 -0.243115
-0.161345 0.147421 -0.262349
-0.173649 0.152996 -0.307912
-0.158048 0.129316 -0.295182
-0.230553 0.093387 -0.221882
-0.195675 0.119622 -0.282065
-0.153702 0.247375 -0.321072
-0.155741 0.155592 -0.293385
-0.093576 0.221164 -0.290300
-0.232649 0.152134 -0.321717
0.013716 0.037663 -0.328946
-0.177153 0.101067 -0.326234
-0.189829 0.191974 -0.223418
-0.267864 0.145965 -0.260025
-0.068862 0.074726 -0.274805
-0.144228 0.260720 -0.353400
-0.204482 0.117669 -0.298615
-0.035316 0.148730 -0.337783
-0.268894 0.178823 -0.340778
-0.122474 0.121597 -0.304705
-0.163143 0.147578 -0.302631
-0.237319 0.070646 -0.347545
-0.069282 0.168431 -0.361724
-0.124886 0.113321 -0.407236
-0.223569 0.267808 -0.221107
-0.180378 0.006054 -0.358994
-0.163512 0.083189 -0.414194
-0.248902 0.134405 -0.305175
-0.165762 0.015504 -0.444998
-0.103722 0.081774 -0.334799
-0.192979 0.158193 -0.315641
-0.124383 0.195598 -0.267344
-0.178939 0.171693 -0.214200
-0.275359 0.139282 -0.328580
-0.089414 0.192319 -0.176531
-0.103048 0.146931 -0.373403
-0.204798 0.135225 -0.264892
-0.128241 0.147755 -0.245010
-0.131156 0.124325 -0.257903
-0.127290 0.134932 -0.255130
-0.202708 0.138626 -0.204981
-0.195827 0.193249 -0.301075
-0.167413 0.122190 -0.259976
-0.193395 0.190071 -0.241521
-0.240215 0.132989 -0.259159
-0.166286 0.155435 -0.320660
-0.207300 0.196049 -0.298637
-0.054598 0.210673 -0.194841
-0.148821 0.111005 -0.299289
-0.171295 0.078310 -0.358906
-0.198642 0.117898 -0.250761
-0.131557 0.235322 -0.292605
-0.066262 0.241096 -0.280534
-0.223569 0.174173 -0.367870
-0.258697 0.110447 -0.360254
-0.100968 0.152318 -0.348833
-0.294709 0.265851 -0.134972
-0.164035 0.073733 -0.340858
-0.240031 0.179775 -0.285495
-0.188531 0.065687 -0.357238
-0.202299 0.154170 -0.255901
-0.193829 0.144312 -0.291342
-0.129939 0.119218 -0.317152
-0.117465 0.221735 -0.280938
-0.287229 0.169635 -0.244222
-0.201322 0.097152 -0.337775
-0.213687 0.115574 -0.284166
-0.269487 0.099687 -0.302125
-0.254245 0.121633 -0.255983
-0.107436 0.227067 -0.364449
-0.071536 0.166022 -0.303977
0.128215 -0.213506 0.281141
0.090850 -0.167709 0.422424
0.115877 -0.154686 0.329529
0.040620 -0.084079 0.332587
0.144836 -0.191356 0.329606
0.068423 0.002569 0.317496
0.194561 -0.155559 0.314441
0.005571 -0.068218 0.362881
0.190588 -0.170153 0.299593
0.005946 -0.069697 0.272454
0.087367 -0.079755 0.400304
0.069196 -0.223951 0.280804
0.153792 -0.154361 0.421722
0.168213 -0.088706 0.327709
0.047178 -0.087939 0.306959
0.234429 -0.075683 0.300896
0.137993 0.036796 0.345950
0.150444 -0.188030 0.319299
0.169186 -0.049797 0.315980
0.238695 -0.153064 0.381148
0.047069 0.106478 0.436147
0.186369 0.005996 0.315797
0.225644 -0.082840 0.300690
0.136719 0.010186 0.381377
0.100988 -0.071033 0.356353
0.158934 -0.065250 0.324267
0.189280 -0.143306 0.328896
0.259276 0.041265 0.408244
0.110499 -0.189699 0.395257
0.095405 0.025387 0.331719
0.162354 -0.026435 0.281829
0.211444 0.058520 0.378398
0.124390 -0.151733 0.313920
0.071896 0.029744 0.349686
0.142658 0.000967 0.408309
-0.084123 -0.053568 0.334415
0.285983 -0.110541 0.263688
0.289922 0.050480 0.353114
0.196395 -0.036726 0.320538
0.059029 -0.270560 0.411329
0.055963 -0.127239 0.291558
0.246157 -0.066002 0.338311
0.147758 -0.085641 0.333265
0.181033 -0.134279 0.414474
0.069523 -0.243223 0.447073
0.121663 -0.244097 0.331569
0.079502 -0.060893 0.384394
0.172332 0.030064 0.387480
0.094445 -0.177756 0.350585
0.277453 -0.154661 0.369562
0.222167 -0.171917 0.351596
0.240152 -0.074063 0.281231
0.302160 0.053935 0.392988
0.100430 -0.175375 0.389998
0.036606 0.046169 0.425625
0.151497 -0.249491 0.333996
0.162833 -0.092579 0.338251
0.337288 -0.059846 0.314725
0.134431 0.003135 0.311049
0.195531 -0.138823 0.290225
0.161139 0.073106 0.270692
0.157686 0.015070 0.419918
0.095779 -0.128842 0.352264
0.237708 -0.017620 0.349194
0.242415 -0.037752 0.354296
0.058382 -0.132226 0.240512
0.147661 -0.294245 0.335244
0.116125 0.113764 0.362613
0.006803 -0.089709 0.296093
0.067050 -0.056420 0.346796
0.122823 0.128232 0.380123
0.143621 -0.025490 0.284039
0.172817 0.059949 0.296147
0.138064 -0.223232 0.255933
0.181980 -0.083754 0.321230
0.232775 -0.115323 0.318926
-0.013313 -0.251695 0.399818
0.103822 0.007983 0.369691
0.115329 -0.210818 0.474807
0.255220 -0.284592 0.286330
0.131951 -0.029702 0.356404
0.173197 -0.064331 0.409539
0.098855 -0.021102 0.359018
0.174322 -0.014747 0.283495
0.174119 -0.148205 0.239834
0.131461 0.048069 0.390652
0.142954 -0.126077 0.285190
0.126976 -0.182881 0.364557
0.132816 -0.116140 0.327522
0.164925 -0.195725 0.271960
0.161315 -0.142015 0.326776
0.221702 0.007200 0.326177
0.079369 -0.107996 0.379981
0.006661 0.102450 0.443433
0.211274 -0.164889 0.354421
0.064414 -0.128256 0.292262
0.188644 -0.257240 0.321074
0.141991 -0.138097 0.216798
0.171551 -0.176802 0.351902
0.004145 -0.261079 0.332819
0.190411 -0.067077 0.359720
0.159266 -0.035346 0.320563
0.074530 0.068895 0.301858
0.107065 -0.135148 0.264915
0.170028 0.032474 0.454972
0.164236 0.051404 0.355611
0.038044 -0.036215 0.285110
0.207913 -0.171978 0.319060
0.250894 0.030784 0.260825
0.165792 -0.086925 0.252918
0.070005 -0.152408 0.285513
0.090539 -0.036302 0.355838
0.032671 -0.102198 0.299019
0.203926 0.017983 0.300890
0.110230 0.098973 0.369017
0.213727 -0.177224 0.338928
0.047552 0.092810 0.313978
-0.006959 -0.050645 0.285811
0.121386 -0.088733 0.288160
0.230538 -0.215440 0.338025
0.031736 -0.039854 0.310045
0.100375 -0.168879 0.427125
0.126985 -0.193787 0.312370
0.020753 -0.015909 0.333210
0.178741 -0.108941 0.286859
0.063029 -0.044743 0.358163
0.119424 -0.140108 0.351510
0.056376 -0.140186 0.251481
0.162114 -0.007383 0.350775
-0.008236 -0.050682 0.406977
0.268636 -0.119438 0.379571
0.101844 -0.084714 0.381024
0.049904 -0.091248 0.195542
0.022003 0.005851 0.320292
0.002239 -0.094496 0.318069
0.008885 0.010527 0.383828
0.033517 0.001904 0.415921
0.082212 -0.038820 0.332871
0.097666 -0.214744 0.370385
0.089121 -0.030856 0.306681
0.031486 -0.061327 0.321898
0.131562 -0.129930 0.298080
0.233546 0.025852 0.324665
0.200985 -0.129295 0.285152
0.190640 -0.027454 0.361080
0.113547 -0.155830 0.308287
-0.037226 -0.132890 0.484547
0.052608 -0.050222 0.414764
0.136858 -0.147241 0.274888
-0.028544 -0.162644 0.324537
0.102682 -0.135654 0.413989
0.185848 -0.048459 0.372347
0.261151 -0.049157 0.229889
0.076159 0.025565 0.388826
-0.014293 -0.152438 0.381440
0.090915 -0.027596 0.395836
0.315007 0.027901 0.283273
-0.043909 0.063243 0.301149
0.049704 -0.114438 0.350705
-0.000525 0.087110 0.364841
0.203515 -0.078541 0.373523
0.049399 -0.042230 0.304677
0.227732 -0.114968 0.397380
0.206381 0.037062 0.431189
0.076466 -0.062836 0.397807
0.155768 0.009358 0.443449
-0.024849 -0.177554 0.341257
0.102138 -0.201986 0.411101
-0.008452 0.170639 0.363115
0.023079 -0.009024 0.445214
0.037188 -0.137032 0.362731
0.062043 -0.146482 0.434408
0.222678 -0.063306 0.303228
0.104916 -0.057106 0.357059
0.133764 -0.049235 0.333520
0.048891 -0.137289 0.239561
0.232221 -0.164415 0.238242
0.210651 -0.097123 0.233185
0.113090 -0.115577 0.349116
0.083198 -0.138718 0.223605
0.175387 -0.074063 0.223002
0.202897 -0.185746 0.270808
0.064036 -0.303228 0.245719
0.072718 -0.180044 0.338502
0.200984 -0.191214 0.350216
0.208345 -0.138279 0.327711
0.183084 -0.071704 0.422461
0.054569 -0.084509 0.404585
0.195008 -0.073749 0.383497
0.251115 -0.271555 0.239215
0.131562 -0.099929 0.271183
0.275063 -0.108669 0.244998
0.205240 -0.109317 0.272809
0.121539 -0.032912 0.308119
-0.057654 -0.157340 0.302350
-0.023953 -0.349418 -0.083603
0.018926 -0.347927 0.007015
0.022158 -0.392275 -0.024776
0.037516 -0.387974 -0.005953
-0.022811 -0.434352 0.028490
0.035202 -0.408901 -0.002567
0.025295 -0.366567 -0.012614
0.009603 -0.385767 0.043160
-0.014269 -0.411028 -0.035464
-0.020404 -0.437851 0.119561
-0.010218 -0.388336 0.029134
0.070715 -0.441052 0.027866
-0.054887 -0.450994 0.070051
0.005374 -0.447618 0.041480
-0.022955 -0.401266 -0.124543
-0.055552 -0.432050 0.000806
-0.006164 -0.449284 -0.042574
0.000788 -0.422245 0.034255
-0.025995 -0.437973 -0.042468
-0.015822 -0.327173 -0.017764
0.004892 -0.442612 -0.005639
-0.007738 -0.481511 0.012638
-0.018576 -0.413229 -0.030919
-0.000861 -0.315953 0.039330
-0.055833 -0.431846 -0.162043
-0.064309 -0.470067 0.042605
-0.014967 -0.456659 0.005506
-0.038137 -0.360289 -0.075919
0.035333 -0.386009 -0.092175
-0.022514 -0.419422 -0.077579
0.053706 -0.461291 0.061432
0.049911 -0.353723 -0.121492
-0.054775 -0.476503 -0.013767
0.079542 -0.380611 0.005960
0.002629 -0.427931 -0.075218
0.042788 -0.403705 0.029654
0.035828 -0.358141 -0.082067
0.004626 -0.407930 -0.030340
0.027705 -0.357914 -0.089874
0.021319 -0.392741 -0.110284
-0.007492 -0.398953 0.001307
0.042072 -0.347830 -0.167915
0.030862 -0.442478 0.066834
-0.017253 -0.457605 -0.144948
-0.069488 -0.435785 0.002225
0.043910 -0.401721 -0.060067
-0.001913 -0.365255 -0.062919
-0.019999 -0.377629 -0.082660
0.009940 -0.438178 0.119385
0.024668 -0.374546 -0.055577
0.014867 -0.393313 -0.036034
0.013877 -0.425507 -0.101473
-0.025894 -0.393170 -0.022332
-0.011484 -0.354691 0.033795
-0.025243 -0.454577 -0.021924
0.002687 -0.365415 -0.083934
0.095582 -0.358622 -0.114308
0.010005 -0.402393 -0.023827
0.030253 -0.336438 -0.008927
0.011032 -0.432524 0.083366
-0.033902 -0.350062 0.065881
0.001045 -0.448449 -0.061228
0.019396 -0.410706 0.092875
0.005539 -0.445912 -0.000828
-0.056959 -0.404061 -0.069801
0.003095 -0.398000 -0.051012
0.015042 -0.447110 -0.104211
-0.027057 -0.422583 -0.021865
0.004387 -0.383496 -0.061731
0.075866 -0.377567 -0.034350
-0.003857 -0.486087 -0.026477
0.003610 -0.392126 -0.092039
0.061924 -0.402610 -0.066671
-0.032835 -0.374594 -0.041995
-0.010656 -0.440139 -0.085500
0.005375 -0.390799 -0.056916
0.109119 -0.414891 0.018702
-0.011063 -0.377445 -0.029191
-0.006884 -0.387165 0.002807
-0.044615 -0.447354 -0.123753
-0.042717 -0.416732 0.050376
0.012579 -0.447468 -0.022814
0.034473 -0.448842 -0.037724
-0.035073 -0.401465 -0.112782
0.023855 -0.355560 0.028241
-0.019666 -0.324003 -0.076943
0.003288 -0.404207 -0.223520
-0.026537 -0.345355 0.064289
0.032128 -0.428410 -0.021868
0.011451 -0.406634 -0.050095
-0.024250 -0.444269 -0.021951
0.046475 -0.357969 -0.160011
0.067226 -0.395456 -0.143116
-0.062279 -0.374256 -0.159410
-0.047117 -0.382628 0.047613
0.003621 -0.428924 0.049551
0.001080 -0.415682 -0.018648
0.019031 -0.326795 -0.090039
-0.035263 -0.353922 -0.175467
0.015227 -0.417784 -0.100153
0.059602 -0.474544 0.011008
0.025879 -0.421679 0.021080
0.005298 -0.469613 0.006973
0.048039 -0.463432 -0.120495
-0.026551 -0.436699 -0.041925
-0.010498 -0.341140 -0.118509
-0.044985 -0.406656 0.003718
-0.015605 -0.499973 0.045543
-0.011546 -0.313408 -0.170432
0.039474 -0.502823 0.137802
-0.001281 -0.469970 0.007869
-0.006967 -0.382406 0.083450
-0.064860 -0.482586 -0.076382
-0.044037 -0.389345 -0.057477
-0.067518 -0.356991 -0.045324
-0.005094 -0.363806 0.033108
0.011395 -0.322736 -0.092535
-0.049509 -0.413687 -0.024657
-0.059227 -0.436325 -0.008322
0.018881 -0.369095 -0.062784
0.000543 -0.443227 0.209891
-0.012461 -0.340111 0.121644
0.023052 -0.408127 0.112129
0.022230 -0.435113 -0.011991
-0.021946 -0.421305 -0.077399
-0.044401 -0.353878 -0.107806
0.024370 -0.409040 -0.164239
-0.035081 -0.383838 -0.112722
-0.008464 -0.313184 0.022649
0.062410 -0.318709 0.035072
-0.016468 -0.343060 -0.046114
-0.009454 -0.396390 -0.006068
0.065232 -0.457951 0.042521
0.046089 -0.393913 0.066941
0.024978 -0.421371 0.029910
0.016720 -0.368068 -0.050094
-0.029254 -0.489655 -0.025805
-0.028121 -0.436822 -0.040436
0.016274 -0.335882 -0.183237
0.012923 -0.466290 -0.090870
-0.035156 -0.359014 -0.015025
-0.030692 -0.454660 -0.049307
0.098732 -0.387457 -0.107932
-0.032551 -0.493998 -0.006522
-0.044977 -0.482092 -0.049149
-0.005353 -0.440813 -0.050214
0.025880 -0.412474 -0.045499
-0.021390 -0.430768 -0.084754
0.006743 -0.401281 0.033775
-0.009758 -0.394817 0.068116
-0.017708 -0.401190 -0.058320
0.013833 -0.412282 -0.008288
-0.019314 -0.413747 -0.055652
0.035674 -0.415075 0.007401
-0.007642 -0.438606 0.045878
-0.011518 -0.445377 -0.009805
-0.010675 -0.374332 -0.100562
-0.020063 -0.427927 0.033385
-0.015918 -0.447252 -0.005860
0.030210 -0.367785 0.010413
-0.010131 -0.385693 0.005831
-0.034323 -0.491494 -0.037755
0.022983 -0.493727 -0.027958
-0.014554 -0.421319 0.206822
0.049060 -0.405136 0.027500
0.000938 -0.345376 -0.147867
-0.002002 -0.391973 0.047139
0.007451 -0.351318 -0.076239
-0.017308 -0.384793 -0.145421
-0.028719 -0.418035 -0.018838
0.074803 -0.425599 0.000567
-0.029569 -0.440215 -0.088301
0.040160 -0.314170 0.085119
-0.034874 -0.375103 0.059196
0.021339 -0.303642 -0.071448
0.043690 -0.439021 -0.052946
-0.038414 -0.439407 -0.084470
-0.007163 -0.337411 -0.013284
0.021553 -0.406692 -0.115573
-0.062238 -0.403531 0.035904
0.014835 -0.459958 -0.011176
-0.027105 -0.456329 0.052303
0.044309 -0.387119 0.075005
-0.002908 -0.408957 -0.013044
-0.063836 -0.369112 -0.204753
-0.008029 -0.359509 -0.081031
-0.027065 -0.436889 -0.030510
0.075269 -0.455376 -0.066848
0.033364 -0.434264 -0.101723
-0.038513 -0.402558 0.004865
-0.038929 -0.399278 0.048573
-0.060521 -0.392137 -0.059814
0.036653 -0.466956 -0.081503
0.016913 -0.395036 -0.045401
-0.039595 -0.408402 0.039775
0.005957 -0.484978 -0.050692
-0.001312 -0.388904 -0.130767
0.059942 -0.411949 -0.016825
-0.084863 -0.463981 0.142015
-0.001170 -0.428638 0.005097
-0.022812 -0.318432 0.001320
-0.009776 -0.358683 -0.054450
0.029256 -0.407240 -0.095392
0.012793 -0.427618 0.016705
-0.029465 -0.423409 0.136962
-0.019371 -0.326121 -0.052822
0.094396 -0.332946 -0.132408
0.013130 -0.438323 -0.011451
0.018383 -0.536964 0.116195
-0.009108 -0.362439 -0.053734
-0.027815 -0.405749 0.016727
-0.055839 -0.415742 -0.123028
0.009448 -0.453963 0.084487
-0.042802 -0.462927 0.039385
0.002068 -0.384770 -0.074479
0.040839 -0.451189 -0.079686
-0.054574 -0.448360 -0.058628
-0.049738 -0.395918 -0.042586
0.024194 -0.358923 -0.132211
0.019079 -0.368591 0.006491
-0.008707 -0.399911 -0.051495
0.052937 -0.438833 0.073256
-0.041242 -0.378687 -0.121522
0.030073 -0.440348 -0.067155
-0.023015 -0.479719 -0.017587
-0.000507 -0.310030 -0.025773
-0.038452 -0.323496 -0.127183
0.041481 -0.447583 0.001165
0.016470 -0.422907 0.003371
-0.028445 -0.518585 0.117073
0.060825 -0.348928 -0.003889
0.036884 -0.361341 -0.039593
-0.015452 -0.462639 0.019468
-0.058794 -0.370692 0.026602
0.043231 -0.461954 0.170844
-0.022014 -0.351839 -0.031407
-0.006120 -0.417928 -0.067630
0.022464 -0.323396 -0.169682
-0.021398 -0.406072 -0.054472
-0.013553 -0.484133 -0.099610
-0.018168 -0.417834 0.043492
0.004459 -0.408036 -0.105247
0.025937 -0.461599 -0.005307
0.014432 -0.400736 -0.041814
0.052448 -0.489876 -0.029354
0.024281 -0.483551 -0.069419
-0.004843 -0.346657 -0.123046
0.021375 -0.478401 0.010972
0.033053 -0.435989 -0.112997
-0.046972 -0.446233 0.014443
0.010663 -0.378882 -0.007325
-0.048940 -0.404155 0.087565
0.028938 -0.431644 -0.051475
0.002436 -0.471441 0.057212
-0.072592 -0.477254 0.113409
0.027692 -0.386751 -0.140177
0.025910 -0.427642 -0.024801
-0.011255 -0.443788 0.015877
-0.026176 -0.439678 0.048075
-0.021260 -0.324955 -0.061235
0.040571 -0.449676 0.033028
-0.009040 -0.394662 -0.005990
0.056682 -0.475370 -0.028904
-0.014429 -0.407677 -0.054061
-0.003738 -0.396168 -0.042269
-0.004616 -0.386081 -0.110722
-0.002760 -0.385060 -0.116290
0.029529 -0.359899 -0.031700
-0.032339 -0.434337 -0.087188
-0.039034 -0.438771 0.026711
-0.008313 -0.420199 -0.071678
-0.022832 -0.345646 -0.081888
-0.009581 -0.423968 0.015873
0.013417 -0.390503 0.047391
-0.006488 -0.362927 -0.160731
0.021613 -0.404420 -0.055997
0.006273 -0.406429 -0.105477
0.006292 -0.436511 -0.053312
-0.009204 -0.393941 -0.025159
0.042381 -0.401850 -0.161659
-0.000283 -0.438932 0.004800
-0.036492 -0.321479 -0.089815
0.006223 -0.414841 0.032463
-0.023209 -0.411651 0.089463
0.007273 -0.425464 0.067787
0.009660 -0.370341 -0.090137
-0.029332 -0.355407 0.020936
0.025860 -0.485096 0.105978
0.018516 -0.379367 -0.093508
-0.050710 -0.498672 -0.068843
0.048262 -0.408213 -0.119517
-0.038685 -0.406087 -0.017047
0.020493 -0.390501 -0.000757
-0.058869 -0.370305 -0.011737
0.018531 -0.357800 -0.033632
-0.042587 -0.329585 -0.105743
0.017360 -0.415206 0.058368
-0.025599 -0.401698 0.059999
0.027473 -0.371949 -0.035230
-0.026085 -0.434388 -0.081391
-0.054261 -0.347231 -0.076099
0.008140 -0.409292 0.055737
-0.041628 -0.380223 -0.021485
0.036010 -0.421784 -0.157127
0.087473 -0.294195 -0.045546
-0.023358 -0.392471 0.058924
-0.025066 -0.413621 -0.107080
-0.050911 -0.408508 -0.005008
0.060030 -0.417812 -0.047802
0.010542 -0.390594 0.005863
-0.026231 -0.414093 0.005437
-0.010182 -0.393860 -0.001276
0.040763 -0.482125 -0.002077
-0.019401 -0.321075 -0.077980
0.018961 -0.352156 -0.140383
0.011496 -0.448481 -0.117526
-0.038730 -0.459144 -0.058713
0.081864 -0.456051 -0.006947
-0.046398 -0.366324 -0.172997
-0.016968 -0.482996 0.086588
-0.013804 -0.427726 0.053266
-0.025737 -0.397375 0.052082
0.067031 -0.424861 -0.037806
0.074669 -0.326907 -0.088288
0.013759 -0.411824 -0.107564
0.023676 -0.508389 0.159812
0.017903 -0.378586 -0.041120
-0.026490 -0.542829 0.050886
-0.029233 -0.392999 0.024087
0.017804 -0.459634 -0.072967
0.001151 -0.401599 -0.050303
-0.044729 -0.332414 -0.023513
0.016807 0.012145 -0.192881
-0.128926 -0.042047 -0.078595
-0.002218 -0.067794 -0.172864
-0.144977 -0.034253 -0.173996
0.006286 -0.116066 -0.116878
-0.087250 0.017838 -0.035305
-0.073193 -0.100839 -0.208592
-0.056609 -0.020342 -0.168201
-0.097335 0.016347 -0.134961
-0.052832 -0.111095 -0.059556
-0.154640 0.030792 -0.042532
0.013973 -0.026905 -0.147357
-0.101298 0.022954 -0.232405
-0.080141 -0.032616 -0.147528
-0.064550 -0.062530 -0.185376
-0.132196 0.001288 -0.112760
0.006597 -0.109283 -0.144539
-0.111608 -0.070299 -0.110356
0.121737 0.022637 -0.098333
-0.085935 -0.040035 -0.298418
-0.051646 -0.096810 -0.188106
0.004597 -0.106155 -0.173448
-0.083697 0.077041 -0.132277
-0.015008 -0.102321 -0.174835
-0.048644 0.028150 -0.134353
0.005055 -0.094093 -0.270557
-0.122995 -0.030875 -0.272182
-0.110990 -0.027167 -0.145511
-0.022375 -0.049653 -0.242904
-0.081209 -0.020708 -0.152354
-0.137986 0.042998 -0.098391
0.016184 -0.032150 -0.123297
-0.162467 -0.056725 -0.139644
-0.015240 -0.016372 -0.288075
-0.120215 -0.003147 -0.159156
-0.129635 -0.030293 -0.156938
-0.026848 -0.060413 -0.144629
0.019051 -0.099627 -0.196450
-0.099782 -0.012448 -0.168572
-0.196142 0.041189 -0.127503
-0.027855 -0.010239 -0.178234
-0.086320 -0.011787 -0.213124
-0.067296 -0.025935 -0.143399
-0.030674 -0.094903 -0.158541
-0.118228 -0.075947 -0.248426
-0.019671 -0.096633 -0.131968
0.081764 -0.046654 -0.201141
-0.108415 -0.049242 -0.244280
-0.073514 -0.031407 -0.195152
-0.053386 -0.065346 -0.235473
-0.039725 -0.012454 -0.194423
-0.134929 -0.112274 -0.052643
-0.039132 -0.096199 -0.208857
-0.136596 0.033171 -0.174417
-0.132738 -0.040105 -0.177084
-0.038328 -0.097449 -0.199395
-0.066448 -0.080797 -0.172938
-0.168052 -0.032931 -0.128164
-0.072428 -0.009991 -0.081956
0.017418 -0.050107 -0.239436
-0.052685 -0.051073 -0.202736
-0.034963 0.032344 -0.084107
0.081788 -0.012694 -0.227539
-0.057947 -0.079555 -0.142985
-0.176225 0.039441 -0.097656
0.054599 -0.035745 -0.298613
0.023818 -0.086903 -0.144762
0.007256 -0.021506 -0.110027
0.005900 -0.008603 -0.076449
-0.070168 0.077668 -0.062728
-0.104463 0.041159 -0.147017
-0.061655 0.068202 -0.190884
-0.003178 -0.056918 -0.202002
-0.061052 -0.042654 -0.348172
-0.048443 0.013611 -0.134421
-0.064197 0.014900 -0.132753
-0.091329 0.047261 -0.186256
-0.113784 -0.078218 -0.088914
-0.020612 -0.044195 -0.162612
-0.153207 -0.045540 -0.223276
0.009620 -0.011355 -0.113848
-0.076142 -0.035956 -0.270024
0.012180 -0.035822 -0.160941
0.038907 -0.040919 -0.168996
0.104413 -0.003743 -0.184127
-0.001048 -0.072959 -0.248769
-0.056967 -0.020506 -0.038822
0.004567 -0.046097 -0.225869
-0.090717 -0.028656 -0.219955
0.035726 -0.016471 -0.131509
-0.016635 -0.028097 -0.216527
-0.284832 -0.015617 -0.136939
-0.037458 0.003064 -0.163688
-0.025848 0.018855 -0.073069
-0.117486 -0.012671 -0.123966
-0.057918 -0.113314 -0.252375
-0.164144 -0.028937 -0.223122
-0.005730 -0.043320 -0.243646
-0.069371 -0.026982 -0.085510
-0.085379 -0.069099 -0.193629
-0.161744 0.018347 -0.106257
-0.006488 -0.044485 -0.251283
-0.099955 -0.025584 -0.184753
-0.021240 -0.035241 -0.208879
-0.059658 -0.063783 -0.194252
0.019019 -0.056356 -0.356929
-0.054089 -0.081581 -0.138800
-0.205496 0.005243 -0.103235
-0.030566 0.029454 -0.179034
-0.099659 -0.114371 -0.197387
-0.038026 -0.045561 -0.207105
-0.054472 -0.049755 -0.107922
-0.029437 -0.055083 -0.126852
-0.069075 -0.006449 -0.245139
-0.104485 -0.009913 -0.235231
-0.147459 -0.014034 -0.200532
0.014129 -0.048464 -0.099644
-0.046493 -0.055699 -0.138055
-0.044957 0.067016 -0.306790
0.039013 -0.070848 -0.265973
-0.020255 -0.118655 -0.247144
-0.150187 0.020710 -0.146742
-0.039313 -0.066647 -0.278150
-0.097106 -0.003871 -0.081171
-0.013448 0.023576 -0.348130
-0.112813 -0.025273 -0.211051
-0.014810 -0.062049 -0.245338
-0.151894 -0.066166 -0.219665
-0.096133 -0.036481 -0.096486
-0.026867 -0.107471 -0.169935
-0.088035 -0.041133 -0.276394
-0.062320 -0.070888 -0.215163
-0.062120 -0.017522 -0.114528
0.039917 -0.079382 -0.056900
-0.084723 0.026768 -0.097006
0.024875 0.004632 -0.164987
-0.077653 0.034289 -0.165853
-0.053675 -0.095141 -0.173750
-0.046118 -0.001152 -0.166403
0.043737 -0.022168 -0.144033
-0.033096 0.006012 -0.107532
-0.108005 -0.041533 -0.178744
-0.095036 0.017966 -0.058143
0.030877 -0.099973 -0.263686
-0.148379 0.012195 -0.230343
-0.101613 -0.001544 -0.141220
-0.118076 -0.017649 -0.191792
0.037447 -0.036578 -0.150440
-0.063851 -0.062986 -0.172570
-0.024065 0.006622 -0.125250
-0.037555 -0.099871 -0.344512
-0.083337 -0.114308 -0.269496
-0.022755 -0.102029 -0.192876
0.007811 -0.138597 -0.295984
-0.132664 -0.042476 -0.152865
-0.067742 -0.011743 -0.040833
-0.093899 -0.019763 -0.095699
0.005048 -0.029183 -0.041022
-0.020118 -0.047126 -0.148250
-0.002995 -0.079642 -0.149677
-0.048334 -0.055319 -0.244584
-0.057767 -0.050573 -0.262947
-0.144594 0.025320 -0.154740
-0.139520 -0.026418 -0.142150
-0.197070 -0.048677 -0.154774
0.028454 -0.029674 -0.134089
-0.035949 -0.053054 -0.144579
-0.152160 0.015391 -0.169528
-0.037874 -0.032444 -0.258291
-0.048853 -0.010875 -0.151057
-0.109493 -0.016293 -0.163069
-0.098432 -0.099960 -0.247808
-0.131388 -0.026255 -0.147102
-0.015656 -0.033929 -0.226381
-0.153612 -0.110332 -0.217148
-0.087324 -0.012765 -0.265344
0.031442 -0.051268 -0.091920
-0.071027 -0.058042 -0.280820
-0.112824 -0.028157 -0.203647
-0.135361 -0.058072 -0.234473
-0.079481 -0.050504 -0.166482
-0.134760 -0.029985 -0.171681
-0.132719 -0.025105 -0.254467
-0.050344 -0.065240 -0.117473
0.000150 0.005543 -0.151424
-0.130372 -0.099559 -0.140248
-0.004479 -0.057726 -0.238470
-0.086384 -0.016175 -0.115066
-0.009580 -0.007069 -0.202334
-0.070173 -0.017320 -0.086408
-0.112829 0.002552 -0.259885
-0.095178 -0.055310 -0.193185
-0.099093 -0.082857 -0.176240
-0.103746 0.101555 -0.176657
0.084607 -0.041311 -0.209188
-0.025799 0.039947 -0.162065
-0.021328 0.049873 -0.184073
-0.122767 0.029687 -0.178102
-0.069299 -0.050578 -0.263358
-0.017989 -0.025660 -0.088746
-0.156654 0.022498 -0.201967
-0.007993 0.014677 -0.096166
-0.026361 -0.024036 -0.216921
0.057458 -0.027235 -0.127383
-0.023227 -0.003976 -0.287356
-0.061609 -0.014728 -0.207354
-0.051622 -0.083930 -0.161703
-0.102329 -0.083567 -0.092907
-0.061487 -0.052469 -0.172281
0.075804 0.010273 -0.291739
-0.049141 -0.052873 -0.104361
-0.137921 -0.045110 -0.073499
-0.033662 0.055728 -0.046911
-0.098247 -0.025046 -0.130589
-0.157664 -0.049838 -0.055540
-0.068833 -0.006990 -0.147460
-0.031900 0.004289 -0.172373
-0.225940 -0.015294 -0.123620
-0.056234 0.032648 -0.324592
-0.008965 -0.081005 -0.033311
-0.055914 -0.006592 -0.234768
-0.095766 -0.031657 -0.206935
-0.085850 -0.032495 -0.287327
-0.144938 0.014679 -0.156466
-0.033455 -0.070823 -0.189105
-0.009387 -0.024072 -0.151014
-0.045338 -0.009579 -0.196056
-0.039289 0.000659 -0.145197
0.003960 -0.069916 -0.112098
-0.083747 -0.075632 -0.146289
-0.013559 -0.157344 -0.017656
-0.105161 -0.112893 -0.272532
-0.013455 0.043564 -0.243372
-0.178214 0.014844 -0.206306
-0.150781 -0.004483 -0.149270
-0.137070 -0.084891 -0.092605
-0.050048 0.025302 -0.181900
0.011243 -0.001982 -0.178200
-0.111926 -0.042543 -0.252212
-0.190744 -0.048336 -0.093599
-0.081028 0.001704 -0.135591
0.005285 -0.045072 -0.152019
-0.079119 0.007038 -0.090677
-0.150163 0.013026 -0.137168
-0.053452 0.017049 -0.279643
-0.179834 -0.026904 -0.081445
-0.085765 -0.022265 -0.186327
0.010728 -0.082694 -0.036368
-0.139499 -0.071903 -0.281912
-0.099410 0.013960 -0.122890
-0.008974 -0.103817 -0.293134
-0.088395 -0.019920 -0.191987
-0.129047 -0.055038 -0.144523
-0.035396 -0.050304 -0.130964
-0.035975 -0.051498 -0.183393
-0.122127 -0.040064 -0.205933
-0.155647 -0.006462 -0.038702
-0.222738 -0.056565 -0.131965
-0.028954 0.007822 -0.245738
-0.084259 0.049654 -0.151198
-0.056258 -0.049074 -0.265659
-0.096113 -0.001871 -0.157960
-0.005883 -0.070480 -0.215818
-0.119680 -0.018603 -0.200013
-0.175674 -0.038325 -0.162718
-0.059423 -0.013134 -0.267492
0.048880 -0.065994 -0.323001
-0.135540 -0.007768 -0.031545
-0.101901 -0.047250 -0.237907
0.051699 -0.061507 -0.121482
0.010022 -0.005469 -0.220799
-0.077689 -0.011758 -0.182887
-0.090797 -0.060693 -0.268564
-0.133454 0.040488 -0.137935
0.008692 0.021852 -0.103776
-0.090212 0.020079 -0.200101
-0.114752 0.017405 -0.203965
-0.127438 -0.102269 -0.266173
-0.043843 -0.003999 -0.297622
-0.087511 -0.081832 -0.081296
0.013470 -0.041091 -0.166727
0.066419 -0.008787 -0.213069
-0.072770 -0.125643 -0.127435
-0.033074 0.012033 -0.109961
-0.076683 0.016494 -0.125158
-0.022530 0.054484 -0.192646
-0.025658 -0.032630 -0.220923
-0.057121 -0.002627 -0.261991
-0.196931 0.027540 -0.090894
0.043188 -0.058730 -0.371005
0.040905 -0.107031 -0.173794
-0.026928 -0.085691 -0.178394
-0.092993 -0.038949 -0.101413
-0.052477 -0.038985 -0.262136
-0.041291 -0.041209 -0.243256
-0.016607 -0.016507 -0.177966
-0.052875 0.012142 -0.178045
-0.100711 -0.005642 -0.200463
-0.251322 -0.028990 -0.140319
-0.105861 -0.053146 -0.146592
-0.085902 -0.031336 -0.146576
-0.190986 -0.100258 -0.065778
-0.018678 -0.001782 -0.117364
-0.109127 -0.018464 -0.016352
-0.148524 -0.075642 -0.108807
-0.007296 -0.008409 -0.099284
-0.019708 0.076804 -0.212134
0.017082 0.021051 -0.252102
-0.025392 -0.010237 -0.219921
0.008763 -0.010292 -0.071071
-0.165703 -0.078785 -0.152504
0.283815 -0.033998 -0.154939
0.179412 0.004316 -0.110637
0.047907 -0.053942 -0.089498
0.160445 0.021613 -0.106307
0.117032 -0.035820 -0.188879
0.288486 0.011270 -0.142100
0.185201 -0.022437 -0.204600
0.178911 -0.111267 -0.189067
0.235738 0.048329 -0.174138
0.118634 0.020924 -0.105609
0.168171 -0.135201 -0.100372
0.179409 -0.012009 -0.181154
0.227580 -0.101779 -0.183249
0.151881 0.048117 -0.182269
0.174889 0.054725 -0.105086
0.140421 -0.028431 -0.151723
0.127697 -0.014110 -0.131267
0.187608 0.047015 -0.134673
0.205435 -0.123805 -0.175813
0.275132 -0.018772 -0.147949
0.160046 0.056682 -0.154863
0.273188 -0.139574 -0.179881
0.162395 0.026953 -0.187476
0.274277 -0.035491 -0.157992
0.177741 -0.073190 -0.105887
0.300451 -0.007709 -0.080132
0.159607 -0.112684 -0.149976
0.092113 -0.026063 -0.130474
0.229359 -0.041802 -0.097358
0.067029 0.012201 -0.166321
0.135153 0.103893 -0.161397
0.262186 0.071602 -0.086741
0.155274 0.009972 -0.224142
0.171747 0.002850 -0.103445
0.144066 -0.056043 -0.161609
0.244733 -0.094301 -0.136383
0.034425 0.012645 -0.120152
0.134092 0.013822 -0.140210
0.168024 0.006020 -0.094612
0.172356 0.053907 -0.090687
0.165594 -0.051988 -0.114673
0.118459 -0.060891 -0.142236
0.185070 0.052005 -0.065307
0.201851 -0.034157 -0.155420
0.153705 0.034011 -0.135228
0.097276 -0.020770 -0.199718
0.240279 -0.140218 -0.134588
0.279585 -0.030226 -0.115301
0.123700 -0.026410 -0.175424
0.277645 0.042833 -0.134194
0.161300 0.004639 -0.291115
0.171680 0.002638 -0.204215
0.157661 -0.025716 -0.194898
0.142814 0.000872 -0.171173
0.115888 -0.121897 -0.202799
0.131504 -0.012978 -0.181600
0.153651 -0.123119 -0.201781
0.125200 -0.019753 -0.077067
0.170939 -0.000022 -0.106202
0.230898 -0.109969 -0.088288
0.190069 -0.033863 -0.162915
0.199842 -0.110110 -0.186430
0.209198 -0.000322 -0.134190
0.160796 -0.086991 -0.149843
0.187844 -0.002820 -0.146684
0.090452 -0.061983 -0.140039
0.306511 0.008973 -0.113297
0.200564 0.102812 -0.077437
0.127181 -0.044929 -0.125822
0.185897 -0.123685 -0.207542
0.159220 -0.087072 -0.137320
0.223293 -0.103572 -0.129981
0.144283 -0.022029 -0.216711
0.102279 -0.066641 -0.215308
0.306524 -0.146263 -0.177937
0.327211 -0.017704 -0.185081
0.190631 -0.032672 -0.114514
0.116816 0.024677 -0.152323
0.232146 0.099159 -0.027297
0.175932 -0.049800 -0.097235
0.061513 -0.045252 -0.295835
-0.018517 0.036265 -0.153706
0.251800 -0.061942 -0.151708
0.139712 -0.054591 -0.180290
0.220325 -0.120658 -0.375066
0.129936 0.026882 -0.152084
0.286234 -0.128728 -0.123446
0.335743 -0.000925 -0.120924
0.189596 -0.120651 -0.223714
0.022869 0.017838 -0.145479
0.156289 -0.045396 -0.169398
0.186093 -0.018514 -0.169396
0.210595 -0.010592 -0.190370
0.172059 0.015220 -0.153924
0.267307 -0.108023 -0.177753
0.234167 0.015398 -0.056590
0.119012 -0.055136 -0.104851
0.186100 -0.065562 -0.206119
0.079950 0.029023 -0.124008
0.208956 0.046203 -0.137118
0.126362 -0.052295 -0.078319
0.169838 -0.076500 -0.119866
0.202035 0.044291 -0.106395
0.132257 -0.100521 -0.145184
0.260977 0.004159 -0.108594
0.127943 -0.068129 -0.167513
0.242904 -0.080647 -0.169866
0.232539 -0.039125 -0.213975
0.194918 0.103372 -0.140691
0.091866 -0.062092 -0.149219
0.136199 0.028667 -0.136474
0.111539 0.030894 -0.113383
0.257437 -0.013129 -0.144618
0.057861 -0.063115 -0.183211
0.310511 -0.076542 -0.142782
0.194736 -0.054375 -0.162562
0.249088 0.041934 -0.098087
0.115824 0.048519 -0.184839
0.099237 -0.062292 -0.115569
0.228361 0.003270 -0.097150
0.199205 -0.025139 -0.141177
0.096289 0.018747 -0.150783
0.181241 0.012178 -0.038010
0.200053 0.021959 -0.198429
0.201383 -0.106692 -0.237486
0.187230 -0.020744 -0.093567
0.095699 -0.023218 -0.130197
0.168747 -0.041415 -0.278149
0.396550 0.055588 -0.165832
0.073978 0.022519 -0.180741
0.259023 -0.028494 -0.147496
0.090878 0.047192 -0.136449
0.146467 -0.007352 -0.119143
0.166292 -0.007640 -0.188684
0.199125 -0.032677 -0.092582
0.072812 0.012723 -0.110708
0.342317 -0.015194 -0.150194
0.153922 0.063425 -0.159293
0.303905 -0.031991 -0.243003
0.262129 -0.147847 -0.131350
0.211395 0.068075 -0.132601
0.183432 -0.041753 -0.160695
0.174310 -0.034586 -0.181863
0.119464 -0.019103 -0.145844
0.220451 -0.083363 -0.178035
0.132421 -0.028796 -0.144012
0.158731 -0.089525 -0.205037
0.040007 0.051361 -0.075154
0.242198 -0.073962 -0.052972
0.124779 -0.007334 -0.100386
0.059821 0.038313 -0.254395
0.214567 0.018236 -0.126204
0.121253 -0.075874 -0.160297
0.262445 0.002306 -0.190761
0.130891 -0.043622 -0.125883
0.237228 -0.021603 -0.051894
0.269028 -0.057425 -0.136911
0.086212 -0.037263 -0.244120
0.175027 -0.040082 -0.177832
0.252905 -0.048079 -0.168070
0.126565 0.030466 -0.175634
0.183957 0.064468 -0.224925
0.280052 -0.036589 -0.229997
0.097842 0.049634 -0.133778
0.156743 -0.030978 -0.110483
0.169733 -0.035486 -0.136288
0.216807 -0.051244 -0.106610
0.062191 -0.084662 -0.099176
0.176984 -0.034984 -0.109842
0.220114 0.008729 -0.143573
0.145476 -0.023110 -0.058443
0.201062 -0.051175 -0.161543
0.287197 0.027900 -0.182436
0.297481 -0.052723 -0.121726
0.167805 0.023887 -0.172932
0.260112 0.011064 -0.080085
0.265061 0.012124 -0.151955
0.194724 -0.026007 -0.155106
0.189066 -0.043570 -0.086291
0.103860 -0.117667 -0.182883
0.143543 -0.042904 -0.164194
0.112483 0.010582 -0.178665
0.138481 -0.097165 -0.205025
0.142242 0.056988 -0.096677
0.166620 0.076996 -0.096878
0.125732 -0.048245 -0.053427
0.261454 -0.004810 -0.148202
0.119643 0.028022 -0.147340
0.086476 0.096170 -0.159016
0.259433 0.029999 -0.156812
0.116977 -0.063724 -0.128711
0.152201 0.017142 -0.120306
0.113029 -0.000239 -0.182470
0.166281 -0.062130 -0.169317
0.203647 -0.029078 -0.138438
0.272023 -0.014929 -0.131337
0.106553 -0.045128 -0.108433
0.183666 -0.030933 -0.127570
0.179590 -0.085181 -0.207051
0.335386 -0.012825 -0.192340
0.119915 0.022709 -0.013732
0.063033 0.067596 -0.088039
0.073762 -0.090664 -0.175375
0.276774 -0.057970 -0.224300
0.273615 -0.072684 -0.135961
0.174558 0.024627 -0.117842
0.241324 0.002762 -0.075194
0.217248 -0.118155 -0.238257
0.194028 0.017525 -0.139082
0.039394 0.029550 -0.219038
0.161040 -0.091247 -0.158103
0.043934 -0.142953 -0.190939
0.270013 -0.074273 -0.206291
0.311763 -0.061973 -0.176529
0.028428 0.029616 -0.162593
0.195437 -0.075478 -0.182950
0.232108 -0.028272 -0.213095
0.144801 -0.104309 -0.201627
0.170454 -0.187867 -0.216049
0.063698 0.010824 -0.211087
0.098137 -0.016568 -0.160965
0.269911 -0.006531 -0.178181
0.111960 -0.015387 -0.128450
0.322221 -0.005486 -0.110234
0.155103 -0.018465 -0.125520
0.303776 -0.055736 -0.063212
0.152118 -0.048473 -0.230912
0.266160 -0.025294 -0.058435
0.154638 0.015088 -0.078489
0.198569 -0.028563 -0.181905
0.120512 -0.070966 -0.115148
0.279168 -0.015999 -0.138135
0.147912 0.077186 -0.070080
0.102822 0.091288 -0.048386
0.113031 -0.018457 -0.160988
0.247179 0.050917 -0.084653
0.103702 0.004259 -0.009556
0.204347 0.004452 -0.087894
0.178171 -0.030921 -0.124094
0.244576 -0.026413 -0.087499
0.152727 0.101374 -0.037630
0.205552 -0.066911 -0.111052
0.078613 -0.036749 -0.123692
